id,doc_id,seq,action,date,number_type,number,raw
1,2,1,제정,2003-10-16,규정,1165,제정 2003.10.16. 규정 제1165호
2,2,2,개정,2004-12-28,규정,1223,개정 2004.12.28. 규정 제1223호
3,2,3,개정,2006-05-03,규정,1302,개정 2006. 5. 3. 규정 제1302호
4,2,4,개정,2008-02-29,규정,1449,개정 2008. 2.29. 규정 제1449호
5,2,5,개정,2009-08-31,규정,1558,개정 2009. 8.31. 규정 제1558호
6,2,6,개정,2011-01-28,규정,1681,개정 2011. 1.28. 규정 제1681호
7,2,7,개정,2011-09-19,규정,1,개정 2011. 9.19. 규정 제0001호
8,2,8,개정,2012-02-15,규정,2,개정 2012. 2.15. 규정 제0002호
9,2,9,개정,2012-04-26,규정,4,개정 2012. 4.26. 규정 제0004호
10,2,10,전문개정,2013-03-27,규정,7,전문개정 2013. 3.27. 규정 제0007호
11,2,11,개정,2013-12-20,규정,10,개정 2013.12.20. 규정 제0010호
12,2,12,개정,2015-12-23,규정,15,개정 2015.12.23. 규정 제0015호
13,2,13,개정,2017-02-29,규정,17,개정 2017.02.29. 규정 제0017호
14,2,14,개정,2017-10-01,규정,19,개정 2017.10.01. 규정 제0019호
15,2,15,개정,2018-02-12,규정,21,개정 2018.02.12. 규정 제0021호
16,2,16,개정,2019-03-04,규정,25,개정 2019.03.04. 규정 제0025호
17,2,17,개정,2020-02-21,규정,30,개정 2020. 2. 21. 규정 제0030호
18,2,18,개정,2021-01-01,규정,37,개정 2021. 1. 1. 규정 제0037호
19,2,19,개정,2022-01-01,규정,44,개정 2022. 1. 1. 규정 제0044호
20,2,20,개정,2023-08-22,규정,50,개정 2023. 8. 22. 규정 제0050호
21,2,21,개정,2023-10-01,규정,54,개정 2023. 10. 1. 규정 제0054호
22,2,22,개정,2025-01-01,규정,61,개정 2025. 1. 1. 규정 제0061호
23,2,23,개정,2025-12-10,규정,73,개정 2025. 12. 10. 규정 제0073호
24,3,1,제정,2019-10-13,규정,2322,제정 2019.10.13. 규정 제2322호
25,3,2,개정,2022-04-29,규정,2511,개정 2022. 4.29. 규정 제2511호
26,3,3,개정,2022-11-28,규정,2546,개정 2022.11.28. 규정 제2546호
27,3,4,개정,2023-10-27,규정,2628,개정 2023.10.27. 규정 제2628호
28,4,1,제정,2019-10-16,예규,755,제정 2019.10.16. 예규 제755호
29,4,2,개정,2022-05-12,예규,901,개정 2022. 5.12. 예규 제901호
30,4,3,개정,2022-11-28,예규,931,개정 2022.11.28. 예규 제931호
31,4,4,개정,2023-04-04,예규,941,개정 2023. 4. 4. 예규 제941호
32,4,5,개정,2024-05-14,예규,1004,개정 2024. 5. 14. 예규 제1004호
33,5,1,제정,2002-10-22,예규,279,제정 2002. 10. 22. 예규 제279호
34,5,2,개정,2007-02-05,예규,353,개정 2007. 2. 5. 예규 제353호
35,5,3,개정,2021-04-28,예규,844,개정 2021. 4. 28. 예규 제844호
36,5,4,개정,2025-10-10,예규,1104,개정 2025. 10. 10. 예규 제1104호
37,6,1,제정,2005-03-31,예규,319,제정 2005. 3. 31. 예규 제319호
38,6,2,개정,2006-03-13,예규,329,개정 2006. 3. 13. 예규 제329호
39,6,3,개정,2018-01-24,예규,672,개정 2018. 1. 24. 예규 제672호
40,6,4,개정,2021-07-22,예규,859,개정 2021. 7. 22. 예규 제859호
41,7,1,제정,1988-11-10,규정,541,제정 1988. 11. 10 규정 제 541호
42,7,2,개정,1993-10-20,규정,657,개정 1993. 10. 20 규정 제 657호
43,7,3,개정,1994-12-27,규정,736,개정 1994. 12. 27 규정 제 736호
44,7,4,개정,1997-11-12,규정,893,개정 1997. 11. 12 규정 제 893호
45,7,5,개정,2002-04-04,규정,1059,개정 2002. 4. 4 규정 제1059호
46,7,6,개정,2010-09-20,규정,1644,개정 2010. 9. 20 규정 제1644호
47,7,7,개정,2015-05-28,규정,1977,개정 2015. 5. 28. 규정 제1977호
48,7,8,개정,2016-12-26,규정,2092,개정 2016. 12. 26. 규정 제2092호
49,7,9,개정,2019-12-27,규정,2329,개정 2019. 12. 27. 규정 제2329호
50,8,1,제정,2003-06-13,규정,1131,제정 2003. 6.13. 규정 제1131호
51,8,2,개정,2006-12-15,규정,1326,개정 2006.12.15. 규정 제1326호
52,8,3,개정,2008-05-01,규정,1468,개정 2008. 5. 1. 규정 제1468호
53,8,4,개정,2009-11-23,규정,1563,개정 2009.11.23. 규정 제1563호
54,8,5,개정,2012-11-28,규정,1806,개정 2012.11.28. 규정 제1806호
55,8,6,개정,2016-12-26,규정,2090,개정 2016.12.26. 규정 제2090호
56,8,7,개정,2021-04-23,규정,2427,개정 2021. 4.23. 규정 제2427호
57,9,1,제정,2021-05-17,예규,846,제정 2021. 5. 17. 예규 제846호
58,10,1,제정,2007-01-25,예규,350,제정 2007. 1.25. 예규 제350호
59,10,2,개정,2010-09-14,예규,436,개정 2010. 9.14. 예규 제436호
60,10,3,개정,2012-08-02,예규,495,개정 2012. 8. 2. 예규 제495호
61,10,4,개정,2016-12-29,예규,625,개정 2016.12.29. 예규 제625호
62,10,5,개정,2023-08-04,예규,962,개정 2023. 8. 4. 예규 제962호
63,11,1,제정,2020-02-28,예규,769,제정 2020. 2. 28. 예규 제769호
64,12,1,제정,2024-09-27,규정,2710,제정 2024. 9. 27. 규정 제2710호
65,13,1,제정,2010-12-30,예규,449,제정 2010. 12. 30. 예규 제449호
66,13,2,개정,2012-11-12,예규,507,개정 2012. 11. 12. 예규 제507호
67,13,3,개정,2013-06-04,예규,522,개정 2013. 6. 4. 예규 제522호
68,13,4,개정,2014-01-03,예규,538,개정 2014. 1. 3. 예규 제538호
69,13,5,개정,2016-01-18,예규,589,개정 2016. 1. 18. 예규 제589호
70,13,6,개정,2016-12-26,예규,624,개정 2016. 12. 26. 예규 제624호
71,13,7,개정,2021-02-10,예규,819,개정 2021. 2. 10. 예규 제819호
72,13,8,개정,2022-01-28,예규,889,개정 2022. 1. 28. 예규 제889호
73,13,9,개정,2024-12-31,예규,1042,개정 2024. 12. 31. 예규 제1042호
74,13,10,개정,2025-07-14,예규,1084,개정 2025. 7. 14. 예규 제1084호
75,14,1,제정,2023-08-31,예규,965,제정 2023. 8. 31. 예규 제965호
76,15,1,제정,2023-09-22,규정,2619,제정 2023. 9. 22. 규정 제2619호
77,16,1,제정,1999-09-02,예규,223,제정 1999. 9. 2. 예규 제223호
78,16,2,개정,2000-05-12,예규,233,개정 2000. 5.12. 예규 제233호
79,16,3,개정,2003-05-12,예규,285,개정 2003. 5.12. 예규 제285호
80,16,4,개정,2008-04-30,예규,391,개정 2008. 4.30. 예규 제391호
81,16,5,개정,2013-08-30,예규,527,개정 2013. 8.30. 예규 제527호
82,16,6,개정,2014-11-03,예규,559,개정 2014. 11.3. 예규 제559호
83,16,7,개정,2016-03-22,예규,593,개정 2016. 3.22. 예규 제593호
84,16,8,개정,2018-04-09,예규,687,개정 2018. 4. 9. 예규 제687호
85,16,9,개정,2018-10-08,예규,708,개정 2018. 10.8. 예규 제708호
86,16,10,개정,2019-07-16,예규,741,개정 2019. 7.16. 예규 제741호
87,16,11,개정,2023-05-19,예규,949,개정 2023. 5.19. 예규 제949호
88,17,1,제정,2023-05-01,규정,2577,제정 2023. 5. 1. 규정 제2577호
89,18,1,제정,2023-05-01,규정,2577,제정 2023. 5. 1. 규정 제2577호
90,19,1,제정,2023-09-08,예규,967,제정 2023. 9. 8. 예규 제967호
91,20,1,제정,2009-09-02,예규,413,제정 2009. 9. 2. 예규 제413호
92,20,2,개정,2022-08-17,예규,920,개정 2022. 8.17. 예규 제920호
93,21,1,제정,2005-07-20,예규,322,제정 2005. 7. 20. 예규 제322호
94,21,2,개정,2015-08-24,예규,579,개정 2015. 8. 24. 예규 제579호
95,21,3,개정,2019-02-21,예규,718,개정 2019. 2. 21. 예규 제718호
96,22,1,제정,2008-04-30,예규,390,제정 2008. 4. 30. 예규 제390호
97,22,2,개정,2010-09-14,예규,434,개정 2010. 9. 14. 예규 제434호
98,22,3,개정,2016-12-29,예규,626,개정 2016. 12. 29. 예규 제626호
99,22,4,개정,2019-01-07,예규,711,개정 2019. 1. 7. 예규 제711호
100,22,5,개정,2022-04-25,예규,898,개정 2022. 4. 25. 예규 제898호
101,23,1,제정,2019-03-13,예규,725,제정 2019. 3.13. 예규 제725호
102,23,2,개정,2022-04-01,예규,893,개정 2022. 4. 1. 예규 제893호
103,24,1,제정,1997-06-12,규정,873,제정 1997. 6.12. 규정 제 873호
104,24,2,개정,2004-09-24,규정,1203,개정 2004. 9.24. 규정 제1203호
105,24,3,개정,2008-02-29,규정,1420,개정 2008. 2.29. 규정 제1420호
106,24,4,개정,2009-02-27,규정,1518,개정 2009. 2.27. 규정 제1518호
107,24,5,개정,2016-12-26,규정,2083,개정 2016.12.26. 규정 제2083호
108,24,6,개정,2020-12-24,규정,2388,개정 2020.12.24. 규정 제2388호
109,25,1,제정,2020-05-14,예규,783,제정 2020. 5.14. 예규 제783호
110,25,2,개정,2021-02-10,예규,822,개정 2021. 2.10. 예규 제822호
111,25,3,개정,2021-12-27,예규,875,개정 2021.12.27. 예규 제875호
112,26,1,제정,2024-06-27,예규,1011,제정 2024. 6.27. 예규 제1011호
113,26,2,개정,2024-09-03,예규,1021,개정 2024. 9. 3. 예규 제1021호
114,27,1,제정,2020-05-14,예규,787,제정 2020. 5.14. 예규 제787호
115,27,2,개정,2021-05-31,예규,852,개정 2021. 5.31. 예규 제852호
116,27,3,개정,2023-12-04,예규,977,개정 2023.12. 4. 예규 제977호
117,28,1,제정,2009-09-14,예규,415,제정 2009. 9. 14. 예규 제415호
118,28,2,개정,2020-04-14,예규,774,개정 2020. 4. 14. 예규 제774호
119,29,1,제정,2016-08-26,예규,610,제정 2016. 8.26. 예규 제610호
120,29,2,개정,2018-05-01,예규,691,개정 2018. 5. 1. 예규 제691호
121,29,3,개정,2024-02-20,예규,988,개정 2024. 2.20. 예규 제988호
122,30,1,제정,2025-08-18,예규,1089,제정 2025. 8. 18. 예규 제1089호
123,31,1,제정,2021-08-30,예규,867,제정 2021. 8.30. 예규 제867호
124,31,2,개정,2021-12-30,예규,882,개정 2021.12.30. 예규 제882호
125,31,3,개정,2023-04-04,예규,942,개정 2023. 4. 4. 예규 제942호
126,31,4,개정,2025-09-18,예규,1096,개정 2025. 9. 18. 예규 제1096호
127,32,1,제정,2012-10-24,예규,502,제정 2012.10.24. 예규 제502호
128,32,2,개정,2016-04-29,예규,598,개정 2016. 4.29. 예규 제598호
129,32,3,개정,2017-03-07,예규,642,개정 2017. 3. 7. 예규 제642호
130,32,4,개정,2018-07-02,예규,698,개정 2018. 7. 2. 예규 제698호
131,32,5,개정,2020-04-14,예규,778,개정 2020. 4.14. 예규 제778호
132,32,6,개정,2020-09-17,예규,805,개정 2020. 9.17. 예규 제805호
133,32,7,개정,2021-02-10,예규,825,개정 2021. 2.10. 예규 제825호
134,32,8,개정,2022-08-17,예규,921,개정 2022. 8.17. 예규 제921호
135,32,9,개정,2024-02-20,예규,990,개정 2024. 2.20. 예규 제990호
136,32,10,개정,2025-03-24,예규,1064,개정 2025. 3.24. 예규 제1064호
137,33,1,제정,2018-02-23,규정,2215,제정 2018. 2.23. 규정 제2215호
138,33,2,개정,2024-02-26,규정,2656,개정 2024. 2.26. 규정 제2656호
139,34,1,제정,2012-02-10,예규,472,제정 2012. 2.10. 예규 제472호
140,34,2,개정,2012-02-27,예규,477,개정 2012. 2.27. 예규 제477호
141,34,3,개정,2012-07-06,예규,493,개정 2012. 7. 6. 예규 제493호
142,34,4,개정,2012-08-29,예규,498,개정 2012. 8.29. 예규 제498호
143,34,5,개정,2013-01-07,예규,512,개정 2013. 1. 7. 예규 제512호
144,34,6,개정,2017-11-22,예규,666,개정 2017.11.22. 예규 제666호
145,34,7,개정,2024-07-03,예규,1012,개정 2024. 7. 3. 예규 제1012호
146,35,1,제정,1996-11-04,예규,193,제정 1996.11. 4. 예규 제193호
147,35,2,개정,1997-04-11,예규,199,개정 1997. 4.11. 예규 제199호
148,35,3,개정,2009-12-02,예규,421,개정 2009.12. 2. 예규 제421호
149,35,4,개정,2014-09-15,예규,556,개정 2014. 9.15. 예규 제556호
150,35,5,개정,2019-04-01,예규,726,개정 2019. 4. 1. 예규 제726호
151,35,6,개정,2021-02-10,예규,818,개정 2021. 2.10. 예규 제818호
152,35,7,개정,2022-10-07,예규,928,개정 2022.10. 7. 예규 제928호
153,35,8,개정,2024-01-29,예규,987,개정 2024. 1.29. 예규 제987호
154,35,9,개정,2024-06-14,예규,1008,개정 2024. 6.14. 예규 제1008호
155,35,10,개정,2025-07-11,예규,1083,개정 2025. 7. 11. 예규 제1083호
156,36,1,제정,2022-05-30,예규,903,제정 2022. 5. 30. 예규 제903호
157,37,1,제정,2011-10-28,예규,461,제정 2011.10.28. 예규 제461호
158,37,2,개정,2016-12-29,예규,627,개정 2016.12.29. 예규 제627호
159,37,3,개정,2017-01-13,예규,632,개정 2017. 1.13. 예규 제632호
160,37,4,개정,2018-04-20,예규,688,개정 2018. 4.20. 예규 제688호
161,37,5,개정,2024-06-14,예규,1007,개정 2024. 6.14. 예규 제1007호
162,38,1,제정,2023-10-27,규정,2637,제정 2023. 10. 27. 규정 제2637호
163,39,1,제정,2019-05-21,규정,2306,제정 2019. 5.21. 규정 제2306호
164,39,2,개정,2021-12-29,규정,2495,개정 2021.12.29. 규정 제2495호
165,40,1,제정,2022-12-19,규정,2561,제정 2022. 12. 19. 규정 제2561호
166,41,1,제정,2016-11-28,규정,2072,제정 2016.11.28. 규정 제2072호
167,41,2,개정,2019-04-04,규정,2282,개정 2019. 4. 4. 규정 제2282호
168,41,3,개정,2020-07-14,규정,2367,개정 2020. 7.14. 규정 제2367호
169,41,4,개정,2024-02-26,규정,2665,개정 2024. 2.26. 규정 제2665호
170,42,1,제정,2000-06-15,규정,998,제정 2000. 6. 15 규정 제 998호
171,42,2,개정,2003-06-13,규정,1145,개정 2003. 6. 13 규정 제1145호
172,42,3,개정,2005-03-30,규정,1241,개정 2005. 3. 30 규정 제1241호
173,42,4,개정,2006-08-07,규정,1309,개정 2006. 8. 7 규정 제1309호
174,42,5,개정,2009-06-29,규정,1544,개정 2009. 6. 29 규정 제1544호
175,42,6,개정,2016-11-03,규정,2062,개정 2016. 11. 3. 규정 제2062호
176,42,7,개정,2024-08-28,규정,2706,개정 2024. 8. 28. 규정 제2706호
177,43,1,제정,2020-05-14,예규,789,제정 2020. 5. 14. 예규 제789호
178,44,1,제정,1981-06-24,규정,256,제정 1981. 6. 24 규정 제 256호
179,44,2,개정,1982-04-13,규정,292,개정 1982. 4. 13 규정 제 292호
180,44,3,개정,1985-03-05,규정,407,개정 1985. 3. 5 규정 제 407호
181,44,4,개정,1992-09-01,규정,618,개정 1992. 9. 1 규정 제 618호
182,44,5,개정,1993-04-06,규정,638,개정 1993. 4. 6 규정 제 638호
183,44,6,개정,2003-06-13,규정,1143,개정 2003. 6. 13 규정 제1143호
184,44,7,개정,2004-06-15,규정,1184,개정 2004. 6 15. 규정 제1184호
185,44,8,개정,2016-12-26,규정,2130,개정 2016.12.26. 규정 제2130호
186,44,9,개정,2018-05-28,규정,2223,개정 2018. 5.28. 규정 제2223호
187,44,10,개정,2021-10-06,규정,2461,개정 2021.10. 6. 규정 제2461호
188,45,1,제정,2019-05-21,규정,2305,제정 2019. 5. 21. 규정 제2305호
189,46,1,제정,2023-10-27,규정,2632,"제정 2023. 10. 27, 규정 제2632호"
190,46,2,개정,2024-08-28,규정,2707,"개정 2024. 8. 28, 규정 제2707호"
191,47,1,제정,2012-04-26,규정,1782,제정 2012. 4.26. 규정 제1782호
192,47,2,개정,2013-02-28,규정,1836,개정 2013. 2.28. 규정 제1836호
193,47,3,개정,2014-03-14,규정,1895,개정 2014. 3.14. 규정 제1895호
194,47,4,개정,2016-12-26,규정,2115,개정 2016.12.26. 규정 제2115호
195,47,5,개정,2022-06-24,규정,2533,개정 2022. 6.24. 규정 제2533호
196,48,1,제정,2020-05-14,예규,790,제정 2020. 5. 14. 예규 제790호
197,49,1,제정,2021-04-23,규정,2437,제정 2021. 4. 23. 규정 제2437호
198,50,1,제정,2023-10-27,규정,2638,제정 2023. 10. 27. 규정 제2638호
199,51,1,제정,2024-06-27,규정,2686,제정 2024. 6. 27. 규정 제2686호
200,51,2,개정,2024-08-28,규정,2708,개정 2024. 8. 28. 규정 제2708호
201,52,1,제정,2022-12-19,규정,2563,제정 2022. 12. 19. 규정 제2563호
202,53,1,제정,1996-09-24,규정,837,제정 1996. 9. 24. 규정 제 837호
203,53,2,전부개정,2012-11-28,규정,1814,전부개정 2012. 11. 28. 규정 제1814호
204,53,3,개정,2013-10-31,규정,1882,개정 2013. 10. 31. 규정 제1882호
205,53,4,개정,2015-11-30,규정,2001,개정 2015. 11. 30. 규정 제2001호
206,53,5,개정,2016-12-26,규정,2121,개정 2016. 12. 26. 규정 제2121호
207,53,6,개정,2021-10-06,규정,2463,개정 2021. 10. 6. 규정 제2463호
208,54,1,제정,2012-11-28,규정,1812,제정 2012.11.28. 규정 제1812호
209,54,2,개정,2016-12-26,규정,2126,개정 2016.12.26. 규정 제2126호
210,54,3,개정,2021-12-29,규정,2497,개정 2021.12.29. 규정 제2497호
211,55,1,제정,2016-11-28,규정,2069,제정 2016.11.28. 규정 제2069호
212,55,2,개정,2017-12-18,규정,2185,개정 2017.12.18. 규정 제2185호
213,55,3,개정,2018-11-26,규정,2257,개정 2018.11.26. 규정 제2257호
214,55,4,개정,2020-12-24,규정,2390,개정 2020.12.24. 규정 제2390호
215,55,5,개정,2022-06-24,규정,2536,개정 2022. 6.24. 규정 제2536호
216,55,6,개정,2023-10-27,규정,2640,개정 2023.10.27. 규정 제2640호
217,56,1,제정,2024-05-20,규정,2678,제정 2024. 5. 20. 규정 제2678호
218,57,1,제정,2023-12-07,예규,979,제정 2023.12. 7. 예규 제979호
219,57,2,전부개정,2024-09-03,예규,1022,전부개정 2024. 9. 3. 예규 제1022호
220,58,1,제정,2023-01-30,예규,935,제정 2023. 1. 30. 예규935호
221,59,1,제정,1999-10-27,예규,226,제정 1999. 10. 27 예규 제226호
222,59,2,개정,2007-02-05,예규,354,개정 2007. 2. 5 예규 제354호
223,59,3,개정,2021-10-20,예규,872,개정 2021. 10. 20. 예규 제872호
224,60,1,제정,2023-09-22,규정,2620,제정 2023. 9. 22. 규정 제2620호
225,61,1,제정,2011-02-28,규정,1692,제정 2011. 2.28. 규정 제1692호
226,61,2,전부개정,2011-11-14,규정,1738,전부개정 2011.11.14. 규정 제1738호
227,61,3,전부개정,2022-11-28,규정,2547,전부개정 2022.11.28. 규정 제2547호
228,62,1,제정,2021-02-26,예규,832,제정 2021. 2. 26. 예규 제832호
229,62,2,개정,2025-09-29,예규,1102,개정 2025. 9. 29. 예규 제1102호
230,63,1,제정,2001-03-24,규정,1024,제정 2001. 3.24 규정 제1024호
231,63,2,개정,2002-08-08,규정,1086,개정 2002. 8. 8 규정 제1086호
232,63,3,개정,2005-02-16,규정,1231,개정 2005. 2.16 규정 제1231호
233,63,4,개정,2005-11-09,규정,1270,개정 2005.11. 9 규정 제1270호
234,63,5,개정,2009-04-21,규정,1531,개정 2009. 4.21 규정 제1531호
235,63,6,개정,2011-05-09,규정,1699,개정 2011. 5. 9. 규정 제1699호
236,63,7,개정,2011-12-16,규정,1746,개정 2011.12. 16. 규정 제1746호
237,63,8,개정,2014-06-09,규정,1910,개정 2014. 6. 9. 규정 제1910호
238,63,9,개정,2016-11-03,규정,2057,개정 2016.11. 3. 규정 제2057호
239,63,10,개정,2018-02-07,규정,2195,개정 2018. 2. 7. 규정 제2195호
240,63,11,개정,2021-08-02,규정,2442,개정 2021. 8. 2. 규정 제2442호
241,64,1,제정,2008-02-29,규정,1426,제정 2008. 2.29. 규정 제1426호
242,64,2,개정,2010-05-25,규정,1629,개정 2010. 5.25. 규정 제1629호
243,64,3,개정,2024-08-28,규정,2698,개정 2024. 8.28. 규정 제2698호
244,65,1,제정,1989-08-31,예규,118,제정 1989. 8.31. 예규 제118호
245,65,2,개정,1991-11-25,예규,147,개정 1991.11.25. 예규 제147호
246,65,3,개정,1992-11-11,예규,151,개정 1992.11.11. 예규 제151호
247,65,4,개정,1994-12-12,예규,169,개정 1994.12.12. 예규 제169호
248,65,5,개정,1999-08-16,예규,222,개정 1999. 8.16. 예규 제222호
249,65,6,개정,2001-07-24,예규,248,개정 2001. 7.24. 예규 제248호
250,65,7,개정,2002-02-25,예규,263,개정 2002. 2.25. 예규 제263호
251,65,8,개정,2010-09-14,예규,437,개정 2010. 9.14. 예규 제437호
252,65,9,개정,2012-08-29,예규,499,개정 2012. 8.29. 예규 제499호
253,65,10,개정,2013-08-21,예규,524,개정 2013. 8.21. 예규 제524호
254,65,11,개정,2018-05-01,예규,690,개정 2018. 5. 1. 예규 제690호
255,65,12,개정,2019-10-16,예규,756,개정 2019.10.16. 예규 제756호
256,65,13,개정,2020-08-19,예규,799,개정 2020. 8.19. 예규 제799호
257,65,14,개정,2022-05-12,예규,902,개정 2022. 5.12. 예규 제902호
258,66,1,제정,2007-07-24,규정,1368,제정 2007. 7.24. 규정 제1368호
259,66,2,개정,2008-12-02,규정,1512,개정 2008.12. 2. 규정 제1512호
260,66,3,전부개정,2024-03-25,규정,2672,전부개정 2024. 3.25. 규정 제2672호
261,67,1,제정,1963-03-01,규정,17,제정 1963. 3. 1 규정 제 17호
262,67,2,개정,1971-08-12,규정,69,개정 1971. 8. 12 규정 제 69호
263,67,3,개정,1985-03-05,규정,403,개정 1985. 3. 5 규정 제 403호
264,67,4,개정,1993-12-22,규정,662,개정 1993.12. 22 규정 제 662호
265,67,5,개정,1999-04-27,규정,968,개정 1999. 4. 27 규정 제 968호
266,67,6,개정,2002-12-24,규정,1101,개정 2002.12. 24 규정 제1101호
267,67,7,개정,2008-02-29,규정,1429,개정 2008. 2. 29 규정 제1429호
268,67,8,전문개정,2013-06-11,규정,1853,전문개정 2013. 6. 11 규정 제1853호
269,67,9,개정,2014-06-09,규정,1912,개정 2014. 6. 9. 규정 제1912호
270,67,10,개정,2018-05-28,규정,2222,개정 2018. 5.28. 규정 제2222호
271,67,11,개정,2018-09-21,규정,2249,개정 2018. 9.21. 규정 제2249호
272,67,12,개정,2019-07-02,규정,2310,개정 2019. 7. 2. 규정 제2310호
273,68,1,제정,1996-08-22,규정,824,제정 1996. 8.22. 규정 제 824호
274,68,2,개정,1998-08-26,규정,938,개정 1998. 8.26. 규정 제 938호
275,68,3,개정,1998-09-24,규정,944,개정 1998. 9.24. 규정 제 944호
276,68,4,개정,1999-02-12,규정,960,개정 1999. 2.12. 규정 제 960호
277,68,5,개정,2000-03-10,규정,994,개정 2000. 3.10. 규정 제 994호
278,68,6,개정,2002-12-24,규정,1100,개정 2002.12.24. 규정 제1100호
279,68,7,개정,2006-01-17,규정,1280,개정 2006. 1.17. 규정 제1280호
280,68,8,개정,2008-02-29,규정,1424,개정 2008. 2.29. 규정 제1424호
281,68,9,개정,2010-02-25,규정,1578,개정 2010. 2.25. 규정 제1578호
282,68,10,개정,2011-08-31,규정,1719,개정 2011. 8.31. 규정 제1719호
283,68,11,개정,2013-02-28,규정,1825,개정 2013. 2.28. 규정 제1825호
284,68,12,개정,2016-12-26,규정,2078,개정 2016.12.26. 규정 제2078호
285,68,13,개정,2019-02-28,규정,2265,개정 2019.2. 28. 규정 제2265호
286,69,1,제정,2022-02-22,예규,891,제정 2022. 2. 22. 예규 제891호
287,70,1,제정,2019-08-26,예규,745,제정 2019. 8. 26. 예규 제745호
288,70,2,개정,2025-09-18,예규,1097,개정 2025. 9. 18. 예규 제1097호
289,71,1,제정,2021-06-25,예규,855,제정 2021. 6. 25. 예규 제855호
290,72,1,제정,2010-10-05,지침,445,제정 2010.10. 5. 지침 제445호
291,72,2,개정,2011-11-09,지침,463,개정 2011.11. 9. 지침 제463호
292,72,3,개정,2017-02-06,지침,638,개정 2017. 2. 6. 지침 제638호
293,72,4,전부개정,2022-09-21,예규,925,전부개정 2022. 9.21. 예규 제925호
294,73,1,제정,2012-11-28,규정,1818,제정 2012.11.28. 규정 제1818호
295,73,2,개정,2018-02-07,규정,2207,개정 2018. 2. 7. 규정 제2207호
296,73,3,개정,2020-01-20,규정,2335,개정 2020. 1.20. 규정 제2335호
297,74,1,제정,2024-07-26,규정,2694,제정 2024. 7. 26. 규정 제2694호
298,75,1,제정,2015-12-18,예규,585,제정 2015.12.18. 예규 제585호
299,75,2,개정,2020-01-07,예규,764,개정 2020. 1. 7. 예규 제764호
300,75,3,개정,2020-08-27,예규,802,개정 2020. 8.27. 예규 제802호
301,75,4,개정,2023-05-30,예규,954,개정 2023. 5.30. 예규 제954호
302,75,5,개정,2023-09-27,예규,970,개정 2023. 9.27. 예규 제970호
303,76,1,제정,2005-02-15,규정,1229,제정 2005. 2. 15. 규정 제1229호
304,76,2,개정,2013-08-29,규정,1862,개정 2013. 8. 29. 규정 제1862호
305,76,3,개정,2019-07-24,규정,2318,개정 2019. 7. 24. 규정 제2318호
306,77,1,제정,2025-08-18,예규,1091,제정 2025. 8. 18. 예규 제1091호
307,78,1,제정,2018-03-20,예규,682,제정 2018. 3.20. 예규 제682호
308,78,2,개정,2020-08-19,예규,800,개정 2020. 8.19. 예규 제800호
309,79,1,제정,2019-04-09,예규,728,제정 2019. 4. 9. 예규 제728호
310,79,2,개정,2021-02-26,예규,831,개정 2021. 2.26. 예규 제831호
311,79,3,개정,2022-01-17,예규,887,개정 2022. 1.17. 예규 제887호
312,80,1,제정,2021-05-17,예규,847,제정 2021. 5. 17. 예규 제847호
313,81,1,제정,2014-10-31,예규,558,제정 2014.10.31. 예규 제558호
314,81,2,개정,2016-07-06,예규,604,개정 2016. 7. 6. 예규 제604호
315,81,3,개정,2017-03-07,예규,643,개정 2017. 3. 7. 예규 제643호
316,81,4,개정,2017-12-21,예규,671,개정 2017.12.21. 예규 제671호
317,81,5,개정,2018-12-14,예규,715,개정 2018.12.14. 예규 제715호
318,81,6,개정,2019-04-19,예규,733,개정 2019. 4.19. 예규 제733호
319,81,7,개정,2020-08-19,예규,801,개정 2020. 8.19. 예규 제801호
320,81,8,개정,2021-02-10,예규,826,개정 2021. 2.10. 예규 제826호
321,81,9,개정,2022-08-17,예규,922,개정 2022. 8.17. 예규 제922호
322,81,10,개정,2023-05-01,예규,948,개정 2023. 5. 1. 예규 제948호
323,81,11,개정,2023-10-05,예규,971,개정 2023.10. 5. 예규 제971호
324,81,12,개정,2024-02-20,예규,989,개정 2024. 2.20. 예규 제989호
325,81,13,개정,2025-03-24,예규,1065,개정 2025. 3.24. 예규 제1065호
326,82,1,제정,2024-01-05,예규,984,제정 2024. 1. 5. 예규 제984호
327,83,1,제정,2003-06-26,예규,290,제정 2003. 6. 26. 예규 제290호
328,83,2,개정,2012-02-28,예규,479,개정 2012. 2. 28. 예규 제479호
329,83,3,개정,2022-04-25,예규,900,개정 2022. 4. 25. 예규 제900호
330,83,4,개정,2024-07-03,예규,1013,개정 2024. 7. 3. 예규 제1013호
331,84,1,제정,2001-09-10,예규,253,제정 2001. 9. 10. 예규 제253호
332,84,2,개정,2007-03-12,예규,358,개정 2007. 3. 12. 예규 제358호
333,84,3,개정,2008-01-28,예규,381,개정 2008. 1. 28. 예규 제381호
334,84,4,개정,2010-04-19,예규,430,개정 2010. 4. 19. 예규 제430호
335,84,5,개정,2023-04-20,예규,944,개정 2023. 4. 20. 예규 제944호
336,85,1,제정,1994-07-04,예규,165,제정 1994. 7. 4. 예규 제165호
337,85,2,개정,2012-02-28,예규,480,개정 2012. 2.28. 예규 제480호
338,85,3,개정,2021-01-20,예규,814,개정 2021. 1.20. 예규 제814호
339,86,1,제정,2018-08-20,예규,705,제정 2018. 8.20. 예규 제705호
340,86,2,전부개정,2023-05-19,예규,950,전부개정 2023. 5.19. 예규 제950호
341,87,1,제정,2024-09-27,규정,2711,제정 2024. 9. 27. 규정 제2711호
342,88,1,제정,2018-08-01,예규,702,제정 2018. 8. 1. 예규 제702호
343,88,2,개정,2018-12-28,예규,713,개정 2018. 12. 28. 예규 제713호
344,88,3,개정,2021-08-30,예규,863,개정 2021. 8. 30. 예규 제863호
345,89,1,제정,1998-11-07,규정,950,제정 1998.11. 7. 규정 제 950호
346,89,2,개정,2007-05-02,규정,1350,개정 2007. 5. 2. 규정 제1350호
347,89,3,개정,2009-02-27,규정,1522,개정 2009. 2.27. 규정 제1522호
348,89,4,개정,2010-02-25,규정,1590,개정 2010. 2.25. 규정 제1590호
349,89,5,개정,2015-05-28,규정,1978,개정 2015. 5.28. 규정 제1978호
350,89,6,개정,2023-02-28,규정,2576,개정 2023. 2.28. 규정 제2576호
351,89,7,개정,2023-07-20,규정,2607,개정 2023. 7.20. 규정 제2607호
352,90,1,제정,2005-06-30,규정,1256,제정 2005. 6.30. 규정 제1256호
353,90,2,개정,2006-04-21,규정,1296,개정 2006. 4.21. 규정 제1296호
354,90,3,개정,2008-06-09,규정,1475,개정 2008. 6. 9. 규정 제1475호
355,90,4,개정,2011-09-26,규정,1729,개정 2011. 9.26. 규정 제1729호
356,90,5,개정,2015-01-23,규정,1944,개정 2015. 1.23. 규정 제1944호
357,90,6,개정,2023-06-23,규정,2592,개정 2023. 6.23. 규정 제2592호
358,91,1,제정,2022-04-25,예규,899,제정 2022. 4. 25. 예규 제899호
359,92,1,제정,2025-07-17,예규,1086,제정 2025. 7. 17. 예규 제1086호
360,93,1,제정,2009-02-27,규정,1521,제정 2009. 2.27. 규정 제1521호
361,93,2,개정,2010-02-25,규정,1588,개정 2010. 2.25. 규정 제1588호
362,93,3,개정,2020-11-26,규정,2381,개정 2020.11.26. 규정 제2381호
363,93,4,개정,2021-04-23,규정,2437,개정 2021. 4.23. 규정 제2437호
364,94,1,제정,1981-02-25,규정,241,제정 1981. 2.25. 규정 제 241호
365,94,2,개정,1987-01-01,규정,486,개정 1987. 1. 1. 규정 제 486호
366,94,3,개정,1989-06-14,규정,553,개정 1989. 6.14. 규정 제 553호
367,94,4,개정,1992-09-08,규정,625,개정 1992. 9. 8. 규정 제 625호
368,94,5,개정,2007-02-23,규정,1341,개정 2007. 2.23. 규정 제1341호
369,94,6,개정,2008-02-29,규정,1446,개정 2008. 2.29. 규정 제1446호
370,94,7,개정,2010-02-25,규정,1608,개정 2010. 2.25. 규정 제1608호
371,94,8,개정,2021-04-23,규정,2437,개정 2021. 4.23. 규정 제2437호
372,95,1,제정,1986-12-29,규정,482,제정 1986. 12. 29 규정 제 482호
373,95,2,개정,1998-06-29,규정,933,개정 1998. 6. 29 규정 제 933호
374,95,3,전문개정,2005-02-15,규정,1228,전문개정 2005. 2. 15 규정 제1228호
375,95,4,개정,2017-04-03,규정,2137,개정 2017. 4. 3. 규정 제2137호
376,95,5,개정,2019-01-04,규정,2258,개정 2019. 1. 4. 규정 제2258호
377,96,1,제정,2023-12-07,예규,980,제정 2023.12. 7. 예규 제980호
378,96,2,전부개정,2024-09-03,예규,1023,전부개정 2024. 9. 3. 예규 제1023호
379,97,1,제정,2008-02-29,규정,1448,제정 2008. 2.29. 규정 제1448호
380,97,2,개정,2008-09-01,규정,1494,개정 2008. 9. 1. 규정 제1494호
381,97,3,개정,2010-02-25,규정,1611,개정 2010. 2.25. 규정 제1611호
382,97,4,개정,2019-11-27,규정,2327,개정 2019.11.27. 규정 제2327호
383,98,1,제정,2012-03-29,예규,486,제정 2012. 3.29. 예규 제486호
384,98,2,전부개정,2024-10-21,예규,1028,전부개정 2024.10.21. 예규 제1028호
385,99,1,제정,2004-07-06,예규,309,제정 2004. 7. 6. 예규 제309호
386,99,2,전부개정,2025-10-10,예규,1106,전부개정 2025. 10. 10. 예규 제1106호
387,100,1,제정,1979-12-05,규정,220,제정 1979.12. 5. 규정 제 220호
388,100,2,개정,1981-06-24,규정,255,개정 1981. 6.24. 규정 제 255호
389,100,3,개정,1985-03-05,규정,408,개정 1985. 3. 5. 규정 제 408호
390,100,4,개정,1987-06-24,규정,498,개정 1987. 6.24. 규정 제 498호
391,100,5,개정,1994-07-05,규정,701,개정 1994. 7. 5. 규정 제 701호
392,100,6,개정,2000-01-24,규정,992,개정 2000. 1.24. 규정 제 992호
393,100,7,개정,2002-06-29,규정,1081,개정 2002. 6.29. 규정 제1081호
394,100,8,개정,2002-09-27,규정,1091,개정 2002. 9.27. 규정 제1091호
395,100,9,개정,2004-02-25,규정,1174,개정 2004. 2.25. 규정 제1174호
396,100,10,개정,2008-09-01,규정,1500,개정 2008. 9. 1. 규정 제1500호
397,100,11,전부개정,2022-11-28,규정,2548,전부개정 2022.11.28. 규정 제2548호
398,101,1,제정,2019-02-28,규정,2268,제정 2019. 2.28. 규정 제2268호
399,101,2,개정,2024-04-29,규정,2675,개정 2024. 4.29. 규정 제2675호
400,102,1,제정,2003-06-13,규정,1130,제정 2003. 6.13. 규정 제1130호
401,102,2,개정,2011-08-31,규정,1720,개정 2011. 8.31. 규정 제1720호
402,102,3,개정,2012-11-28,규정,1807,개정 2012.11.28. 규정 제1807호
403,102,4,개정,2016-12-26,규정,2089,개정 2016.12.26. 규정 제2089호
404,102,5,개정,2023-06-23,규정,2593,개정 2023. 6.23. 규정 제2593호
405,103,1,제정,2023-05-30,예규,953,제정 2023. 5. 30. 예규 제953호
406,103,2,개정,2025-09-18,예규,1098,개정 2025. 9. 18. 예규 제1098호
407,104,1,제정,2007-08-29,규정,1375,제정 2007. 8.29. 규정 제1375호
408,104,2,개정,2015-01-23,규정,1946,개정 2015. 1.23. 규정 제1946호
409,104,3,개정,2020-09-15,규정,2373,개정 2020. 9.15. 규정 제2373호
410,105,1,제정,2023-09-22,규정,2621,제정 2023. 9. 22. 규정 제2621호
411,106,1,제정,2021-04-28,예규,841,제정 2021. 4.28. 예규 제841호
412,107,1,제정,2013-09-25,규정,1869,제정 2013. 9.25. 규정 제1869호
413,107,2,개정,2023-05-01,규정,2579,개정 2023. 5. 1. 규정 제2579호
414,108,1,제정,2024-07-26,규정,2695,제정 2024. 7. 26. 규정 제2695호
415,109,1,제정,2023-08-25,규정,2613,제정 2023. 8. 25. 규정 제2613호
416,109,2,개정,2024-09-27,규정,2712,개정 2024. 9. 27. 규정 제2712호
417,110,1,제정,2020-11-26,규정,2382,제정 2020. 11. 26. 규정 제2382호
418,111,1,제정,2021-06-25,예규,856,제정 2021. 6. 25. 예규 제856호
419,112,1,제정,2021-12-29,규정,2488,제정 2021. 12. 29. 규정 제2488호
420,113,1,제정,2021-12-28,규정,2485,제정 2021.12.28. 규정 제2485호
421,113,2,개정,2024-02-29,규정,2670,개정 2024. 2.29. 규정 제2670호
422,114,1,제정,2018-02-07,규정,2211,제정 2018. 2. 7. 규정 제2211호
423,114,2,개정,2018-07-01,규정,2236,개정 2018. 7. 1. 규정 제2236호
424,114,3,전부개정,2024-06-27,규정,2685,전부개정 2024. 6.27. 규정 제2685호
425,115,1,미표기,2019-10-16,예규,757,2019. 10. 16. 예규 제757호
426,116,1,제정,2021-12-28,규정,2484,제정 2021.12.28. 규정 제2484호
427,117,1,제정,2021-04-29,예규,845,제정 2021. 4. 29. 예규 제845호
428,117,2,개정,2025-09-29,예규,1103,개정 2025. 9. 29. 예규 제1103호
429,118,1,제정,1972-02-15,규정,80,제정 1972. 2. 15. 규정 제 80호
430,118,2,개정,1985-02-26,규정,375,개정 1985. 2. 26. 규정 제 375호
431,118,3,개정,1988-03-31,규정,521,개정 1988. 3. 31. 규정 제 521호
432,118,4,개정,1994-07-05,규정,698,개정 1994. 7. 5. 규정 제 698호
433,118,5,개정,1996-09-24,규정,832,개정 1996. 9. 24. 규정 제 832호
434,118,6,개정,2010-01-18,규정,1569,개정 2010. 1. 18. 규정 제1569호
435,118,7,개정,2015-02-27,규정,1954,개정 2015. 2. 27. 규정 제1954호
436,118,8,개정,2021-04-23,규정,2437,개정 2021. 4. 23. 규정 제2437호
437,118,9,개정,2024-02-26,규정,2658,개정 2024. 2. 26. 규정 제2658호
438,119,1,제정,1998-11-07,규정,947,제정 1998.11. 7. 규정 제 947호
439,119,2,개정,2002-01-21,규정,1054,개정 2002. 1.21. 규정 제1054호
440,119,3,개정,2007-05-02,규정,1349,개정 2007. 5. 2. 규정 제1349호
441,119,4,개정,2009-02-27,규정,1523,개정 2009. 2.27. 규정 제1523호
442,119,5,개정,2010-02-25,규정,1589,개정 2010. 2.25. 규정 제1589호
443,119,6,개정,2023-07-20,규정,2608,개정 2023. 7.20. 규정 제2608호
444,120,1,제정,1998-11-07,규정,947,제정 1998.11. 7. 규정 제 947호
445,120,2,개정,2002-01-21,규정,1054,개정 2002. 1.21. 규정 제1054호
446,120,3,개정,2007-05-02,규정,1349,개정 2007. 5. 2. 규정 제1349호
447,120,4,개정,2009-02-27,규정,1523,개정 2009. 2.27. 규정 제1523호
448,120,5,개정,2010-02-25,규정,1589,개정 2010. 2.25. 규정 제1589호
449,120,6,개정,2023-07-20,규정,2608,개정 2023. 7.20. 규정 제2608호
450,121,1,제정,1995-02-11,규정,741,제정 1995. 2.11. 규정 제 741호
451,121,2,개정,1999-09-08,규정,978,개정 1999. 9. 8. 규정 제 978호
452,121,3,개정,2002-01-21,규정,1052,개정 2002. 1.21. 규정 제1052호
453,121,4,개정,2004-06-15,규정,1183,개정 2004. 6.15. 규정 제1183호
454,121,5,개정,2007-07-24,규정,1365,개정 2007. 7.24. 규정 제1365호
455,121,6,개정,2012-11-28,규정,1810,개정 2012.11.28. 규정 제1810호
456,121,7,개정,2014-08-26,규정,1922,개정 2014. 8.26. 규정 제1922호
457,121,8,개정,2018-05-28,규정,2221,개정 2018. 5.28. 규정 제2221호
458,121,9,개정,2019-04-29,규정,2289,개정 2019. 4.29. 규정 제2289호
459,121,10,개정,2020-03-27,규정,2343,개정 2020. 3.27. 규정 제2343호
460,121,11,개정,2022-05-30,규정,2519,개정 2022. 5.30. 규정 제2519호
461,121,12,개정,2023-02-27,규정,2568,개정 2023. 2.27. 규정 제2568호
462,121,13,개정,2023-05-30,규정,2588,개정 2023. 5.30. 규정 제2588호
463,122,1,제정,2020-01-20,규정,2336,제정 2020. 1. 20. 규정 제2336호
464,123,1,제정,1999-01-01,예규,213,제정 1999. 1. 1. 예규 제213호
465,123,2,개정,1999-12-16,예규,227,개정 1999.12.16. 예규 제227호
466,123,3,개정,2000-05-25,예규,234,개정 2000. 5.25. 예규 제234호
467,123,4,개정,2000-10-11,예규,238,개정 2000.10.11. 예규 제238호
468,123,5,개정,2001-05-26,예규,246,개정 2001. 5.26. 예규 제246호
469,123,6,개정,2001-11-20,예규,258,개정 2001.11.20. 예규 제258호
470,123,7,개정,2002-05-04,예규,267,개정 2002. 5. 4. 예규 제267호
471,123,8,개정,2003-01-23,예규,281,개정 2003. 1.23. 예규 제281호
472,123,9,개정,2004-05-29,예규,305,개정 2004. 5.29. 예규 제305호
473,123,10,개정,2006-11-15,예규,345,개정 2006.11.15. 예규 제345호
474,123,11,개정,2007-09-03,예규,370,개정 2007. 9. 3. 예규 제370호
475,123,12,개정,2010-09-28,예규,441,개정 2010. 9.28. 예규 제441호
476,123,13,개정,2012-08-23,예규,497,개정 2012. 8.23. 예규 제497호
477,123,14,개정,2014-03-24,예규,544,개정 2014. 3.24. 예규 제544호
478,123,15,개정,2015-05-20,예규,571,개정 2015. 5.20. 예규 제571호
479,123,16,개정,2017-11-30,예규,669,개정 2017.11.30. 예규 제669호
480,123,17,개정,2018-04-13,예규,689,개정 2018. 4.13. 예규 제689호
481,123,18,개정,2019-05-13,예규,737,개정 2019. 5.13. 예규 제737호
482,123,19,개정,2020-05-14,예규,782,개정 2020. 5.14. 예규 제782호
483,123,20,개정,2021-10-20,예규,873,개정 2021.10.20. 예규 제873호
484,123,21,개정,2021-12-30,예규,883,개정 2021.12.30. 예규 제883호
485,123,22,개정,2023-10-27,예규,972,개정 2023.10.27. 예규 제972호
486,123,23,개정,2024-07-17,예규,1016,개정 2024. 7.17. 예규 제1016호
487,123,24,개정,2025-03-24,예규,1066,개정 2025. 3.24. 예규 제1066호
488,124,1,제정,2020-10-16,규정,2377,제정 2020. 10. 16. 규정 제2377호
489,125,1,제정,2023-12-07,예규,981,제정 2023.12. 7. 예규 제981호
490,125,2,전부개정,2024-09-03,예규,1024,전부개정 2024. 9. 3. 예규 제1024호
491,126,1,제정,2023-10-27,규정,2629,제정 2023. 10. 27. 규정 제2629호
492,126,2,개정,2023-01-05,규정,2651,개정 2023. 1. 5. 규정 제2651호
493,127,1,제정,2017-11-27,규정,2174,제정 2017.11.27. 규정 제2174호
494,127,2,개정,2023-09-22,규정,2622,개정 2023. 9.22. 규정 제2622호
495,128,1,제정,2014-08-26,규정,1925,제정 2014. 8. 26. 규정 제1925호
496,128,2,개정,2020-12-24,규정,2391,개정 2020. 12. 24. 규정 제2391호
497,129,1,제정,1981-05-21,규정,250,제정 1981. 5. 21. 규정 제250호
498,129,2,개정,1985-03-05,규정,405,개정 1985. 3. 5. 규정 제405호
499,129,3,개정,1998-03-24,규정,920,개정 1998. 3. 24. 규정 제920호
500,129,4,개정,1999-02-12,규정,961,개정 1999. 2. 12. 규정 제961호
501,129,5,개정,2008-09-01,규정,1493,개정 2008. 9. 1. 규정 제1493호
502,129,6,개정,2019-05-21,규정,2307,개정 2019. 5.21. 규정 제2307호
503,129,7,개정,2022-09-26,규정,2542,개정 2022. 9.26. 규정 제2542호
504,130,1,제정,2005-11-28,규정,1273,제정 2005.11.28. 규정 제1273호
505,130,2,개정,2021-08-02,규정,2444,개정 2021. 8. 2. 규정 제2444호
506,131,1,제정,2017-12-05,예규,668,제정 2017. 12.5. 예규 제668호
507,131,2,개정,2023-05-19,예규,952,개정 2023. 5.19. 예규 제952호
508,132,1,제정,2023-06-23,규정,2594,제정 2023. 6. 23. 규정 제2594호
509,133,1,제정,2005-03-30,규정,1240,제정 2005. 3.30. 규정 제1240호
510,133,2,개정,2006-10-04,규정,1321,개정 2006.10. 4. 규정 제1321호
511,133,3,개정,2007-10-30,규정,1394,개정 2007.10.30. 규정 제1394호
512,133,4,개정,2008-09-01,규정,1496,개정 2008. 9. 1. 규정 제1496호
513,133,5,개정,2009-05-29,규정,1541,개정 2009. 5.29. 규정 제1541호
514,133,6,개정,2009-08-31,규정,1557,개정 2009. 8.31. 규정 제1557호
515,133,7,개정,2012-11-28,규정,1820,개정 2012.11.28. 규정 제1820호
516,133,8,개정,2021-03-25,규정,2420,개정 2021. 3.25. 규정 제2420호
517,133,9,개정,2023-02-27,규정,2570,개정 2023. 2.27. 규정 제2570호
518,134,1,제정,2020-10-16,규정,2378,제정 2020. 10. 16. 규정 제2378호
519,135,1,제정,2015-10-30,예규,583,제정 2015.10.30. 예규 제583호
520,135,2,개정,2016-11-01,예규,613,개정 2016. 11.1. 예규 제613호
521,135,3,개정,2019-09-18,예규,753,개정 2019. 9.18. 예규 제753호
522,136,1,제정,2023-08-25,규정,2614,제정 2023. 8. 25. 규정 제2614호
523,137,1,제정,2006-11-16,규정,1323,제정 2006.11.16. 규정 제1323호
524,137,2,개정,2008-02-29,규정,1453,개정 2008.02.29. 규정 제1453호
525,137,3,개정,2013-02-28,규정,1835,개정 2013.02.28. 규정 제1835호
526,137,4,개정,2014-07-18,규정,1914,개정 2014.07.18. 규정 제1914호
527,137,5,전부개정,2023-10-27,규정,2631,전부개정 2023.10.27. 규정 제2631호
528,138,1,제정,1995-12-28,예규,185,제정 1995. 12. 28 예규 제185호
529,138,2,개정,1996-05-31,예규,187,개정 1996. 5. 31 예규 제187호
530,138,3,개정,1998-04-14,예규,211,개정 1998. 4. 14 예규 제211호
531,138,4,전부개정,2025-10-10,예규,1107,전부개정 2025. 10. 10. 예규 제1107호
532,139,1,제정,2003-10-02,규정,1160,제정 2003. 10.02 규정 제1160호
533,139,2,개정,2004-08-11,규정,1193,개정 2004. 08.11 규정 제1193호
534,139,3,개정,2006-08-07,규정,1312,개정 2006. 08.07 규정 제1312호
535,139,4,개정,2010-08-27,규정,1638,개정 2010. 08.27 규정 제1638호
536,139,5,개정,2011-01-28,규정,1679,개정 2011. 01.28 규정 제1679호
537,139,6,개정,2014-12-19,규정,1941,개정 2014. 12.19 규정 제1941호
538,139,7,개정,2017-11-27,규정,2179,개정 2017. 11.27 규정 제2179호
539,139,8,개정,2019-04-04,규정,2281,개정 2019. 4. 4. 규정 제2281호
540,139,9,개정,2020-07-14,규정,2365,개정 2020. 7. 14. 규정 제2365호
541,140,1,제정,2021-12-29,규정,2489,제정 2021. 12. 29. 규정 제2489호
542,141,1,제정,2021-12-29,규정,2489,제정 2021. 12. 29. 규정 제2489호
543,142,1,제정,2019-07-02,규정,2312,제정 2019. 7. 2. 규정 제2312호
544,143,1,제정,2005-11-01,예규,326,제정 2005. 11. 1. 예규 제326호
545,143,2,개정,2007-02-05,예규,352,개정 2007. 2. 5. 예규 제352호
546,143,3,개정,2011-08-04,예규,456,개정 2011. 8. 4. 예규 제456호
547,143,4,개정,2012-05-29,예규,491,개정 2012. 5. 29. 예규 제491호
548,143,5,개정,2015-07-20,예규,576,개정 2015. 7. 20. 예규 제576호
549,143,6,개정,2016-12-02,예규,732,개정 2016. 12. 2. 예규 제732호
550,143,7,개정,2021-04-28,예규,842,개정 2021. 4. 28. 예규 제842호
551,143,8,개정,2021-04-28,예규,844,개정 2021. 4. 28. 예규 제844호
552,144,1,제정,2018-05-18,예규,695,제정 2018. 5. 18. 예규 제695호
553,144,2,개정,2021-09-28,예규,870,개정 2021. 9. 28. 예규 제870호
554,144,3,개정,2025-09-18,예규,1100,개정 2025. 9. 18. 예규 제1100호
555,145,1,제정,2003-02-21,예규,282,제정 2003. 2. 21. 예규 제282호
556,145,2,전문개정,2007-04-09,예규,362,전문개정 2007. 4. 9. 예규 제362호
557,145,3,전문개정,2010-10-05,예규,443,전문개정 2010. 10. 5. 예규 제443호
558,145,4,개정,2016-03-03,예규,592,개정 2016. 3. 3. 예규 제592호
559,145,5,개정,2021-08-30,예규,866,개정 2021. 8. 30. 예규 제866호
560,146,1,제정,1993-06-23,규정,643,제정 1993. 6.23. 규정 제 643호
561,146,2,개정,2007-08-29,규정,1376,개정 2007. 8.29. 규정 제1376호
562,146,3,전부개정,2020-01-20,규정,2338,전부개정 2020. 1.20. 규정 제2338호
563,147,1,제정,2008-09-01,규정,1499,제정 2008. 9. 1. 규정 제1499호
564,147,2,전부개정,2023-09-22,규정,2623,전부개정 2023. 9.22. 규정 제2623호
565,148,1,제정,2021-10-06,규정,2456,제정 2021. 10. 6. 규정 제2456호
566,149,1,제정,2020-05-14,예규,784,제정 2020. 5. 14. 예규 제784호
567,150,1,제정,2004-09-24,규정,1212,제정 2004. 9.24 규정 제1212호
568,150,2,개정,2005-05-25,규정,1247,개정 2005. 5.25 규정 제1247호
569,150,3,개정,2006-08-07,규정,1311,개정 2006. 8. 7 규정 제1311호
570,150,4,개정,2006-12-15,규정,1333,개정 2006.12.15 규정 제1333호
571,150,5,개정,2008-06-09,규정,1478,개정 2008. 6. 9 규정 제1478호
572,150,6,개정,2009-06-29,규정,1546,개정 2009. 6.29 규정 제1546호
573,150,7,전문개정,2012-04-26,규정,1781,전문개정 2012. 4.26. 규정 제1781호
574,150,8,개정,2014-07-18,규정,1917,개정 2014. 7.18. 규정 제1917호
575,150,9,개정,2015-11-30,규정,2000,개정 2015.11.30. 규정 제2000호
576,150,10,개정,2023-02-27,규정,2571,개정 2023. 2.27. 규정 제2571호
577,151,1,제정,2008-12-02,규정,1502,제정 2008.12. 2. 규정 제1502호
578,151,2,개정,2010-02-25,규정,1579,개정 2010. 2.25. 규정 제1579호
579,151,3,개정,2013-10-11,규정,1874,개정 2013.10.11. 규정 제1874호
580,151,4,개정,2021-04-23,규정,2437,개정 2021. 4.23. 규정 제2437호
581,151,5,개정,2022-05-30,규정,2520,개정 2022. 5.30. 규정 제2520호
582,152,1,제정,2009-02-27,규정,1519,제정 2009. 2.27. 규정 제1519호
583,152,2,개정,2010-02-25,규정,1580,개정 2010. 2.25. 규정 제1580호
584,152,3,개정,2016-12-26,규정,2082,개정 2016.12.26. 규정 제2082호
585,152,4,개정,2021-04-23,규정,2437,개정 2021. 4.23. 규정 제2437호
586,152,5,개정,2024-02-26,규정,2660,개정 2024. 2.26. 규정 제2660호
587,153,1,제정,1999-02-12,규정,962,제정 1999. 2.12. 규정 제 962호
588,153,2,개정,2001-11-20,규정,1043,개정 2001.11.20. 규정 제1043호
589,153,3,개정,2003-06-13,규정,1135,개정 2003. 6.13. 규정 제1135호
590,153,4,개정,2005-02-16,규정,1233,개정 2005. 2.16. 규정 제1233호
591,153,5,개정,2008-02-29,규정,1423,개정 2008. 2.29. 규정 제1423호
592,153,6,개정,2012-02-29,규정,1761,개정 2012. 2.29. 규정 제1761호
593,153,7,전부개정,2016-02-03,규정,2012,전부개정 2016. 2. 3. 규정 제2012호
594,153,8,개정,2016-12-26,규정,2128,개정 2016.12.26. 규정 제2128호
595,153,9,개정,2017-11-27,규정,2172,개정 2017.11.27. 규정 제2172호
596,153,10,개정,2019-02-28,규정,2266,개정 2019. 2.28. 규정 제2266호
597,153,11,개정,2019-12-27,규정,2331,개정 2019.12.27. 규정 제2331호
598,153,12,개정,2021-04-23,규정,2437,개정 2021. 4.23. 규정 제2437호
599,153,13,개정,2021-06-28,규정,2440,개정 2021. 6.28. 규정 제2440호
600,153,14,개정,2022-05-30,규정,2518,개정 2022. 5.30. 규정 제2518호
601,153,15,개정,2023-06-23,규정,2595,개정 2023. 6.23. 규정 제2595호
602,154,1,제정,2010-02-10,예규,425,제정 2010. 2.10. 예규 제425호
603,154,2,개정,2013-10-31,예규,533,개정 2013.10.31. 예규 제533호
604,154,3,개정,2016-12-29,예규,629,개정 2016.12.29. 예규 제629호
605,154,4,개정,2019-09-18,예규,754,개정 2019. 9.18. 예규 제754호
606,155,1,제정,2010-02-25,규정,1586,제정 2010. 2.25. 규정 제1586호
607,155,2,개정,2016-12-26,규정,2097,개정 2016.12.26. 규정 제2097호
608,155,3,개정,2021-08-02,규정,2445,개정 2021. 8. 2. 규정 제2445호
609,156,1,제정,2009-01-05,예규,402,제정 2009. 1. 5. 예규 제402호
610,156,2,전부개정,2025-10-10,예규,1108,전부개정 2025. 10. 10. 예규 제1108호
611,157,1,제정,2021-10-06,규정,2455,제정 2021.10. 6. 규정 제2455호
612,157,2,개정,2021-11-26,규정,2476,개정 2021.11.26. 규정 제2476호
613,158,1,제정,2023-10-27,규정,2633,제정 2023. 10. 27. 규정 제2633호
614,159,1,제정,1996-12-30,규정,846,제정 1996.12.30. 규정 제 846호
615,159,2,개정,2002-09-27,규정,1092,개정 2002. 9.27. 규정 제1092호
616,159,3,개정,2003-06-13,규정,1141,개정 2003. 6.13. 규정 제1141호
617,159,4,개정,2015-05-28,규정,1980,개정 2015. 5.28. 규정 제1980호
618,159,5,개정,2018-09-21,규정,2251,개정 2018. 9.21. 규정 제2251호
619,159,6,개정,2023-09-22,규정,2624,개정 2023. 9.22. 규정 제2624호
620,160,1,제정,1985-04-02,규정,437,제정 1985. 4. 2. 규정 제437호
621,160,2,개정,1987-04-01,규정,493,개정 1987. 4. 1. 규정 제493호
622,160,3,개정,1992-09-01,규정,623,개정 1992. 9. 1. 규정 제623호
623,160,4,개정,2011-02-28,규정,1698,개정 2011. 2. 28. 규정 제1698호
624,160,5,개정,2019-04-04,규정,2278,개정 2019. 4. 4. 규정 제2278호
625,161,1,제정,1998-12-12,규정,953,제정 1998.12.12. 규정 제 953호
626,161,2,개정,2001-03-24,규정,1023,개정 2001. 3.24. 규정 제1023호
627,161,3,개정,2011-08-31,규정,1728,개정 2011. 8.31. 규정 제1728호
628,161,4,개정,2019-07-02,규정,2314,개정 2019. 7. 2. 규정 제2314호
629,162,1,제정,2024-06-27,규정,2688,제정 2024. 6. 27. 규정 제2688호
630,163,1,제정,2005-05-25,규정,1244,제정 2005. 5. 25. 규정 제1244호
631,163,2,개정,2006-01-17,규정,1288,개정 2006. 1. 17. 규정 제1288호
632,163,3,개정,2007-07-24,규정,1364,개정 2007. 7. 24. 규정 제1364호
633,163,4,개정,2010-05-25,규정,1625,개정 2010. 5. 25. 규정 제1625호
634,163,5,개정,2012-02-29,규정,1760,개정 2012. 2. 29. 규정 제1760호
635,163,6,개정,2013-06-11,규정,1847,개정 2013. 6. 11. 규정 제1847호
636,163,7,개정,2015-02-27,규정,1952,개정 2015. 2. 27. 규정 제1952호
637,163,8,개정,2016-11-03,규정,2059,개정 2016. 11. 3. 규정 제2059호
638,163,9,개정,2017-11-27,규정,2169,개정 2017. 11. 27. 규정 제2169호
639,163,10,개정,2018-02-07,규정,2198,개정 2018. 2. 7. 규정 제2198호
640,163,11,개정,2019-05-21,규정,2298,개정 2019. 5. 21. 규정 제2298호
641,163,12,개정,2024-08-28,규정,2702,개정 2024. 8. 28. 규정 제2702호
642,164,1,제정,2008-07-23,규정,1482,제정 2008. 7. 23. 규정 제1482호
643,164,2,개정,2010-02-25,규정,1692,개정 2010. 2. 25. 규정 제1692호
644,164,3,전부개정,2015-04-23,규정,1971,전부개정 2015. 4. 23. 규정 제1971호
645,164,4,개정,2016-12-26,규정,2131,개정 2016. 12. 26. 규정 제2131호
646,164,5,개정,2017-10-16,규정,2164,개정 2017. 10. 16. 규정 제2164호
647,164,6,개정,2018-07-01,규정,2239,개정 2018. 7. 1. 규정 제2239호
648,164,7,개정,2020-12-29,규정,2400,개정 2020. 12. 29. 규정 제2400호
649,164,8,개정,2024-02-26,규정,2664,개정 2024. 2. 26. 규정 제2664호
650,164,9,개정,2025-05-22,규정,2781,개정 2025. 5. 22. 규정 제2781호
651,165,1,제정,2022-05-30,예규,908,제정 2022. 5. 30. 예규 제908호
652,166,1,제정,2020-05-14,예규,785,제정 2020. 5. 14. 예규 제785호
653,167,1,제정,2021-04-28,예규,844,제정 2021. 4.28. 예규 제844호
654,168,1,제정,2023-06-23,규정,2596,제정 2023. 6. 23. 규정 제2596호
655,169,1,제정,2022-12-19,규정,2557,제정 2022. 12. 19. 규정 제2557호
656,170,1,제정,2021-10-06,규정,2457,제정 2021. 10. 6. 규정 제2457호
657,171,1,제정,2011-02-28,규정,1689,제정 2011. 2.28. 규정 제1689호
658,171,2,개정,2021-10-06,규정,2453,개정 2021.10. 6. 규정 제2453호
659,171,3,개정,2024-01-05,규정,2653,개정 2024. 1. 5. 규정 제2653호
660,172,1,제정,2024-06-27,규정,2689,제정 2024. 6. 27. 규정 제2689호
661,173,1,제정,1988-11-01,규정,539,제정 1988.11. 1. 규정 제539호
662,173,2,개정,1992-03-16,규정,607,개정 1992. 3.16. 규정 제607호
663,173,3,개정,1995-04-25,규정,748,개정 1995. 4.25. 규정 제748호
664,173,4,개정,2000-01-24,규정,993,개정 2000. 1.24. 규정 제993호
665,173,5,전부개정,2023-10-27,규정,2634,전부개정 2023.10.27. 규정 제2634호
666,174,1,제정,1998-06-29,규정,929,제정 1998. 6.29. 규정 제 929호
667,174,2,개정,1999-10-06,규정,981,개정 1999. 10.6. 규정 제 981호
668,174,3,개정,2011-12-16,규정,1753,개정 2011.12.16. 규정 제1753호
669,174,4,개정,2014-11-24,규정,1938,개정 2014.11.24. 규정 제1938호
670,174,5,개정,2018-09-21,규정,2252,개정 2018. 9.21. 규정 제2252호
671,174,6,전부개정,2020-03-27,규정,2345,전부개정 2020. 3.27. 규정 제2345호
672,174,7,개정,2023-12-01,규정,2642,개정 2023.12. 1. 규정 제2642호
673,174,8,개정,2024-02-26,규정,2662,개정 2024. 2.26. 규정 제2662호
674,175,1,제정,2020-05-14,예규,786,제정 2020. 5. 14. 예규 제786호
675,176,1,제정,2008-07-23,규정,1485,제정 2008. 7. 23. 규정 제1485호
676,176,2,개정,2013-06-11,규정,1844,개정 2013. 6. 11. 규정 제1844호
677,176,3,개정,2015-04-23,규정,1970,개정 2015. 4. 23. 규정 제1970호
678,176,4,개정,2021-11-26,규정,2477,개정 2021. 11.26. 규정 제2477호
679,177,1,제정,2023-06-23,규정,2597,제정 2023. 6. 23. 규정 제2597호
680,178,1,제정,2005-06-30,규정,1258,제정 2005. 6. 30. 규정1258호
681,178,2,개정,2011-12-16,규정,1748,개정 2011. 12. 16. 규정1748호
682,178,3,개정,2016-12-26,규정,2102,개정 2016. 12. 26. 규정2102호
683,178,4,개정,2021-11-26,규정,2475,개정 2021. 11. 26. 규정2475호
684,178,5,개정,2024-01-05,규정,2654,개정 2024. 1. 5. 규정2654호
685,179,1,제정,2019-04-04,규정,2279,제정 2019. 4. 4. 규정 제2279호
686,180,1,제정,2021-10-06,규정,2458,제정 2021. 10. 6. 규정 제2458호
687,181,1,제정,2011-11-14,규정,1735,제정 2011. 11. 14. 규정 제1735호
688,181,2,개정,2014-08-26,규정,1926,개정 2014. 8. 26. 규정 제1926호
689,181,3,개정,2021-10-06,규정,2459,개정 2021. 10. 6. 규정 제2459호
690,182,1,제정,2021-04-23,규정,2434,제정 2021. 4. 23. 규정 제2434호
691,183,1,제정,2021-12-28,규정,2483,제정 2021.12.28. 규정 제2483호
692,183,2,개정,2022-12-19,규정,2559,개정 2022.12.19. 규정 제2559호
693,184,1,제정,2011-08-31,규정,1726,제정 2011. 8.31. 규정 제1726호
694,184,2,개정,2013-09-25,,,개정 2013. 9.25.
695,184,3,개정,2020-03-27,규정,2346,개정 2020. 3.27. 규정 제2346호
696,184,4,개정,2022-12-19,규정,2565,개정 2022.12.19. 규정 제2565호
697,184,5,개정,2024-02-26,규정,2663,개정 2024. 2.26. 규정 제2663호
698,185,1,제정,2003-05-01,규정,1127,제정 2003. 5. 1. 규정 제1127호
699,185,2,개정,2011-02-28,규정,1697,개정 2011. 2. 28. 규정 제1697호
700,185,3,개정,2019-04-04,규정,2280,개정 2019. 4. 4. 규정 제2280호
701,186,1,제정,2022-06-24,규정,2530,제정 2022. 6. 24. 규정 제2530호
702,187,1,제정,2023-10-27,규정,2635,제정 2023. 10. 27. 규정 제2635호
703,188,1,제정,2014-08-26,규정,1923,제정 2014. 8. 26. 규정 제1923호
704,188,2,개정,2021-08-02,규정,2448,개정 2021. 8. 2. 규정 제2448호
705,189,1,제정,2023-09-22,규정,2626,제정 2023. 9. 22. 규정 제2626호
706,190,1,제정,2011-07-08,규정,1703,제정 2011. 7. 8. 규정 제1703호
707,190,2,개정,2019-05-21,규정,2303,개정 2019. 5.21. 규정 제2303호
708,191,1,제정,2022-12-19,규정,2560,제정 2022. 12. 19. 규정 제2560호
709,192,1,제정,2002-06-29,규정,1080,제정 2002. 6. 29. 규정 제1080호
710,192,2,개정,2003-02-06,규정,1119,개정 2003. 2. 6. 규정 제1119호
711,192,3,개정,2008-09-01,규정,1501,개정 2008. 9. 1. 규정 제1501호
712,192,4,개정,2013-06-11,규정,1851,개정 2013. 6. 11. 규정 제1851호
713,192,5,개정,2016-04-29,규정,2023,개정 2016. 4. 29. 규정 제2023호
714,192,6,개정,2024-08-28,규정,2705,개정 2024. 8. 28. 규정 제2705호
715,193,1,제정,2014-05-02,규정,1907,제정 2014. 5. 2. 규정 제1907호
716,193,2,개정,2022-06-24,규정,2531,개정 2022. 6.24. 규정 제2531호
717,194,1,제정,2008-05-01,규정,1472,제정 2008. 5. 1. 규정 제1472호
718,194,2,개정,2020-03-27,규정,2347,개정 2020. 3.27. 규정 제2347호
719,195,1,제정,2020-05-14,예규,788,제정 2020. 5. 14. 예규 제788호
720,196,1,제정,2004-08-11,규정,1195,제정 2004. 8.11. 규정 제1195호
721,196,2,개정,2009-08-31,규정,1561,개정 2009. 8.31. 규정 제1561호
722,196,3,개정,2021-10-06,규정,2460,개정 2021.10. 6. 규정 제2460호
723,197,1,제정,1976-02-16,규정,145,제정 1976. 2. 16 규정 제145호
724,197,2,개정,1985-02-26,규정,377,개정 1985. 2. 26 규정 제377호
725,197,3,개정,1995-01-18,규정,738,개정 1995. 1. 18 규정 제738호
726,197,4,개정,1996-11-02,규정,841,개정 1996. 11. 2 규정 제841호
727,197,5,개정,1997-11-25,규정,899,개정 1997. 11. 25 규정 제899호
728,197,6,개정,2000-01-24,규정,991,개정 2000. 1. 24 규정 제991호
729,197,7,개정,2006-01-17,규정,1287,개정 2006. 1. 17 규정 제1287호
730,197,8,개정,2019-05-21,규정,2304,개정 2019. 5. 21. 규정 제2304호
731,198,1,제정,2001-01-03,예규,241,제정 2001. 1. 3 예규 제241호
732,198,2,개정,2007-03-07,예규,357,개정 2007. 3. 7 예규 제357호
733,199,1,제정,2016-06-27,규정,2039,제정 2016. 6. 27. 규정 제2039호
734,200,1,제정,2011-04-13,예규,454,제정 2011. 4. 13. 예규 제454호
735,200,2,개정,2013-04-25,예규,520,개정 2013. 4. 25. 예규 제520호
736,200,3,개정,2015-12-02,예규,584,개정 2015. 12. 2. 예규 제584호
737,200,4,개정,2017-01-25,예규,633,개정 2017. 1. 25. 예규 제633호
738,200,5,개정,2017-11-21,예규,663,개정 2017. 11. 21. 예규 제663호
739,200,6,개정,2018-07-04,예규,699,개정 2018. 7. 4. 예규 제699호
740,200,7,개정,2021-05-21,예규,849,개정 2021. 5. 21. 예규 제849호
741,200,8,개정,2025-03-06,예규,1062,개정 2025. 3. 6. 예규 제1062호
742,201,1,제정,2021-02-10,예규,824,제정 2021. 2.10. 예규 제824호
743,201,2,개정,2021-03-26,예규,836,개정 2021. 3.26. 예규 제836호
744,201,3,개정,2023-07-17,예규,957,개정 2023. 7.17. 예규 제957호
745,201,4,개정,2024-02-26,예규,996,개정 2024. 2.26. 예규 제996호
746,201,5,개정,2025-03-21,예규,1063,개정 2025. 3.21. 예규 제1063호
747,202,1,제정,2026-06-29,규정,2874,제정 2026. 6. 29. 규정 제2874호
748,203,1,제정,2026-06-29,규정,2872,제정 2026. 6. 29. 규정 제2872호
749,204,1,제정,2009-04-07,예규,408,제정 2009. 4. 7. 예규 제408호
750,204,2,개정,2021-04-28,예규,844,개정 2021. 4.28. 예규 제844호
751,204,3,전부개정,2025-10-10,예규,1109,전부개정 2025. 10. 10. 예규 제1109호
752,204,4,개정,2026-02-23,예규,1126,개정 2026. 2. 23. 예규 제1126호
753,205,1,제정,2026-08-06,예규,1144,제정 2026. 8. 6. 예규 제1144호
754,206,1,제정,2024-05-20,규정,2677,제정 2024. 5. 20. 규정 제2677호
755,206,2,개정,2025-02-28,규정,2765,개정 2025. 2. 28. 규정 제2765호
756,207,1,제정,2002-06-29,규정,1082,제정 2002. 6. 29. 규정 제1082호
757,207,2,개정,2018-02-23,규정,2218,개정 2018. 2. 23. 규정 제2218호
758,208,1,제정,2022-04-01,예규,895,제정 2022. 4. 1. 예규 제895호
759,208,2,개정,2024-12-31,예규,1041,개정 2024. 12. 31. 예규 제1041호
760,209,1,제정,2005-11-28,,1274,제정 2005.11.28 제1274호
761,209,2,개정,2008-09-01,,1497,개정 2008. 9. 1 제1497호
762,209,3,개정,2012-02-29,,1772,개정 2012. 2. 29. 제1772호
763,210,1,제정,2009-08-31,규정,1551,제정 2009. 8. 31. 규정 제1551호
764,211,1,제정,2026-05-21,예규,1135,제정 2026. 5. 21. 예규 제1135호
765,212,1,제정,2026-08-31,규정,2893,제정 2026. 8. 31. 규정 제2893호
766,213,1,제정,2025-04-25,예규,1071,제정 2025. 4. 25. 예규 제1071호
767,214,1,제정,2025-09-01,규정,2809,제정 2025. 9. 1. 규정 제2809호
768,215,1,제정,2007-05-08,예규,364,제정 2007. 5. 8. 예규 제364호
769,215,2,개정,2009-08-10,예규,411,개정 2009. 8.10. 예규 제411호
770,215,3,개정,2011-12-16,예규,467,개정 2011.12.16. 예규 제467호
771,215,4,개정,2012-03-26,예규,484,개정 2012. 3.26. 예규 제484호
772,215,5,전문개정,2013-04-08,예규,517,전문개정 2013. 4. 8. 예규 제517호
773,215,6,개정,2016-03-03,예규,591,개정 2016. 3. 3. 예규 제591호
774,215,7,개정,2017-03-07,예규,641,개정 2017. 3. 7. 예규 제641호
775,215,8,개정,2017-05-15,예규,646,개정 2017. 5.15. 예규 제646호
776,215,9,개정,2022-02-22,예규,890,개정 2022. 2.22. 예규 제890호
777,215,10,개정,2025-05-07,예규,1072,개정 2025. 5. 7. 예규 제1072호
778,215,11,개정,2025-11-03,예규,1112,개정 2025. 11. 3. 예규 제1112호
779,215,12,개정,2026-07-29,예규,1141,개정 2026. 7. 29. 예규 제1141호
780,216,1,제정,2003-01-16,규정,1107,제정 2003. 1. 16. 규정 제1107호
781,216,2,개정,2003-08-13,규정,1150,개정 2003. 8. 13. 규정 제1150호
782,216,3,개정,2005-02-16,규정,1232,개정 2005. 2. 16. 규정 제1232호
783,216,4,개정,2005-08-22,규정,1262,개정 2005. 8. 22. 규정 제1262호
784,216,5,개정,2006-04-21,규정,1297,개정 2006. 4. 21. 규정 제1297호
785,216,6,개정,2007-05-02,규정,1347,개정 2007. 5. 2. 규정 제1347호
786,216,7,개정,2007-11-28,규정,1398,개정 2007. 11.28. 규정 제1398호
787,216,8,개정,2008-02-29,규정,1409,개정 2008. 2. 29. 규정 제1409호
788,216,9,개정,2009-06-29,규정,1542,개정 2009. 6. 29. 규정 제1542호
789,216,10,개정,2010-04-19,규정,1620,개정 2010. 4. 19. 규정 제1620호
790,216,11,개정,2012-07-17,규정,1788,개정 2012. 7. 17. 규정 제1788호
791,216,12,개정,2013-02-28,규정,1830,개정 2013. 2. 28. 규정 제1830호
792,216,13,개정,2015-02-27,규정,1957,개정 2015. 2. 27. 규정 제1957호
793,216,14,개정,2016-05-20,규정,2030,개정 2016. 5. 20. 규정 제2030호
794,216,15,개정,2019-11-27,규정,2325,개정 2019. 11.27. 규정 제2325호
795,216,16,개정,2021-08-02,규정,2443,개정 2021. 8. 2. 규정 제2443호
796,216,17,개정,2024-04-29,규정,2674,개정 2024. 4.29. 규정 제2674호
797,216,18,개정,2026-07-27,규정,2878,개정 2026. 7. 27. 규정 제2878호
798,217,1,제정,2015-07-01,규정,1983,제정 2015 7. 1. 규정 제1983호
799,218,1,제정,2025-06-30,예규,1082,제정 2025. 6. 30. 예규 제1082호
800,219,1,제정,2025-09-26,규정,2820,제정 2025. 9. 26. 규정 제2820호
801,220,1,제정,2025-11-13,예규,1113,제정 2025. 11. 13. 예규 제1113호
802,221,1,제정,2026-08-31,규정,2892,"제정 2026. 8. 31, 규정 제2892호"
803,222,1,제정,2018-07-01,규정,2233,제정 2018. 7. 1. 규정 제2233호
804,223,1,제정,2025-12-09,예규,1115,제정 2025. 12. 9. 예규 제1115호
805,224,1,제정,2010-04-19,규정,1621,제정 2010. 4.19. 규정 제1621호
806,224,2,개정,2010-09-30,규정,1665,개정 2010. 9.30. 규정 제1665호
807,224,3,개정,2010-11-22,규정,1670,개정 2010.11.22. 규정 제1670호
808,224,4,개정,2011-07-08,규정,1710,개정 2011. 7. 8. 규정 제1710호
809,224,5,개정,2013-02-28,규정,1841,개정 2013. 2.28. 규정 제1841호
810,224,6,개정,2013-10-31,규정,1881,개정 2013.10.31. 규정 제1881호
811,224,7,개정,2020-09-15,규정,2374,개정 2020. 9.15. 규정 제2374호
812,224,8,개정,2021-04-23,규정,2437,개정 2021. 4.23. 규정 제2437호
813,224,9,개정,2022-03-24,규정,2510,개정 2022. 3.24. 규정 제2510호
814,224,10,개정,2023-09-22,규정,2625,개정 2023. 9.22. 규정 제2625호
815,224,11,개정,2024-12-30,규정,2743,개정 2024.12.30. 규정 제2743호
816,225,1,제정,2008-07-23,규정,1483,제정 2008. 7.23. 규정 제1483호
817,225,2,개정,2012-07-17,규정,1792,개정 2012. 7.17. 규정 제1792호
818,225,3,개정,2019-02-28,규정,2270,개정 2019. 2.28. 규정 제2270호
819,225,4,개정,2019-07-24,규정,2319,개정 2019. 7.24. 규정 제2319호
820,225,5,개정,2021-04-23,규정,2430,개정 2021. 4.23. 규정 제2430호
821,225,6,개정,2022-05-30,규정,2521,개정 2022. 5.30. 규정 제2521호
822,225,7,개정,2023-10-27,규정,2630,개정 2023.10.27. 규정 제2630호
823,225,8,개정,2024-03-25,규정,2671,개정 2024. 3.25. 규정 제2671호
824,225,9,개정,2025-02-28,규정,2758,개정 2025. 2. 28. 규정 제2758호
825,225,10,개정,2026-07-27,규정,2884,개정 2026. 7. 27. 규정 제2884호
826,226,1,제정,2009-03-10,,,제정 2009. 3. 10
827,226,2,개정,2012-03-14,,,개정 2012. 3. 14
828,226,3,개정,2018-03-26,예규,683,개정 2018. 3.26. 예규 제683호
829,226,4,개정,2018-12-27,예규,714,개정 2018.12.27. 예규 제714호
830,226,5,개정,2019-07-02,예규,739,개정 2019. 7. 2. 예규 제739호
831,226,6,개정,2020-12-23,예규,809,개정 2020.12.23. 예규 제809호
832,226,7,개정,2021-09-01,예규,868,개정 2021. 9. 1. 예규 제868호
833,226,8,전부개정,2022-05-30,예규,905,전부개정 2022. 5.30. 예규 제905호
834,226,9,개정,2023-11-03,예규,976,개정 2023.11. 3. 예규 제976호
835,226,10,개정,2024-02-22,예규,992,개정 2024. 2.22. 예규 제992호
836,227,1,제정,1970-03-14,규정,58,제정 1970. 3. 14. 규정 제 58호
837,227,2,개정,1973-03-27,규정,105,개정 1973. 3. 27. 규정 제 105호
838,227,3,개정,1985-02-26,규정,381,개정 1985. 2. 26. 규정 제 381호
839,227,4,개정,1996-11-02,규정,840,개정 1996. 11. 2. 규정 제 840호
840,227,5,개정,1999-08-25,규정,977,개정 1999. 8. 25. 규정 제 977호
841,227,6,개정,2001-06-01,규정,1029,개정 2001. 6. 1. 규정 제1029호
842,227,7,개정,2008-07-23,규정,1480,개정 2008. 7. 23. 규정 제1480호
843,227,8,개정,2015-02-27,규정,1958,개정 2015. 2. 27. 규정 제1958호
844,227,9,개정,2019-05-02,규정,2295,개정 2019. 5. 2. 규정 제2295호
845,227,10,개정,2025-05-22,규정,2778,개정 2025. 5. 22. 규정 제2778호
846,228,1,제정,2009-04-21,규정,1536,제정 2009. 4. 21. 규정 제1536호
847,229,1,제정,2011-12-16,규정,1751,제정 2011. 12. 16. 규정 제1751호
848,230,1,제정,2006-03-29,규정,1294,제정 2006. 3.29. 규정 제1294호
849,230,2,개정,2007-09-08,규정,1388,개정 2007. 9. 8. 규정 제1388호
850,230,3,개정,2014-05-09,규정,1909,개정 2014. 5. 9. 규정 제1909호
851,230,4,개정,2015-05-28,규정,1979,개정 2015. 5.28. 규정 제1979호
852,230,5,개정,2016-12-26,규정,2108,개정 2016.12.26. 규정 제2108호
853,230,6,전부개정,2018-02-07,규정,2202,전부개정 2018. 2. 7. 규정 제2202호
854,230,7,개정,2019-07-02,규정,2311,개정 2019. 7. 2. 규정 제2311호
855,230,8,개정,2019-12-27,규정,2332,개정 2019.12.27. 규정 제2332호
856,230,9,개정,2021-03-25,규정,2417,개정 2021. 3.25. 규정 제2417호
857,230,10,개정,2024-12-30,규정,2731,개정 2024.12.30. 규정 제2731호
858,230,11,개정,2025-09-26,규정,2817,개정 2025. 9. 26. 규정 제2817호
859,231,1,제정,2018-09-27,예규,707,제정 2018. 9.27. 예규 제707호
860,231,2,개정,2019-01-21,예규,723,개정 2019. 1.21. 예규 제723호
861,231,3,개정,2019-08-26,예규,746,개정 2019. 8.26. 예규 제746호
862,231,4,개정,2020-04-06,예규,772,개정 2020. 4. 6. 예규 제772호
863,231,5,개정,2020-12-23,예규,807,개정 2020.12.23. 예규 제807호
864,231,6,개정,2022-05-30,예규,904,개정 2022. 5.30. 예규 제904호
865,231,7,개정,2023-07-25,예규,961,개정 2023. 7.25. 예규 제961호
866,231,8,개정,2025-12-22,예규,1118,개정 2025. 12. 22. 예규 제1118호
867,232,1,제정,1990-08-21,규정,575,제정 1990. 8.21. 규정 제 575호
868,232,2,개정,1993-02-11,규정,635,개정 1993. 2.11. 규정 제 635호
869,232,3,개정,2008-02-29,규정,1404,개정 2008. 2.29. 규정 제1404호
870,232,4,개정,2010-02-25,규정,1571,개정 2010. 2.25. 규정 제1571호
871,232,5,개정,2010-09-20,규정,1643,개정 2010. 9.20. 규정 제1643호
872,232,6,개정,2016-12-26,규정,2095,개정 2016.12.26. 규정 제2095호
873,232,7,전부개정,2019-12-27,규정,2330,전부개정 2019.12.27. 규정 제2330호
874,232,8,개정,2023-06-23,규정,2591,개정 2023. 6.23. 규정 제2591호
875,232,9,개정,2024-12-30,규정,2719,개정 2024.12.30. 규정 제2719호
876,233,1,제정,2018-02-07,규정,2210,제정 2018. 2. 7. 규정 제2210호
877,234,1,제정,1988-10-12,규정,536,제정 1988.10. 12 규정 제 536호
878,234,2,개정,1989-05-17,규정,551,개정 1989. 5. 17 규정 제 551호
879,234,3,개정,1993-06-23,규정,644,개정 1993. 6. 23 규정 제 644호
880,234,4,개정,1995-06-28,규정,759,개정 1995. 6. 28 규정 제 759호
881,234,5,개정,1997-11-25,규정,900,개정 1997.11. 25 규정 제 900호
882,234,6,개정,2002-05-22,규정,1607,개정 2002. 5. 22 규정 제1607호
883,234,7,개정,2003-06-13,규정,1139,개정 2003. 6. 13 규정 제1139호
884,234,8,개정,2008-02-29,규정,1456,개정 2008. 2. 29 규정 제1456호
885,234,9,개정,2010-02-25,규정,1613,개정 2010. 2. 25 규정 제1613호
886,234,10,개정,2014-08-26,규정,1930,개정 2014. 8. 26 규정 제1930호
887,234,11,개정,2016-12-26,규정,2112,개정 2016. 12.26 규정 제2112호
888,234,12,개정,2017-11-27,규정,2177,개정 2017. 11.27 규정 제2177호
889,235,1,제정,2025-02-28,규정,2760,제정 2025. 2. 28. 규정 제2760호
890,236,1,제정,2006-10-30,예규,342,제정 2006.10.30. 예규 제342호
891,236,2,개정,2007-06-13,예규,367,개정 2007. 6.13. 예규 제367호
892,236,3,개정,2007-12-24,예규,379,개정 2007.12.24. 예규 제379호
893,236,4,개정,2008-03-07,예규,385,개정 2008. 3. 7. 예규 제385호
894,236,5,개정,2008-04-24,예규,389,개정 2008. 4.24. 예규 제389호
895,236,6,개정,2008-12-17,예규,400,개정 2008.12.17. 예규 제400호
896,236,7,개정,2009-02-23,예규,404,개정 2009. 2.23. 예규 제404호
897,236,8,개정,2010-09-20,예규,439,개정 2010. 9.20. 예규 제439호
898,236,9,개정,2011-12-06,예규,465,개정 2011. 12.6. 예규 제465호
899,236,10,개정,2012-04-18,예규,489,개정 2012. 4.18. 예규 제489호
900,236,11,개정,2012-10-30,예규,504,개정 2012.10.30. 예규 제504호
901,236,12,개정,2014-07-31,예규,554,개정 2014. 7.31. 예규 제554호
902,236,13,개정,2015-02-12,예규,564,개정 2015. 2.12. 예규 제564호
903,236,14,개정,2015-08-17,예규,578,개정 2015. 8.17. 예규 제578호
904,236,15,개정,2016-04-07,예규,597,개정 2016. 4. 7. 예규 제597호
905,236,16,개정,2017-01-12,예규,631,개정 2017. 1.12. 예규 제631호
906,236,17,개정,2018-05-02,예규,692,개정 2018. 5. 2. 예규 제692호
907,236,18,개정,2019-04-17,예규,730,개정 2019. 4.17. 예규 제730호
908,236,19,개정,2020-01-07,예규,762,개정 2020. 1. 7. 예규 제762호
909,236,20,개정,2021-04-28,예규,840,개정 2021. 4.28. 예규 제840호
910,236,21,개정,2021-06-25,예규,854,개정 2021. 6.25. 예규 제854호
911,236,22,개정,2021-09-28,예규,869,개정 2021. 9.28. 예규 제869호
912,236,23,개정,2023-07-25,예규,960,개정 2023. 7.25. 예규 제960호
913,236,24,개정,2026-04-06,예규,1130,개정 2026. 4. 6. 예규 제1130호
914,237,1,제정,2007-10-30,규정,1389,제정 2007.10.30. 규정 제1389호
915,237,2,전부개정,2008-07-23,규정,1479,전부개정 2008. 7.23. 규정 제1479호
916,237,3,개정,2010-02-25,규정,1572,개정 2010. 2.25. 규정 제1572호
917,237,4,개정,2016-12-26,규정,2094,개정 2016.12.26. 규정 제2094호
918,237,5,개정,2021-04-23,규정,2437,개정 2021. 4.23. 규정 제2437호
919,237,6,개정,2026-02-27,규정,2849,개정 2026. 2. 27. 규정 제2849호
920,238,1,개정,2007-05-25,규정,1360,개정 2007. 5. 25. 규정 제1360호
921,238,2,개정,2010-02-25,규정,1618,개정 2010. 2. 25. 규정 제1618호
922,238,3,개정,2012-11-28,규정,1805,개정 2012. 11.28. 규정 제1805호
923,238,4,개정,2014-08-26,규정,1927,개정 2014. 8. 26. 규정 제1927호
924,238,5,개정,2015-09-01,규정,1992,개정 2015. 9. 1. 규정 제1992호
925,238,6,개정,2020-03-27,규정,2348,개정 2020. 3. 27. 규정 제2348호
926,238,7,개정,2025-09-01,규정,2807,개정 2025. 9. 1. 규정 제2807호
927,239,1,제정,1996-04-16,예규,186,제정 1996. 4.16. 예규 제186호
928,239,2,개정,1997-09-20,예규,201,개정 1997. 9.20. 예규 제201호
929,239,3,개정,2001-06-01,예규,247,개정 2001. 6.01. 예규 제247호
930,239,4,개정,2002-03-01,예규,265,개정 2002. 3.01. 예규 제265호
931,239,5,개정,2004-06-19,예규,308,개정 2004. 6.19. 예규 제308호
932,239,6,개정,2004-11-09,예규,313,개정 2004.11. 9. 예규 제313호
933,239,7,개정,2005-12-23,예규,328,개정 2005.12.23. 예규 제328호
934,239,8,개정,2006-03-24,예규,331,개정 2006. 3.24. 예규 제331호
935,239,9,개정,2012-03-19,예규,483,개정 2012. 3.19. 예규 제483호
936,239,10,개정,2012-10-26,예규,503,개정 2012.10.26. 예규 제503호
937,239,11,개정,2018-02-13,예규,676,개정 2018. 2.13. 예규 제676호
938,239,12,개정,2019-01-04,예규,717,개정 2019. 1. 4. 예규 제717호
939,239,13,개정,2021-03-26,예규,837,개정 2021. 3.26. 예규 제837호
940,239,14,개정,2021-04-28,예규,843,개정 2021. 4.28. 예규 제843호
941,239,15,개정,2021-04-28,예규,844,개정 2021. 4.28. 예규 제844호
942,239,16,개정,2022-08-02,예규,919,개정 2022. 8. 2. 예규 제919호
943,239,17,개정,2023-09-08,예규,968,개정 2023. 9. 8. 예규 제968호
944,239,18,개정,2024-05-08,예규,1003,개정 2024. 5. 8. 예규 제1003호
945,240,1,제정,1996-03-19,규정,802,제정 1996. 3.19. 규정 제 802호
946,240,2,개정,2001-04-19,규정,1027,개정 2001. 4.19. 규정 제1027호
947,240,3,개정,2001-11-20,규정,1045,개정 2001.11.20. 규정 제1045호
948,240,4,개정,2002-04-04,규정,1063,개정 2002. 4. 4. 규정 제1063호
949,240,5,개정,2011-01-28,규정,1676,개정 2011. 1.28. 규정 제1676호
950,240,6,개정,2016-12-26,규정,2119,개정 2016.12.26. 규정 제2119호
951,240,7,전부개정,2018-02-23,규정,2219,전부개정 2018. 2.23. 규정 제2219호
952,240,8,개정,2021-05-04,규정,2438,개정 2021. 5. 4. 규정 제2438호
953,240,9,개정,2023-08-25,규정,2616,개정 2023. 8.25. 규정 제2616호
954,240,10,개정,2024-12-30,규정,2741,개정 2024.12.30. 규정 제2741호
955,241,1,제정,1984-01-01,규정,319,제정 1984. 1. 1. 규정 제 319호
956,241,2,개정,1987-04-01,규정,492,개정 1987. 4. 1. 규정 제 492호
957,241,3,개정,1990-03-07,규정,569,개정 1990. 3. 7. 규정 제 569호
958,241,4,개정,1994-05-03,규정,681,개정 1994. 5. 3. 규정 제 681호
959,241,5,개정,2010-02-25,규정,1604,개정 2010. 2. 25. 규정 제1604호
960,241,6,개정,2011-12-29,규정,1755,개정 2011. 12. 29. 규정 제1755호
961,241,7,개정,2016-02-03,규정,2013,개정 2016. 2. 3. 규정 제2013호
962,241,8,개정,2017-05-31,규정,2144,개정 2017. 5. 31. 규정 제2144호
963,241,9,개정,2019-04-04,규정,2276,개정 2019. 4. 4. 규정 제2276호
964,241,10,개정,2021-03-25,규정,2416,개정 2021. 3. 25. 규정 제2416호
965,241,11,개정,2021-04-23,규정,2437,개정 2021. 4. 23. 규정 제2437호
966,241,12,전부개정,2025-02-28,규정,2764,전부개정 2025. 2. 28. 규정 제2764호
967,242,1,제정,2004-11-12,규정,1215,제정 2004. 11. 12. 규정 제1215호
968,242,2,개정,2010-09-30,규정,1652,개정 2010. 9. 30. 규정 제1652호
969,242,3,개정,2015-05-28,규정,1976,개정 2015. 5. 28. 규정 제1976호
970,242,4,개정,2016-12-26,규정,2093,개정 2016. 12. 26. 규정 제2093호
971,242,5,개정,2024-12-30,규정,2720,개정 2024. 12. 30. 규정 제2720호
972,243,1,제정,2025-02-28,규정,2762,제정 2025. 2. 28. 규정 제2762호
973,244,1,제정,2019-06-21,예규,738,제정 2019. 6. 21. 예규 제738호
974,244,2,개정,2020-06-16,예규,792,개정 2020. 6. 16. 예규 제792호
975,244,3,개정,2021-02-26,예규,834,개정 2021. 2. 26. 예규 제834호
976,244,4,개정,2024-06-20,예규,1009,개정 2024. 6. 20. 예규 제1009호
977,244,5,개정,2024-12-31,예규,1050,개정 2024. 12. 31. 예규 제1050호
978,245,1,제정,1993-08-01,규정,646,제정 1993. 8. 1. 규정 제 646호
979,245,2,개정,1995-05-30,규정,750,개정 1995. 5. 30. 규정 제 750호
980,245,3,개정,2002-06-19,규정,1077,개정 2002. 6. 19. 규정 제1077호
981,245,4,전문개정,2007-02-23,규정,1337,전문개정 2007. 2. 23. 규정 제1337호
982,245,5,개정,2008-02-28,규정,1406,개정 2008. 2. 28. 규정 제1406호
983,245,6,개정,2008-09-01,규정,1489,개정 2008. 9. 1. 규정 제1489호
984,245,7,개정,2009-04-21,규정,1533,개정 2009. 4. 21. 규정 제1533호
985,245,8,개정,2010-02-25,규정,1573,개정 2010. 2. 25. 규정 제1573호
986,245,9,개정,2010-08-27,규정,1632,개정 2010. 8. 27. 규정 제1632호
987,245,10,개정,2010-09-30,규정,1653,개정 2010. 9. 30. 규정 제1653호
988,245,11,개정,2012-02-29,규정,1757,개정 2012. 2. 29. 규정 제1757호
989,245,12,개정,2013-06-18,규정,1855,개정 2013. 6. 18. 규정 제1855호
990,245,13,개정,2013-09-25,규정,1867,개정 2013. 9. 25. 규정 제1867호
991,245,14,개정,2013-10-31,규정,1880,개정 2013.10. 31. 규정 제1880호
992,245,15,개정,2015-02-27,규정,1948,개정 2015. 2. 27. 규정 제1948호
993,245,16,개정,2015-05-28,규정,1975,개정 2015. 5. 28. 규정 제1975호
994,245,17,개정,2016-12-26,규정,2077,개정 2016. 12.26. 규정 제2077호
995,245,18,개정,2018-02-07,규정,2194,개정 2018. 2. 7. 규정 제2194호
996,245,19,개정,2018-02-23,규정,2216,개정 2018. 2.23. 규정 제2216호
997,245,20,개정,2019-04-04,규정,2273,개정 2019. 4. 4. 규정 제2273호
998,245,21,개정,2021-04-23,규정,2437,개정 2021. 4.23. 규정 제2437호
999,245,22,개정,2021-11-26,규정,2471,개정 2021. 11.26. 규정 제2471호
1000,245,23,개정,2024-01-05,규정,2648,개정 2024. 1. 5. 규정 제2648호
1001,245,24,개정,2024-12-30,규정,2721,개정 2024. 12. 30. 규정 제2721호
1002,245,25,개정,2025-06-10,규정,2792,개정 2025. 6. 10. 규정 제2792호
1003,245,26,개정,2025-09-01,규정,2804,개정 2025. 9. 1. 규정 제2804호
1004,245,27,개정,2025-06-10,규정,2792,개정 2025. 6. 10. 규정 제2792호
1005,245,28,개정,2025-09-01,규정,2804,개정 2025. 9. 1. 규정 제2804호
1006,245,29,개정,2025-12-01,규정,2836,개정 2025. 12. 1. 규정 제2836호
1007,245,30,개정,2026-04-27,규정,2857,개정 2026. 4. 27. 규정 제2857호
1008,246,1,제정,2011-09-30,예규,460,제정 2011. 9.30. 예규 제460호
1009,246,2,개정,2011-12-12,예규,466,개정 2011.12.12. 예규 제466호
1010,246,3,개정,2012-02-27,예규,476,개정 2012. 2.27. 예규 제476호
1011,246,4,개정,2013-04-09,예규,518,개정 2013. 4. 9. 예규 제518호
1012,246,5,개정,2015-09-21,예규,582,개정 2015. 9.21. 예규 제582호
1013,246,6,개정,2016-08-16,예규,608,개정 2016. 8.16. 예규 제608호
1014,246,7,개정,2017-10-30,예규,655,개정 2017.10.30. 예규 제655호
1015,246,8,개정,2020-02-25,예규,765,개정 2020. 2.25. 예규 제765호
1016,246,9,개정,2020-12-23,예규,806,개정 2020.12.23. 예규 제806호
1017,246,10,개정,2021-04-28,예규,839,개정 2021. 4.28. 예규 제839호
1018,246,11,개정,2022-03-22,예규,892,개정 2022. 3.22. 예규 제892호
1019,246,12,개정,2023-04-20,예규,943,개정 2023. 4.20. 예규 제943호
1020,246,13,개정,2024-04-02,예규,1000,개정 2024. 4. 2. 예규 제1000호
1021,246,14,개정,2025-04-16,예규,1070,개정 2025. 4. 16. 예규 제1070호
1022,246,15,개정,2025-12-22,예규,1117,개정 2025. 12. 22. 예규 제1117호
1023,247,1,제정,2017-09-25,예규,654,제정 2017. 9.25. 예규 제654호
1024,247,2,전부개정,2021-01-20,예규,816,전부개정 2021. 1.20. 예규 제816호
1025,247,3,개정,2022-01-17,예규,886,개정 2022. 1.17. 예규 제886호
1026,247,4,개정,2024-12-31,예규,1038,개정 2024. 12. 31. 예규 제1038호
1027,248,1,제정,1992-01-14,규정,600,제정 1992. 1.14. 규정 제 600호
1028,248,2,개정,1992-03-16,규정,606,개정 1992. 3.16. 규정 제 606호
1029,248,3,개정,1993-10-20,규정,654,개정 1993.10.20. 규정 제 654호
1030,248,4,개정,1995-02-11,규정,740,개정 1995. 2.11. 규정 제 740호
1031,248,5,개정,1996-09-24,규정,826,개정 1996. 9.24. 규정 제 826호
1032,248,6,개정,1997-09-11,규정,887,개정 1997. 9.11. 규정 제 887호
1033,248,7,개정,2002-06-19,규정,1072,개정 2002. 6.19. 규정 제1072호
1034,248,8,개정,2003-02-06,규정,1113,개정 2003. 2. 6. 규정 제1113호
1035,248,9,개정,2004-10-27,규정,1213,개정 2004.10.27. 규정 제1213호
1036,248,10,개정,2005-03-30,규정,1237,개정 2005. 3.30. 규정 제1237호
1037,248,11,개정,2005-06-30,규정,1249,개정 2005. 6.30. 규정 제1249호
1038,248,12,개정,2005-12-20,규정,1278,개정 2005.12.20. 규정 제1278호
1039,248,13,개정,2008-02-29,규정,1427,개정 2008. 2.29. 규정 제1427호
1040,248,14,개정,2009-04-21,규정,1532,개정 2009. 4.21. 규정 제1532호
1041,248,15,개정,2010-02-25,규정,1574,개정 2010. 2.25. 규정 제1574호
1042,248,16,개정,2010-09-20,규정,1645,개정 2010. 9.20. 규정 제1645호
1043,248,17,개정,2011-01-28,규정,1674,개정 2011. 1.28. 규정 제1674호
1044,248,18,개정,2011-12-16,규정,1747,개정 2011.12.16. 규정 제1747호
1045,248,19,개정,2012-08-31,규정,1800,개정 2012. 8.31. 규정 제1800호
1046,248,20,개정,2014-02-27,규정,1890,개정 2014. 2.27. 규정 제1890호
1047,248,21,개정,2014-06-09,규정,1911,개정 2014. 6. 9. 규정 제1911호
1048,248,22,개정,2016-08-29,규정,2049,개정 2016. 8.29. 규정 제2049호
1049,248,23,개정,2018-09-21,규정,2245,개정 2018. 9.21. 규정 제2245호
1050,248,24,개정,2019-02-28,규정,2272,개정 2019. 2.28. 규정 제2272호
1051,248,25,개정,2019-10-13,규정,2323,개정 2019.10.13. 규정 제2323호
1052,248,26,개정,2021-02-26,규정,2402,개정 2021. 2.26. 규정 제2402호
1053,248,27,개정,2023-05-30,규정,2586,개정 2023. 5.30. 규정 제2586호
1054,248,28,개정,2024-02-26,규정,2657,개정 2024. 2.26. 규정 제2657호
1055,248,29,개정,2024-08-28,규정,2697,개정 2024. 8.28. 규정 제2697호
1056,248,30,개정,2025-03-31,규정,2767,개정 2025. 3. 31. 규정 제2767호
1057,248,31,개정,2025-05-22,규정,2776,개정 2025. 5. 22. 규정 제2776호
1058,248,32,개정,2025-09-26,규정,2814,개정 2025. 9. 26. 규정 제2814호
1059,248,33,미표기,2026-04-27,규정,2859,2026. 4. 27. 규정 제2859호
1060,249,1,제정,1989-08-02,예규,117,제정 1989. 8. 2. 예규 제 117호
1061,249,2,개정,1990-04-18,예규,139,개정 1990. 4.18. 예규 제 139호
1062,249,3,개정,1994-02-23,예규,161,개정 1994. 2.23. 예규 제 161호
1063,249,4,개정,1995-09-13,예규,183,개정 1995. 9.13. 예규 제 183호
1064,249,5,개정,1996-06-03,예규,188,개정 1996. 6. 3. 예규 제 188호
1065,249,6,개정,1997-12-30,예규,203,개정 1997.12.30. 예규 제 203호
1066,249,7,개정,1998-12-30,예규,217,개정 1998.12.30. 예규 제 217호
1067,249,8,개정,1999-09-02,예규,224,개정 1999. 9. 2. 예규 제 224호
1068,249,9,개정,2000-02-15,예규,231,개정 2000. 2.15. 예규 제 231호
1069,249,10,개정,2000-11-21,예규,240,개정 2000.11.21. 예규 제 240호
1070,249,11,개정,2001-08-02,예규,249,개정 2001. 8. 2. 예규 제 249호
1071,249,12,개정,2001-08-16,예규,251,개정 2001. 8.16. 예규 제 251호
1072,249,13,개정,2002-02-28,예규,264,개정 2002. 2.28. 예규 제 264호
1073,249,14,개정,2002-05-29,예규,269,개정 2002. 5.29. 예규 제 269호
1074,249,15,개정,2002-08-20,예규,272,개정 2002. 8.20. 예규 제 272호
1075,249,16,개정,2003-06-16,예규,288,개정 2003. 6.16. 예규 제 288호
1076,249,17,개정,2003-10-15,예규,295,개정 2003.10.15. 예규 제 295호
1077,249,18,개정,2006-05-03,예규,335,개정 2006. 5. 3. 예규 제 335호
1078,249,19,개정,2007-01-25,예규,351,개정 2007. 1.25. 예규 제 351호
1079,249,20,개정,2008-02-11,예규,382,개정 2008. 2.11. 예규 제 382호
1080,249,21,개정,2008-02-21,예규,384,개정 2008. 2.21. 예규 제 384호
1081,249,22,개정,2009-03-23,예규,406,개정 2009. 3.23. 예규 제 406호
1082,249,23,개정,2012-03-16,예규,482,개정 2012. 3.16. 예규 제 482호
1083,249,24,개정,2014-02-27,예규,540,개정 2014. 2.27. 예규 제 540호
1084,249,25,개정,2014-04-03,예규,546,개정 2014. 4. 3. 예규 제 546호
1085,249,26,개정,2015-03-02,예규,566,개정 2015. 3. 2. 예규 제 566호
1086,249,27,개정,2016-05-20,예규,599,개정 2016. 5.20. 예규 제 599호
1087,249,28,개정,2018-02-28,예규,680,개정 2018. 2.28. 예규 제 680호
1088,249,29,개정,2019-03-08,예규,719,개정 2019. 3. 8. 예규 제 719호
1089,249,30,개정,2020-01-07,예규,763,개정 2020. 1. 7. 예규 제 763호
1090,249,31,개정,2021-05-17,예규,848,개정 2021. 5.17. 예규 제 848호
1091,249,32,개정,2021-12-28,예규,879,개정 2021.12.28. 예규 제 879호
1092,249,33,개정,2022-05-30,예규,907,개정 2022. 5.30. 예규 제 907호
1093,249,34,개정,2023-03-15,예규,940,개정 2023. 3.15. 예규 제 940호
1094,249,35,개정,2023-12-21,예규,982,개정 2023.12.21. 예규 제 982호
1095,249,36,개정,2024-02-20,예규,991,개정 2024. 2.20. 예규 제 991호
1096,249,37,개정,2024-04-15,예규,1002,개정 2024. 4.15. 예규 제1002호
1097,249,38,개정,2024-09-02,예규,1020,개정 2024. 9. 2. 예규 제1020호
1098,249,39,개정,2024-10-31,예규,1029,개정 2024.10.31. 예규 제1029호
1099,249,40,개정,2025-02-12,예규,1056,개정 2025. 2. 12. 예규 제1056호
1100,249,41,개정,2025-04-11,예규,1069,개정 2025. 4. 11. 예규 제1069호
1101,249,42,개정,2026-01-14,예규,1122,개정 2026. 1. 14. 예규 제1122호
1102,250,1,제정,1989-08-02,예규,117,제정 1989. 8. 2. 예규 제 117호
1103,250,2,개정,1990-04-18,예규,139,개정 1990. 4.18. 예규 제 139호
1104,250,3,개정,1994-02-23,예규,161,개정 1994. 2.23. 예규 제 161호
1105,250,4,개정,1995-09-13,예규,183,개정 1995. 9.13. 예규 제 183호
1106,250,5,개정,1996-06-03,예규,188,개정 1996. 6. 3. 예규 제 188호
1107,250,6,개정,1997-12-30,예규,203,개정 1997.12.30. 예규 제 203호
1108,250,7,개정,1998-12-30,예규,217,개정 1998.12.30. 예규 제 217호
1109,250,8,개정,1999-09-02,예규,224,개정 1999. 9. 2. 예규 제 224호
1110,250,9,개정,2000-02-15,예규,231,개정 2000. 2.15. 예규 제 231호
1111,250,10,개정,2000-11-21,예규,240,개정 2000.11.21. 예규 제 240호
1112,250,11,개정,2001-08-02,예규,249,개정 2001. 8. 2. 예규 제 249호
1113,250,12,개정,2001-08-16,예규,251,개정 2001. 8.16. 예규 제 251호
1114,250,13,개정,2002-02-28,예규,264,개정 2002. 2.28. 예규 제 264호
1115,250,14,개정,2002-05-29,예규,269,개정 2002. 5.29. 예규 제 269호
1116,250,15,개정,2002-08-20,예규,272,개정 2002. 8.20. 예규 제 272호
1117,250,16,개정,2003-06-16,예규,288,개정 2003. 6.16. 예규 제 288호
1118,250,17,개정,2003-10-15,예규,295,개정 2003.10.15. 예규 제 295호
1119,250,18,개정,2006-05-03,예규,335,개정 2006. 5. 3. 예규 제 335호
1120,250,19,개정,2007-01-25,예규,351,개정 2007. 1.25. 예규 제 351호
1121,250,20,개정,2008-02-11,예규,382,개정 2008. 2.11. 예규 제 382호
1122,250,21,개정,2008-02-21,예규,384,개정 2008. 2.21. 예규 제 384호
1123,250,22,개정,2009-03-23,예규,406,개정 2009. 3.23. 예규 제 406호
1124,250,23,개정,2012-03-16,예규,482,개정 2012. 3.16. 예규 제 482호
1125,250,24,개정,2014-02-27,예규,540,개정 2014. 2.27. 예규 제 540호
1126,250,25,개정,2014-04-03,예규,546,개정 2014. 4. 3. 예규 제 546호
1127,250,26,개정,2015-03-02,예규,566,개정 2015. 3. 2. 예규 제 566호
1128,250,27,개정,2016-05-20,예규,599,개정 2016. 5.20. 예규 제 599호
1129,250,28,개정,2018-02-28,예규,680,개정 2018. 2.28. 예규 제 680호
1130,250,29,개정,2019-03-08,예규,719,개정 2019. 3. 8. 예규 제 719호
1131,250,30,개정,2020-01-07,예규,763,개정 2020. 1. 7. 예규 제 763호
1132,250,31,개정,2021-05-17,예규,848,개정 2021. 5.17. 예규 제 848호
1133,250,32,개정,2021-12-28,예규,879,개정 2021.12.28. 예규 제 879호
1134,250,33,개정,2022-05-30,예규,907,개정 2022. 5.30. 예규 제 907호
1135,250,34,개정,2023-03-15,예규,940,개정 2023. 3.15. 예규 제 940호
1136,250,35,개정,2023-12-21,예규,982,개정 2023.12.21. 예규 제 982호
1137,250,36,개정,2024-02-20,예규,991,개정 2024. 2.20. 예규 제 991호
1138,250,37,개정,2024-04-15,예규,1002,개정 2024. 4.15. 예규 제1002호
1139,250,38,개정,2024-09-02,예규,1020,개정 2024. 9. 2. 예규 제1020호
1140,250,39,개정,2024-10-31,예규,1029,개정 2024.10.31. 예규 제1029호
1141,250,40,개정,2025-02-12,예규,1056,개정 2025. 2. 12. 예규 제1056호
1142,250,41,개정,2025-04-11,예규,1069,개정 2025. 4. 11. 예규 제1069호
1143,250,42,개정,2026-01-14,예규,1122,개정 2026. 1. 14. 예규 제1122호
1144,250,43,개정,2026-06-17,예규,1138,개정 2026. 6. 17. 예규 제1138호
1145,251,1,제정,1992-10-13,규정,627,제정 1992.10.13. 규정 제 627호
1146,251,2,개정,2004-06-15,규정,1182,개정 2004. 6.15. 규정 제1182호
1147,251,3,개정,2011-12-16,규정,1745,개정 2011.12.16. 규정 제1745호
1148,251,4,개정,2013-10-11,규정,1873,개정 2013.10.11. 규정 제1873호
1149,251,5,개정,2016-12-26,규정,2091,개정 2016.12.26. 규정 제2091호
1150,251,6,개정,2018-02-07,규정,2193,개정 2018. 2. 7. 규정 제2193호
1151,251,7,개정,2021-02-26,규정,2412,개정 2021. 2.26. 규정 제2412호
1152,251,8,개정,2023-06-23,규정,2603,개정 2023. 6.23. 규정 제2603호
1153,251,9,개정,2024-12-30,규정,2749,개정 2024.12.30. 규정 제2749호
1154,252,1,제정,2022-04-15,예규,897,제정 2022. 4. 15. 예규 제897호
1155,253,1,제정,2014-11-05,예규,561,제정 2014.11. 5. 예규 제561호
1156,253,2,개정,2016-06-09,예규,603,개정 2016.06.09. 예규 제603호
1157,253,3,개정,2017-07-25,예규,650,개정 2017.07.25. 예규 제650호
1158,254,1,제정,2003-11-10,예규,296,제정 2003. 11. 10. 예규 제296호
1159,254,2,개정,2008-01-02,예규,380,개정 2008. 1. 2. 예규 제380호
1160,254,3,개정,2008-07-14,예규,393,개정 2008. 7. 14. 예규 제393호
1161,254,4,개정,2009-02-02,예규,403,개정 2009. 2. 2. 예규 제403호
1162,254,5,개정,2013-10-30,예규,532,개정 2013. 10. 30. 예규 제532호
1163,254,6,개정,2014-11-05,예규,560,개정 2014. 11. 5. 예규 제560호
1164,254,7,개정,2015-09-14,예규,581,개정 2015. 9. 14. 예규 제581호
1165,254,8,개정,2016-06-02,예규,602,개정 2016. 6. 2. 예규 제602호
1166,254,9,개정,2016-11-01,예규,614,개정 2016. 11. 1. 예규 제614호
1167,254,10,개정,2016-11-16,예규,619,개정 2016. 11. 16. 예규 제619호
1168,254,11,개정,2017-01-26,예규,635,개정 2017. 1. 26. 예규 제635호
1169,254,12,개정,2018-02-07,예규,673,개정 2018. 2. 7. 예규 제673호
1170,254,13,개정,2018-07-13,예규,701,개정 2018. 7. 13. 예규 제701호
1171,254,14,개정,2019-09-18,예규,751,개정 2019. 9. 18. 예규 제751호
1172,254,15,개정,2020-06-16,예규,793,개정 2020. 6. 16. 예규 제793호
1173,254,16,개정,2025-08-11,예규,1090,개정 2025. 8. 11. 예규 제1090호
1174,254,17,개정,2025-09-03,예규,1093,개정 2025. 9. 3. 예규 제1093호
1175,255,1,제정,2007-09-05,예규,372,제정 2007. 9. 5. 예규 제372호
1176,255,2,전부개정,2016-01-05,예규,588,전부개정 2016. 1. 5. 예규 제588호
1177,255,3,개정,2020-02-25,예규,768,개정 2020. 2.25. 예규 제768호
1178,255,4,개정,2021-08-30,예규,864,개정 2021. 8.30. 예규 제864호
1179,255,5,개정,2023-10-27,예규,974,개정 2023.10.27. 예규 제974호
1180,255,6,개정,2025-02-12,예규,1059,개정 2025. 2. 12. 예규 제1059호
1181,256,1,제정,2019-08-26,예규,748,제정 2019. 8.26. 예규 제748호
1182,256,2,개정,2020-12-23,예규,808,개정 2020.12.23. 예규 제808호
1183,256,3,개정,2021-02-10,예규,820,개정 2021. 2.10. 예규 제820호
1184,256,4,개정,2022-01-06,예규,884,개정 2022. 1. 6. 예규 제884호
1185,256,5,개정,2022-09-21,예규,924,개정 2022. 9.21. 예규 제924호
1186,256,6,개정,2024-12-31,예규,1039,개정 2024. 12. 31. 예규 제1039호
1187,256,7,개정,2025-06-10,예규,1079,개정 2025. 6. 10. 예규 제1079호
1188,256,8,개정,2026-04-20,예규,1133,개정 2026. 4. 20. 예규 제1133호
1189,257,1,제정,2024-05-14,예규,1005,제정 2024. 5. 14. 예규 제1005호
1190,257,2,개정,2024-12-31,예규,1043,개정 2024. 12. 31. 예규 제1043호
1191,258,1,제정,2017-11-07,예규,658,제정 2017. 11. 7. 예규 제658호
1192,258,2,개정,2024-12-31,예규,1044,개정 2024. 12. 31. 예규 제1044호
1193,259,1,제정,1995-09-05,규정,765,제정 1995. 9. 5 규정 제 765호
1194,259,2,개정,1998-06-29,규정,934,개정 1998. 6. 29 규정 제 934호
1195,259,3,개정,2000-09-01,규정,1005,개정 2000. 9. 1 규정 제1005호
1196,259,4,개정,2011-07-08,규정,1712,개정 2011. 7. 8. 규정 제1712호
1197,259,5,개정,2015-12-30,규정,2006,개정 2015. 12. 30. 규정 제2006호
1198,260,1,제정,2009-08-31,규정,1556,제정 2009. 8. 31. 규정 제1556호
1199,261,1,제정,2017-11-07,예규,659,제정 2017. 11. 7. 예규 제659호
1200,261,2,개정,2024-12-31,예규,1045,개정 2024. 12. 31. 예규 제1045호
1201,262,1,제정,2016-12-26,규정,2133,제정 2016.12.26. 규정 제2133호
1202,262,2,개정,2020-05-04,규정,2356,개정 2020. 5. 4. 규정 제2356호
1203,262,3,개정,2021-03-25,규정,2421,개정 2021. 3.25. 규정 제2421호
1204,262,4,개정,2024-12-30,규정,2740,개정 2024.12.30. 규정 제2740호
1205,263,1,제정,2001-04-03,규정,1025,제정 2001. 4. 3. 규정 제1025호
1206,263,2,개정,2001-08-31,규정,1041,개정 2001. 8.31. 규정 제1041호
1207,263,3,개정,2002-06-29,규정,1085,개정 2002. 6.29. 규정 제1085호
1208,263,4,개정,2002-09-27,규정,1098,개정 2002. 9.27. 규정 제1098호
1209,263,5,개정,2003-06-13,규정,1149,개정 2003. 6.13. 규정 제1149호
1210,263,6,개정,2004-06-15,규정,1187,개정 2004. 6.15. 규정 제1187호
1211,263,7,개정,2004-08-11,규정,1198,개정 2004. 8.11. 규정 제1198호
1212,263,8,개정,2005-08-22,규정,1265,개정 2005. 8.22. 규정 제1265호
1213,263,9,개정,2005-11-28,규정,1276,개정 2005.11.28. 규정 제1276호
1214,263,10,개정,2006-08-07,규정,1306,개정 2006. 8. 7. 규정 제1306호
1215,263,11,개정,2007-08-29,규정,1384,개정 2007. 8.29. 규정 제1384호
1216,263,12,개정,2007-10-30,규정,1392,개정 2007.10.30. 규정 제1392호
1217,263,13,개정,2008-05-01,규정,1470,개정 2008. 5. 1. 규정 제1470호
1218,263,14,개정,2008-12-02,규정,1514,개정 2008.12. 2. 규정 제1514호
1219,263,15,개정,2009-06-29,규정,1548,개정 2009. 6.29. 규정 제1548호
1220,263,16,개정,2010-02-25,규정,1603,개정 2010. 2.25. 규정 제1603호
1221,263,17,개정,2010-05-25,규정,1631,개정 2010. 5.25. 규정 제1631호
1222,263,18,개정,2010-08-27,규정,1635,개정 2010. 8.27. 규정 제1635호
1223,263,19,개정,2011-07-08,규정,1709,개정 2011. 7. 8. 규정 제1709호
1224,263,20,개정,2011-08-31,규정,1724,개정 2011. 8.31. 규정 제1724호
1225,263,21,개정,2012-02-29,규정,1769,개정 2012. 2.29. 규정 제1769호
1226,263,22,개정,2012-07-17,규정,1797,개정 2012. 7.17. 규정 제1797호
1227,263,23,개정,2014-08-26,규정,1932,개정 2014. 8.26. 규정 제1932호
1228,263,24,개정,2015-02-27,규정,1966,개정 2015. 2.27. 규정 제1966호
1229,263,25,개정,2015-04-23,규정,1973,개정 2015. 4.23. 규정 제1973호
1230,263,26,개정,2015-07-01,규정,1985,개정 2015. 7. 1. 규정 제1985호
1231,263,27,개정,2016-03-29,규정,2020,개정 2016. 3.29. 규정 제2020호
1232,263,28,개정,2016-11-28,규정,2073,개정 2016.11.28. 규정 제2073호
1233,263,29,개정,2016-12-26,규정,2123,개정 2016.12.26. 규정 제2123호
1234,263,30,개정,2017-04-03,규정,2142,개정 2017. 4. 3. 규정 제2142호
1235,263,31,개정,2017-10-16,규정,2168,개정 2017.10.16. 규정 제2168호
1236,263,32,개정,2017-11-27,규정,2184,개정 2017.11.27. 규정 제2184호
1237,263,33,개정,2018-02-07,규정,2214,개정 2018. 2. 7. 규정 제2214호
1238,263,34,개정,2019-01-04,규정,2261,개정 2019. 1. 4. 규정 제2261호
1239,263,35,개정,2019-04-29,규정,2293,개정 2019. 4.29. 규정 제2293호
1240,263,36,개정,2019-11-27,규정,2328,개정 2019.11.27. 규정 제2328호
1241,263,37,개정,2020-07-14,규정,2368,개정 2020. 7.14. 규정 제2368호
1242,263,38,개정,2021-02-26,규정,2415,개정 2021. 2.26. 규정 제2415호
1243,263,39,개정,2021-04-23,규정,2436,개정 2021. 4.23. 규정 제2436호
1244,263,40,개정,2021-11-30,규정,2481,개정 2021.11.30. 규정 제2481호
1245,263,41,개정,2021-12-29,규정,2492,개정 2021.12.29. 규정 제2492호
1246,263,42,개정,2022-02-28,규정,2508,개정 2022. 2.28. 규정 제2508호
1247,263,43,개정,2022-04-29,규정,2512,개정 2022. 4.29. 규정 제2512호
1248,263,44,개정,2022-09-26,규정,2541,개정 2022. 9.26. 규정 제2541호
1249,263,45,개정,2023-02-27,규정,2574,개정 2023. 2.27. 규정 제2574호
1250,263,46,개정,2023-05-01,규정,2585,개정 2023. 5. 1. 규정 제2585호
1251,263,47,개정,2023-12-21,규정,2647,개정 2023.12.21. 규정 제2647호
1252,263,48,개정,2024-02-26,규정,2667,개정 2024. 2.26. 규정 제2667호
1253,263,49,개정,2024-05-20,규정,2681,개정 2024. 5.20. 규정 제2681호
1254,263,50,개정,2024-06-27,규정,2692,개정 2024. 6.27. 규정 제2692호
1255,263,51,개정,2024-12-30,규정,2747,개정 2024.12.30. 규정 제2747호
1256,263,52,개정,2025-02-28,규정,2761,개정 2025. 2. 28. 규정 제2761호
1257,263,53,개정,2025-05-22,규정,2790,개정 2025. 5. 22. 규정 제2790호
1258,263,54,개정,2025-06-30,규정,2801,개정 2025. 6. 30. 규정 제2801호
1259,263,55,개정,2025-12-01,규정,2842,개정 2025. 12. 1. 규정 제2842호
1260,263,56,개정,2026-07-27,규정,2888,개정 2026. 7. 27. 규정 제2888호
1261,264,1,제정,2016-06-27,규정,2040,제정 2016. 6. 27. 규정 제2040호
1262,265,1,제정,2021-06-25,예규,858,제정 2021. 6.25. 예규 제858호
1263,265,2,개정,2021-12-27,예규,877,개정 2021.12.27. 예규 제877호
1264,265,3,개정,2023-04-20,예규,945,개정 2023. 4.20. 예규 제945호
1265,265,4,개정,2024-02-26,예규,997,개정 2024. 2.26. 예규 제997호
1266,265,5,개정,2024-12-31,예규,1051,개정 2024.12.31. 예규 제1051호
1267,266,1,제정,2010-05-31,예규,431,제정 2010. 5. 31. 예규 제431호
1268,267,1,제정,2012-05-31,규정,1784,제정 2012. 5. 31. 규정 제1784호
1269,268,1,제정,2026-08-31,규정,2894,제정 2026. 8. 31. 규정 제2894호
1270,269,1,제정,2026-09-04,예규,1148,제정 2026. 9. 4. 예규 제1148호
1271,270,1,제정,2017-11-27,규정,2181,제정 2017.11.27. 규정 제2181호
1272,270,2,개정,2020-03-27,규정,2349,개정 2020. 3.27. 규정 제2349호
1273,270,3,개정,2021-04-23,규정,2437,개정 2021. 4.23. 규정 제2437호
1274,270,4,개정,2024-12-30,규정,2744,개정 2024.12.30. 규정 제2744호
1275,270,5,개정,2025-09-26,규정,2825,개정 2025. 9. 26. 규정 제2825호
1276,271,1,제정,2025-03-31,규정,2768,제정 2025. 3. 31. 규정 제2768호
1277,272,1,제정,1996-12-30,규정,847,제정 1996. 12. 30 규정 제 847호
1278,272,2,개정,2004-06-15,규정,1185,개정 2004. 06. 15 규정 제1185호
1279,272,3,개정,2012-02-29,규정,1774,개정 2012. 2. 29. 규정 제1774호
1280,273,1,제정,2008-02-29,규정,1417,제정 2008. 2.29. 규정 제1417호
1281,273,2,일부개정,2010-02-25,규정,1576,일부개정 2010. 2.25. 규정 제1576호
1282,273,3,개정,2010-09-30,규정,1654,개정 2010. 9.30. 규정 제1654호
1283,273,4,개정,2012-02-29,규정,1758,개정 2012. 2. 29. 규정 제1758호
1284,273,5,개정,2013-02-28,규정,1823,개정 2013. 2.28. 규정 제1823호
1285,273,6,개정,2016-08-29,규정,2050,개정 2016. 8.29. 규정 제2050호
1286,273,7,개정,2016-12-26,규정,2076,개정 2016.12.26. 규정 제2076호
1287,273,8,개정,2019-04-04,규정,2274,개정 2019. 4. 4. 규정 제2274호
1288,273,9,개정,2019-10-13,규정,2324,개정 2019.10.13. 규정 제2324호
1289,273,10,개정,2021-02-26,규정,2403,개정 2021. 2.26. 규정 제2403호
1290,273,11,개정,2023-08-25,규정,2611,개정 2023. 8.25. 규정 제2611호
1291,273,12,개정,2024-04-29,규정,2673,개정 2024.4.29. 규정 제2673호
1292,273,13,개정,2024-12-30,규정,2722,개정 2024.12.30. 규정 제2722호
1293,273,14,개정,2025-06-10,규정,2793,개정 2025. 6. 10. 규정 제2793호
1294,273,15,개정,2025-09-01,규정,2803,개정 2025. 9. 1. 규정 제2803호
1295,273,16,개정,2025-10-27,규정,2829,개정 2025. 10. 27. 규정 제2829호
1296,274,1,제정,2016-06-27,규정,2044,제정 2016. 6. 27. 규정 제2044호
1297,274,2,전부개정,2026-08-31,규정,2895,전부개정 2026. 8. 31. 규정 제2895호
1298,275,1,제정,2011-01-28,규정,1678,제정 2011. 1. 28. 규정 제1678호
1299,276,1,제정,2022-06-24,규정,2528,제정 2022. 6. 24. 규정 제2528호
1300,276,2,제정,2024-12-30,규정,2735,제정 2024. 12. 30. 규정 제2735호
1301,277,1,제정,2025-05-22,규정,2783,제정 2025. 5. 22. 규정 제2783호
1302,278,1,제정,1991-05-15,규정,589,제정 1991. 5.15. 규정 제 589호
1303,278,2,개정,1993-04-06,규정,639,개정 1993. 4. 6. 규정 제 639호
1304,278,3,개정,2006-12-15,규정,1327,개정 2006.12.15. 규정 제1327호
1305,278,4,개정,2007-08-29,규정,1379,개정 2007. 8.29. 규정 제1379호
1306,278,5,개정,2007-11-28,규정,1399,개정 2007.11.28. 규정 제1399호
1307,278,6,개정,2008-02-29,규정,1434,개정 2008. 2.29. 규정 제1434호
1308,278,7,개정,2010-02-25,규정,1593,개정 2010. 2.25. 규정 제1593호
1309,278,8,개정,2010-09-30,규정,1657,개정 2010. 9.30. 규정 제1657호
1310,278,9,개정,2016-12-26,규정,2103,개정 2016.12.26. 규정 제2103호
1311,278,10,개정,2020-12-29,규정,2394,개정 2020.12.29. 규정 제2394호
1312,278,11,개정,2021-08-02,규정,2447,개정 2021. 8. 2. 규정 제2447호
1313,278,12,개정,2024-12-30,규정,2733,개정 2024.12.30. 규정 제2733호
1314,278,13,개정,2025-09-26,규정,2818,개정 2025. 9. 26. 규정 제2818호
1315,279,1,제정,2016-11-03,규정,2063,제정 2016. 11. 3. 규정 제2063호
1316,280,1,제정,1997-05-13,규정,867,제정 1997. 5. 13 규정 제 867호
1317,280,2,개정,2008-12-02,규정,1511,개정 2008. 12. 2 규정 제1511호
1318,281,1,제정,2017-11-27,규정,2178,제정 2017년. 11. 27. 규정 제2178호
1319,282,1,제정,1984-01-01,규정,318,제정 1984. 1. 1 규정 제 318호
1320,282,2,개정,1984-05-15,규정,340,개정 1984. 5. 15 규정 제 340호
1321,282,3,개정,1988-04-01,규정,519,개정 1988. 4. 1 규정 제 519호
1322,282,4,개정,1991-04-24,규정,586,개정 1991. 4. 24 규정 제 586호
1323,282,5,개정,1992-09-01,규정,620,개정 1992. 9. 1 규정 제 620호
1324,282,6,개정,1996-06-25,규정,821,개정 1996. 6. 25 규정 제 821호
1325,282,7,개정,1998-04-15,규정,923,개정 1998. 4. 15 규정 제 923호
1326,282,8,개정,2000-12-23,규정,1013,개정 2000. 12. 23 규정 제1013호
1327,282,9,개정,2003-06-13,규정,1144,개정 2003. 6. 13 규정 제1144호
1328,282,10,전문개정,2004-08-11,규정,1196,전문개정 2004. 8. 11 규정 제1196호
1329,282,11,개정,2009-11-23,규정,1566,개정 2009. 11. 23 규정 제1566호
1330,283,1,제정,2013-06-11,규정,1850,제정 2013. 6. 11. 규정 제1850호
1331,283,2,개정,2020-12-29,규정,2397,개정 2020. 12.29. 규정 제2397호
1332,284,1,제정,2021-08-02,규정,2449,제정 2021. 8. 2. 규정 제2449호
1333,284,2,개정,2023-06-23,규정,2598,개정 2023. 6.23. 규정 제2598호
1334,284,3,개정,2024-12-30,규정,2738,개정 2024.12.30. 규정 제2738호
1335,285,1,제정,1972-07-01,규정,93,제정 1972. 7. 1 규정 제 93호
1336,285,2,개정,1985-07-26,규정,373,개정 1985. 7.26 규정 제 373호
1337,285,3,개정,1994-09-28,규정,730,개정 1994. 9.28 규정 제 730호
1338,285,4,개정,2004-02-25,규정,1176,개정 2004. 2.25 규정 제1176호
1339,285,5,개정,2008-02-29,규정,1442,개정 2008. 2.29 규정 제1442호
1340,285,6,개정,2010-02-25,규정,1598,개정 2010. 2.25 규정 제1598호
1341,285,7,개정,2013-10-31,규정,1883,개정 2013.10.31. 규정 제1883호
1342,286,1,제정,2014-08-26,규정,1924,제정 2014. 08. 26. 규정 제1924호
1343,286,2,개정,2015-09-01,규정,1993,개정 2015. 09. 01. 규정 제1993호
1344,286,3,개정,2019-12-31,규정,2333,개정 2019. 12. 31. 규정 제2333호
1345,287,1,제정,2011-02-28,규정,1691,제정 2011. 2. 28. 규정 제1691호
1346,288,1,제정,2025-05-22,규정,2780,제정 2025. 5. 22. 규정 제2780호
1347,288,2,개정,2026-07-27,규정,2882,개정 2026. 7. 27. 규정 제2882호
1348,289,1,제정,2025-09-18,예규,1099,제정 2025. 9. 18. 예규 제1099호
1349,289,2,개정,2026-07-29,예규,1139,개정 2026. 7. 29. 예규 제1139호
1350,290,1,제정,2025-07-31,예규,1088,제정 2025. 7. 31. 예규 제1088호
1351,290,2,개정,2026-04-30,예규,1134,개정 2026. 4. 30. 예규 제1134호
1352,290,3,개정,2026-08-06,예규,1145,개정 2026. 8. 6. 예규 제1145호
1353,291,1,제정,2011-11-14,규정,1737,제정 2011 . 11. 14. 규정 제1737호
1354,292,1,제정,2011-07-08,규정,1711,제정 2011. 7. 8. 규정 제1711호
1355,293,1,제정,2009-04-21,규정,1537,제정 2009. 4. 21. 규정 제1537호
1356,294,1,제정,2000-08-05,규정,1003,제정 2000. 8. 5. 규정 제1003호
1357,294,2,개정,2002-01-21,규정,1056,개정 2002. 1.21. 규정 제1056호
1358,294,3,개정,2012-11-28,규정,1817,개정 2012.11.28. 규정 제1817호
1359,294,4,개정,2014-08-26,규정,1933,개정 2014.8. 26. 규정 제1933호
1360,294,5,전부개정,2016-06-27,규정,2043,전부개정 2016. 6. 27. 규정 제2043호
1361,294,6,전부개정,2026-08-31,규정,2896,전부개정 2026. 8. 31. 규정 제2896호
1362,295,1,제정,1996-08-22,규정,823,제정 1996. 8.22. 규정 제 823호
1363,295,2,개정,1997-03-26,규정,865,개정 1997. 3.26. 규정 제 865호
1364,295,3,개정,2001-02-23,규정,1019,개정 2001. 2.23. 규정 제1019호
1365,295,4,개정,2010-02-25,규정,1585,개정 2010. 2.25. 규정 제1585호
1366,295,5,개정,2015-07-15,규정,1989,개정 2015. 7.15. 규정 제1989호
1367,295,6,개정,2016-03-29,규정,2017,개정 2016.3.29. 규정 제2017호
1368,296,1,제정,2023-07-21,규정,2610,제정 2023. 7. 21. 규정 제2610호
1369,296,2,개정,2025-02-28,규정,2755,개정 2025. 2. 28. 규정 제2755호
1370,296,3,개정,2026-02-27,규정,2850,개정 2026. 2. 27. 규정 제2850호
1371,296,4,개정,2026-05-29,규정,2866,개정 2026. 5. 29. 규정 제2866호
1372,297,1,제정,2013-06-18,규정,1856,제정 2013. 6.18. 규정 제1856호
1373,297,2,개정,2014-03-14,규정,1892,개정 2014. 3.14. 규정 제1892호
1374,297,3,개정,2016-12-26,규정,2088,개정 2016.12.26. 규정 제2088호
1375,297,4,개정,2022-12-19,규정,2555,개정 2022.12.19. 규정 제2555호
1376,297,5,개정,2025-09-26,규정,2815,개정 2025. 9. 26. 규정 제2815호
1377,298,1,제정,2014-03-01,예규,542,제정 2014. 3. 1. 예규 제542호
1378,299,1,제정,2015-12-18,예규,586,제정 2015. 12. 18. 예규 제586호
1379,300,1,제정,2020-12-23,예규,812,제정 2020. 12. 23. 예규 제812호
1380,300,2,개정,2025-06-19,예규,1081,개정 2025. 6. 19. 예규 제1081호
1381,301,1,제정,2019-04-05,규정,2284,제정 2019. 4. 5. 규정 제2284호
1382,301,2,개정,2021-10-06,규정,2452,개정 2021.10. 6. 규정 제2452호
1383,301,3,개정,2026-02-27,규정,2847,개정 2026. 2. 27. 규정 제2847호
1384,302,1,제정,2023-02-27,규정,2569,제정 2023. 2.27. 규정 제2569호
1385,302,2,제정,2024-12-30,규정,2734,제정 2024.12.30. 규정 제2734호
1386,302,3,제정,2025-09-26,규정,2819,제정 2025. 9. 26. 규정 제2819호
1387,303,1,제정,2015-03-31,예규,569,제정 2015. 03. 31. 예규 제569호
1388,304,1,제정,2017-07-18,규정,2156,제정 2017. 7. 18. 규정 제2156호
1389,305,1,제정,1966-12-01,규정,34,제정 1966. 12.1. 규정 제 34호
1390,305,2,개정,1975-03-01,규정,133,개정 1975. 3. 1. 규정 제 133호
1391,305,3,개정,1976-11-22,규정,158,개정 1976.11.22. 규정 제 158호
1392,305,4,개정,1981-09-26,규정,266,개정 1981. 9.26. 규정 제 266호
1393,305,5,개정,1985-03-05,규정,421,개정 1985. 3. 5. 규정 제 421호
1394,305,6,개정,1985-04-30,규정,442,개정 1985. 4.30. 규정 제 442호
1395,305,7,개정,1991-08-01,규정,593,개정 1991. 8. 1. 규정 제 593호
1396,305,8,개정,1993-12-22,규정,660,개정 1993.12.22. 규정 제 660호
1397,305,9,개정,1996-05-07,규정,810,개정 1996. 5. 7. 규정 제 810호
1398,305,10,개정,1997-05-13,규정,869,개정 1997. 5.13. 규정 제 869호
1399,305,11,개정,1998-05-15,규정,925,개정 1998. 5.15. 규정 제 925호
1400,305,12,개정,1999-06-01,규정,970,개정 1999. 6. 1. 규정 제 970호
1401,305,13,개정,2004-02-25,규정,1175,개정 2004. 2.25. 규정 제1175호
1402,305,14,개정,2007-05-02,규정,1353,개정 2007. 5. 2. 규정 제1353호
1403,305,15,개정,2008-02-29,규정,1405,개정 2008. 2.29. 규정 제1405호
1404,305,16,개정,2010-02-25,규정,1607,개정 2010. 2.25. 규정 제1607호
1405,305,17,개정,2012-11-28,규정,1816,개정 2012.11.28. 규정 제1816호
1406,305,18,개정,2014-03-14,규정,1897,개정 2014. 3.14. 규정 제1897호
1407,305,19,개정,2015-04-23,규정,1972,개정 2015. 4.23. 규정 제1972호
1408,305,20,전부개정,2017-05-31,규정,2152,전부개정 2017. 5.31. 규정 제2152호
1409,305,21,개정,2018-09-21,규정,2256,개정 2018. 9.21. 규정 제2256호
1410,305,22,개정,2020-07-14,규정,2366,개정 2020. 7.14. 규정 제2366호
1411,305,23,개정,2021-03-25,규정,2423,개정 2021. 3.25. 규정 제2423호
1412,305,24,개정,2023-06-23,규정,2599,개정 2023. 6.23. 규정 제2599호
1413,305,25,개정,2025-09-26,규정,2826,개정 2025. 9.26. 규정 제2826호
1414,306,1,제정,2008-07-23,규정,1484,제정 2008. 7.23. 규정 제1484호
1415,306,2,개정,2011-11-14,규정,1739,개정 2011.11.14. 규정 제1739호
1416,306,3,개정,2016-06-27,규정,2037,개정 2016. 6.27. 규정 제2037호
1417,306,4,개정,2018-02-07,규정,2206,개정 2018. 2. 7. 규정 제2206호
1418,306,5,개정,2021-03-25,규정,2419,개정 2021. 3.25. 규정 제2419호
1419,306,6,개정,2021-10-06,규정,2462,개정 2021.10. 6. 규정 제2462호
1420,306,7,개정,2022-12-19,규정,2564,개정 2022.12.19. 규정 제2564호
1421,306,8,개정,2025-09-01,규정,2812,개정 2025. 9. 1. 규정 제2812호
1422,306,9,개정,2026-08-31,규정,2899,개정 2026. 8. 31. 규정 제2899호
1423,307,1,제정,2025-09-01,규정,2811,제정 2025. 9. 1. 규정 제2811호
1424,308,1,제정,2016-11-03,규정,2061,제정 2016. 11. 3. 규정 제2061호
1425,309,1,제정,2026-06-29,규정,2873,제정 2026. 6. 29. 규정 제2873호
1426,310,1,제정,2009-02-27,규정,1526,제정 2009. 2. 27. 규정 제1526호
1427,311,1,제정,2010-04-19,규정,1624,제정 2010. 4. 19. 규정 제1624호
1428,312,1,제정,2018-05-28,규정,2224,제정 2018.5.28. 규정 제2224호
1429,313,1,제정,2018-05-28,규정,2224,제정 2018.5.28. 규정 제2224호
1430,314,1,제정,2025-09-26,규정,2821,제정 2025. 9. 26. 규정 제2821호
1431,315,1,제정,2022-07-14,예규,917,제정 2022. 7. 14. 예규 제917호
1432,316,1,제정,2011-08-31,규정,1725,제정 2011. 8. 31. 규정 제1725호
1433,317,1,제정,2007-03-02,규정,1345,제정 2007. 3. 2. 규정 제1345호
1434,317,2,개정,2014-08-26,규정,1921,개정 2014. 8. 26.규정 제1921호
1435,317,3,개정,2015-11-30,규정,1996,개정 2015.11.30. 규정 제1996호
1436,318,1,제정,2025-05-22,규정,2785,제정 2025. 5. 22. 규정 제2785호
1437,319,1,제정,1973-03-21,규정,103,제정 1973. 3.21. 규정 제 103호
1438,319,2,개정,1985-03-05,규정,402,개정 1985. 3. 5. 규정 제 402호
1439,319,3,개정,1986-01-15,규정,465,개정 1986. 1.15. 규정 제 465호
1440,319,4,개정,1994-07-05,규정,693,개정 1994. 7. 5. 규정 제 693호
1441,319,5,개정,1999-03-24,규정,965,개정 1999. 3.24. 규정 제 965호
1442,319,6,개정,1999-11-26,규정,987,개정 1999.11.26. 규정 제 987호
1443,319,7,개정,2008-09-01,규정,1487,개정 2008. 9. 1. 규정 제1487호
1444,319,8,개정,2010-02-25,규정,1577,개정 2010. 2.25. 규정 제1577호
1445,319,9,개정,2012-11-28,규정,1808,개정 2012.11.28. 규정 제1808호
1446,320,1,제정,2024-11-29,규정,2717,제정 2024.11.29. 규정 제2717호
1447,321,1,제정,2009-08-31,규정,1553,제정 2009. 8.31. 규정 제1553호
1448,321,2,제정,2010-06-27,규정,1637,제정 2010. 6.27. 규정 제1637호
1449,321,3,개정,2011-02-28,규정,1696,개정 2011. 2.28. 규정 제1696호
1450,322,1,제정,2024-07-26,규정,2693,제정 2024. 7. 26. 규정 제2693호
1451,322,2,개정,2025-05-22,규정,2782,개정 2025. 5. 22. 규정 제2782호
1452,323,1,제정,2021-10-20,예규,871,제정 2021. 10. 20. 예규 제871호
1453,323,2,개정,2024-12-31,예규,1040,개정 2024. 12. 31. 예규 제1040호
1454,324,1,제정,2010-11-22,규정,1669,제정 2010. 11. 22. 규정 제1669호
1455,324,2,개정,2016-12-26,규정,2107,개정 2016. 12. 26. 규정 제2107호
1456,324,3,개정,2021-02-26,규정,2409,개정 2021. 2. 26. 규정 제2409호
1457,324,4,개정,2024-12-30,규정,2739,개정 2024. 12. 30. 규정 제2739호
1458,325,1,제정,1996-12-12,규정,776,제정 1996. 12. 12. 규정 제776호
1459,325,2,개정,2012-02-29,규정,1773,개정 2012. 2. 29. 규정 제1773호
1460,325,3,개정,2015-11-30,규정,1999,개정 2015.11.30. 규정 제1999호
1461,326,1,제정,1999-11-09,규정,985,제정 1999.11. 9. 규정 제 985호
1462,326,2,개정,2001-02-19,규정,1016,개정 2001. 2.19. 규정 제1016호
1463,326,3,개정,2002-09-27,규정,1090,개정 2002. 9.27. 규정 제1090호
1464,326,4,개정,2022-04-29,규정,2514,개정 2022. 4.29. 규정 제2514호
1465,326,5,개정,2026-07-27,규정,2885,개정 2026. 7.27. 규정 제2885호
1466,327,1,제정,2016-04-29,규정,2022,제정 2016.04.29. 규정 제2022호
1467,328,1,제정,2013-08-30,예규,528,제정 2013. 8. 30. 예규 제528호
1468,329,1,제정,1995-09-05,규정,768,제정 1995. 9. 5. 규정 제 768호
1469,329,2,개정,2003-05-01,규정,1128,개정 2003. 5. 1. 규정 제1128호
1470,329,3,개정,2011-05-27,규정,1702,개정 2011. 5. 27. 규정 제1702호
1471,330,1,제정,2013-10-15,예규,530,제정 2013. 10. 15. 예규 제530호
1472,331,1,제정,1973-05-15,규정,110,제정 1973. 5. 15. 규정 제110호
1473,331,2,개정,1979-12-05,규정,221,개정 1979. 12. 5. 규정 제221호
1474,331,3,개정,1981-10-19,규정,277,개정 1981. 10. 19. 규정 제277호
1475,331,4,개정,1985-03-05,규정,415,개정 1985. 3. 5. 규정 제415호
1476,331,5,개정,1994-12-06,규정,735,개정 1994. 12. 6. 규정 제735호
1477,331,6,개정,2000-05-15,규정,997,개정 2000. 5. 15. 규정 제997호
1478,331,7,개정,2004-12-28,규정,1221,개정 2004. 12. 28. 규정 제1221호
1479,331,8,개정,2008-02-29,규정,1440,개정 2008. 2. 29. 규정 제1440호
1480,331,9,개정,2010-02-25,규정,1599,개정 2010. 2. 25. 규정 제1599호
1481,332,1,제정,1985-03-05,규정,400,제정 1985. 3. 5. 규정 제 400호
1482,332,2,개정,1989-10-26,규정,558,개정 1989.10.26. 규정 제 558호
1483,332,3,개정,1991-02-22,규정,583,개정 1991. 2.22. 규정 제 583호
1484,332,4,개정,1994-03-30,규정,673,개정 1994. 3.30. 규정 제 673호
1485,332,5,개정,1995-11-21,규정,775,개정 1995.11.21. 규정 제 775호
1486,332,6,개정,1998-06-29,규정,935,개정 1998. 6.29. 규정 제 935호
1487,332,7,개정,2001-11-20,규정,1046,개정 2001.11.20. 규정 제1046호
1488,332,8,개정,2002-12-24,규정,1104,개정 2002.12.24. 규정 제1104호
1489,332,9,개정,2005-02-15,규정,1230,개정 2005. 2.15. 규정 제1230호
1490,332,10,개정,2008-02-29,규정,1441,개정 2008. 2.29. 규정 제1441호
1491,332,11,개정,2010-02-25,규정,1600,개정 2010. 2.25. 규정 제1600호
1492,332,12,개정,2010-05-25,규정,1630,개정 2010. 5.25. 규정 제1630호
1493,332,13,개정,2010-09-30,규정,1664,개정 2010. 9.30. 규정 제1664호
1494,332,14,전부개정,2017-04-03,규정,2140,전부개정 2017. 4. 3. 규정 제2140호
1495,332,15,개정,2018-05-28,규정,2228,개정 2018. 5.28. 규정 제2228호
1496,332,16,개정,2021-04-23,규정,2437,개정 2021. 4.23. 규정 제2437호
1497,332,17,개정,2023-06-23,규정,2600,개정 2023. 6.23. 규정 제2600호
1498,332,18,개정,2025-09-26,규정,2824,개정 2025. 9.26. 규정 제2824호
1499,332,19,개정,2026-06-29,규정,2876,개정 2026. 6.29. 규정 제2876호
1500,333,1,제정,1996-12-11,규정,844,제정 1996. 12.11. 규정 제 844호
1501,333,2,개정,1997-11-25,규정,896,개정 1997. 11.25. 규정 제 896호
1502,333,3,개정,1999-08-11,규정,972,개정 1999. 8. 11. 규정 제 972호
1503,333,4,개정,2003-06-13,규정,1132,개정 2003. 6. 13. 규정 제1132호
1504,333,5,개정,2006-01-17,규정,1289,개정 2006. 1. 17. 규정 제1289호
1505,333,6,개정,2010-05-25,규정,1626,개정 2010. 5. 25. 규정 제1626호
1506,333,7,개정,2011-02-28,규정,1685,개정 2011. 2. 28. 규정 제1685호
1507,333,8,개정,2011-07-08,규정,1704,개정 2011. 7. 8. 규정 제1704호
1508,333,9,개정,2011-08-31,규정,1722,개정 2011. 8. 31. 규정 제1722호
1509,333,10,개정,2012-02-29,규정,1759,개정 2012. 2. 29. 규정 제1759호
1510,333,11,개정,2013-06-11,규정,1848,개정 2013. 6. 11. 규정 제1848호
1511,333,12,개정,2015-02-27,규정,1950,개정 2015. 2. 27. 규정 제1950호
1512,333,13,개정,2016-03-29,규정,2016,개정 2016. 3. 29. 규정 제2016호
1513,333,14,개정,2016-11-03,규정,2058,개정 2016. 11. 3. 규정 제2058호
1514,333,15,개정,2019-05-21,규정,2301,개정 2019. 5. 21. 규정 제2301호
1515,333,16,개정,2021-04-23,규정,2428,개정 2021. 4. 23. 규정 제2428호
1516,333,17,개정,2021-11-26,규정,2472,개정 2021.11. 26. 규정 제2472호
1517,333,18,개정,2024-08-28,규정,2700,개정 2024. 8. 28. 규정 제2700호
1518,333,19,개정,2025-06-30,규정,2794,개정 2025. 6. 30. 규정 제2794호
1519,333,20,개정,2026-07-27,규정,2879,개정 2026. 7. 27. 규정 제2879호
1520,334,1,제정,2013-08-30,예규,526,제정 2013. 8. 30. 예규 제526호
1521,335,1,제정,1996-09-24,규정,829,제정 1996. 9.24. 규정 제 829호
1522,335,2,개정,1999-08-11,규정,973,개정 1999. 8.11. 규정 제 973호
1523,335,3,개정,2004-02-25,규정,1174,개정 2004. 2.25. 규정 제1174호
1524,335,4,개정,2010-05-25,규정,1628,개정 2010. 5.25. 규정 제1628호
1525,335,5,개정,2011-07-08,규정,1705,개정 2011. 7. 8. 규정 제1705호
1526,335,6,개정,2011-08-31,규정,1721,개정 2011. 8.31. 규정 제1721호
1527,335,7,개정,2013-02-28,규정,1829,개정 2013. 2.28. 규정 제1829호
1528,335,8,개정,2013-06-11,규정,1846,개정 2013. 6.11. 규정 제1846호
1529,335,9,개정,2015-02-27,규정,1951,개정 2015. 2.27. 규정 제1951호
1530,335,10,개정,2015-12-30,규정,2003,개정 2015.12.30. 규정 제2003호
1531,335,11,개정,2023-05-01,규정,2578,개정 2023. 5. 1. 규정 제2578호
1532,335,12,개정,2024-08-28,규정,2701,개정 2024. 8.28. 규정 제2701호
1533,335,13,개정,2026-07-27,규정,2880,개정 2026. 7.27. 규정 제2880호
1534,336,1,제정,2016-10-12,예규,611,제정 2016.10.12. 예규 제611호
1535,336,2,개정,2019-09-18,예규,752,개정 2019. 9.18. 예규 제752호
1536,336,3,개정,2021-02-10,예규,829,개정 2021. 2.10. 예규 제829호
1537,337,1,제정,2022-02-28,규정,2504,제정 2022. 2.28. 규정 제2504호
1538,337,2,개정,2023-05-01,규정,2581,개정 2023. 5. 1. 규정 제2581호
1539,337,3,개정,2024-12-30,규정,2750,개정 2024.12.30. 규정 제2750호
1540,338,1,제정,2025-07-31,예규,1087,제정 2025. 7. 31. 예규 제1087호
1541,338,2,개정,2026-01-26,예규,1123,개정 2026. 1. 26. 예규 제1123호
1542,339,1,제정,2014-08-26,규정,1929,제정 2014. 8. 26. 규정 제1929호
1543,340,1,제정,2008-06-09,규정,1476,제정 2008. 6. 9. 규정 제1476호
1544,340,2,개정,2008-09-01,규정,1495,개정 2008. 9. 1. 규정 제1495호
1545,340,3,개정,2009-02-27,규정,1525,개정 2009. 2.27. 규정 제1525호
1546,340,4,개정,2012-04-26,규정,1780,개정 2012. 4.26. 규정 제1780호
1547,340,5,개정,2013-02-28,규정,1837,개정 2013. 2.28. 규정 제1837호
1548,340,6,개정,2017-11-27,규정,2175,개정 2017.11.27. 규정 제2175호
1549,340,7,개정,2020-11-26,규정,2383,개정 2020.11.26. 규정 제2383호
1550,340,8,개정,2025-05-08,규정,2772,개정 2025. 5. 8. 규정 제2772호
1551,341,1,제정,1998-06-29,규정,930,제정 1998. 6. 29 규정 제930호
1552,341,2,전부개정,2022-02-28,규정,2503,전부개정 2022. 2.28. 규정 제2503호
1553,341,3,개정,2026-08-31,규정,2891,개정 2026. 8. 31. 규정 제2891호
1554,342,1,제정,1972-06-21,규정,92,제정 1972. 6. 21 규정 제 92호
1555,342,2,개정,1973-04-19,규정,107,개정 1973. 4. 19 규정 제 107호
1556,342,3,개정,1977-05-13,규정,173,개정 1977. 5. 13 규정 제 173호
1557,342,4,개정,1984-03-06,규정,325,개정 1984. 3. 6 규정 제 325호
1558,342,5,개정,1985-03-05,규정,409,개정 1985. 3. 5 규정 제 409호
1559,342,6,개정,1985-09-04,규정,451,개정 1985. 9. 4 규정 제 451호
1560,342,7,개정,1987-09-01,규정,507,개정 1987. 9. 1 규정 제 507호
1561,342,8,개정,1996-05-07,규정,807,개정 1996. 5. 7 규정 제 807호
1562,342,9,개정,2001-02-23,규정,1020,개정 2001. 2. 23 규정 제1020호
1563,342,10,개정,2007-06-07,규정,1361,개정 2007. 6. 7 규정 제1361호
1564,342,11,개정,2011-07-08,규정,1713,개정 2011. 7. 8. 규정 제1713호
1565,342,12,개정,2025-06-30,규정,2799,개정 2025. 6. 30. 규정 제2799호
1566,343,1,제정,2023-07-17,예규,958,제정 2023. 7.17. 예규 제958호
1567,343,2,개정,2023-10-27,예규,975,개정 2023.10.27. 예규 제975호
1568,343,3,개정,2025-10-20,예규,1111,개정 2025. 10. 20. 예규 제1111호
1569,344,1,제정,2004-09-24,규정,1206,제정 2004. 9.24 규정 제1206호
1570,344,2,개정,2006-04-21,규정,1299,개정 2006. 4.21 규정 제1299호
1571,344,3,개정,2008-02-29,규정,1450,개정 2008. 2.29 규정 제1450호
1572,344,4,개정,2010-02-25,규정,1610,개정 2010. 2.25 규정 제1610호
1573,345,1,제정,2008-02-29,규정,1462,제정 2008. 2. 29. 규정 제1462호
1574,346,1,제정,2008-02-29,규정,1463,제정 2008. 2. 29. 규정 제1463호
1575,347,1,제정,2016-12-26,규정,2129,제정 2016.12.26. 규정 제2129호
1576,347,2,개정,2018-07-01,규정,2231,개정 2018. 7. 1. 규정 제2231호
1577,347,3,개정,2026-02-27,규정,2853,개정 2026. 2. 27. 규정 제2853호
1578,348,1,제정,2016-11-01,예규,617,예규 제617호 2016.11.01. 제정
1579,349,1,제정,1984-03-27,규정,330,제정 1984. 3. 27 규정 제 330호
1580,349,2,개정,1984-05-22,규정,343,개정 1984. 5. 22 규정 제 343호
1581,349,3,개정,1985-03-01,규정,434,개정 1985. 3. 1 규정 제 434호
1582,349,4,개정,1991-02-22,규정,582,개정 1991. 2. 22 규정 제 582호
1583,349,5,개정,1992-09-01,규정,619,개정 1992. 9. 1 규정 제 619호
1584,349,6,개정,1999-11-09,규정,984,개정 1999. 11. 9 규정 제 984호
1585,349,7,개정,2001-02-19,규정,1015,개정 2001. 2. 19 규정 제1015호
1586,349,8,개정,2002-05-22,규정,1068,개정 2002. 5. 22 규정 제1068호
1587,349,9,개정,2007-08-29,규정,1385,개정 2007. 8. 29 규정 제1385호
1588,350,1,제정,2013-07-29,예규,523,제정 2013. 7.29. 예규 제 523호
1589,350,2,개정,2014-07-14,예규,553,개정 2014. 7.14. 예규 제 553호
1590,350,3,개정,2021-02-10,예규,821,개정 2021. 2.10. 예규 제 821호
1591,350,4,개정,2022-12-19,예규,933,개정 2022.12.19. 예규 제 933호
1592,350,5,개정,2024-02-26,예규,998,개정 2024. 2.26. 예규 제 998호
1593,350,6,개정,2024-11-20,예규,1031,개정 2024.11.20. 예규 제1031호
1594,350,7,개정,2024-12-24,예규,1033,개정 2024.12.24. 예규 제1033호
1595,350,8,개정,2025-06-09,예규,1078,개정 2025. 6. 9. 예규 제1078호
1596,350,9,개정,2026-07-29,예규,1140,개정 2026. 7. 29. 예규 제1140호
1597,351,1,제정,2015-12-30,규정,2005,제정 2015. 12.30. 규정 제2005호
1598,351,2,개정,2017-10-16,규정,2165,개정 2017. 10.16. 규정 제2165호
1599,351,3,개정,2020-11-26,규정,2385,개정 2020. 11.26. 규정 제2385호
1600,351,4,개정,2025-05-08,규정,2773,개정 2025. 5. 8. 규정 제2773호
1601,352,1,제정,2013-10-31,규정,1879,제정 2013. 10. 31. 규정 제1879호
1602,352,2,개정,2016-12-26,규정,2087,개정 2016. 12. 26. 규정 제2087호
1603,352,3,개정,2019-04-04,규정,2275,개정 2019. 4. 4. 규정 제2275호
1604,352,4,개정,2026-02-27,규정,2848,개정 2026. 2. 27. 규정 제2848호
1605,353,1,제정,1984-07-13,규정,350,제정 1984. 7.13. 규정 제 350호
1606,353,2,개정,1986-12-29,규정,487,개정 1986.12.29. 규정 제 487호
1607,353,3,개정,1993-12-22,규정,661,개정 1993.12.22. 규정 제 661호
1608,353,4,개정,1996-02-29,규정,791,개정 1996. 2.29. 규정 제 791호
1609,353,5,개정,1997-05-13,규정,870,개정 1997. 5.13. 규정 제 870호
1610,353,6,개정,1998-12-12,규정,952,개정 1998.12.12. 규정 제 952호
1611,353,7,개정,2001-03-24,규정,1022,개정 2001. 3.24. 규정 제1022호
1612,353,8,개정,2002-04-04,규정,1060,개정 2002. 4. 4. 규정 제1060호
1613,353,9,개정,2003-02-26,규정,1123,개정 2003. 2.26. 규정 제1123호
1614,353,10,개정,2005-06-30,규정,1259,개정 2005. 6.30. 규정 제1259호
1615,353,11,개정,2006-08-07,규정,1305,개정 2006. 8. 7. 규정 제1305호
1616,353,12,개정,2007-05-02,규정,1348,개정 2007. 5. 2. 규정 제1348호
1617,353,13,개정,2009-04-21,규정,1534,개정 2009. 4.21. 규정 제1534호
1618,353,14,개정,2010-02-25,규정,1591,개정 2010. 2.25. 규정 제1591호
1619,353,15,개정,2013-06-11,규정,1849,개정 2013. 6.11. 규정 제1849호
1620,353,16,개정,2014-02-20,규정,1889,개정 2014. 2.20. 규정 제1889호
1621,353,17,개정,2015-04-23,규정,1967,개정 2015. 4.23. 규정 제1967호
1622,353,18,개정,2016-12-26,규정,2100,개정 2016.12.26. 규정 제2100호
1623,353,19,개정,2017-05-31,규정,2145,개정 2017. 5.31. 규정 제2145호
1624,353,20,개정,2018-02-23,규정,2217,개정 2018. 2.23. 규정 제2217호
1625,353,21,개정,2020-03-27,규정,2344,개정 2020. 3.27. 규정 제2344호
1626,353,22,개정,2021-02-26,규정,2407,개정 2021. 2.26. 규정 제2407호
1627,353,23,개정,2021-12-28,규정,2482,개정 2021.12.28. 규정 제2482호
1628,353,24,개정,2022-02-28,규정,2501,개정 2022. 2.28. 규정 제2501호
1629,353,25,개정,2024-02-26,규정,2659,개정 2024. 2.26. 규정 제2659호
1630,353,26,전부개정,2025-02-28,규정,2763,전부개정 2025. 2. 28. 규정 제2763호
1631,353,27,개정,2026-02-27,규정,2852,개정 2026. 2. 27. 규정 제2852호
1632,354,1,제정,2018-01-11,예규,670,제정 2018. 1. 11. 예규 제670호
1633,355,1,제정,2018-02-05,예규,678,제정 2018. 2. 5. 예규 제678호
1634,356,1,전부개정,2025-03-06,예규,1061,전부개정 2025. 3. 6. 예규 제1061호
1635,356,2,개정,2026-01-07,예규,1119,개정 2026. 1. 7. 예규 제1119호
1636,357,1,전부개정,2025-03-06,예규,1060,전부개정 2025. 3. 6. 예규 제1060호
1637,357,2,개정,2026-01-07,예규,1120,개정 2026. 1. 7. 예규 제1120호
1638,358,1,제정,2014-02-27,예규,541,제정 2014. 2. 27. 예규 제541호
1639,358,2,개정,2016-03-25,예규,594,개정 2016. 3. 25. 예규 제594호
1640,359,1,제정,2019-08-26,예규,749,제정 2019. 8.26. 예규 제749호
1641,359,2,제정,2020-05-14,예규,778,제정 2020. 5.14. 예규 제778호
1642,359,3,개정,2021-03-26,예규,838,개정 2021. 3.26. 예규 제838호
1643,359,4,개정,2022-05-30,예규,906,개정 2022. 5.30. 예규 제906호
1644,359,5,개정,2022-07-07,예규,916,개정 2022. 7. 7. 예규 제916호
1645,359,6,개정,2023-07-17,예규,959,개정 2023. 7.17. 예규 제959호
1646,359,7,개정,2024-01-25,예규,986,개정 2024. 1.25. 예규 제986호
1647,359,8,개정,2024-03-12,예규,999,개정 2024. 3.12. 예규 제999호
1648,359,9,개정,2024-07-12,예규,1015,개정 2024. 7.12. 예규 제1015호
1649,359,10,개정,2024-12-31,예규,1053,개정 2024. 12. 31. 예규 제1053호
1650,359,11,개정,2025-04-02,예규,1067,개정 2025. 4. 2. 예규 제1067호
1651,359,12,개정,2025-06-04,예규,1077,개정 2025. 6. 4. 예규 제1077호
1652,359,13,개정,2025-09-29,예규,1101,개정 2025. 9. 29. 예규 제1101호
1653,359,14,개정,2025-12-19,예규,1116,개정 2025. 12. 19. 예규 제1116호
1654,359,15,개정,2026-03-16,예규,1129,개정 2026. 3. 16. 예규 제1129호
1655,360,1,제정,1985-11-01,예규,79,제정 1985. 11. 1. 예규 제 79호
1656,360,2,제정,2008-04-14,예규,387,제정 2008. 4. 14. 예규 제387호
1657,361,1,제정,2020-03-27,규정,2340,제정 2020. 3.27. 규정 제2340호
1658,361,2,전부개정,2022-09-26,규정,2543,전부개정 2022. 9.26. 규정 제2543호
1659,361,3,개정,2025-09-01,규정,2813,개정 2025. 9. 1. 규정 제2813호
1660,362,1,제정,2024-01-10,예규,985,제정 2024. 1. 10. 예규 제985호
1661,363,1,제정,2013-08-29,규정,1861,제정 2013. 8. 29. 규정 제1861호
1662,364,1,제정,2014-05-02,규정,1905,제정 2014. 5. 2. 규정 제1905호
1663,364,2,개정,2015-09-01,규정,1991,개정 2015. 9. 1. 규정 제1991호
1664,365,1,제정,1994-03-04,예규,162,제정 1994. 3. 4. 예규 제162호
1665,365,2,개정,1994-11-23,예규,168,개정 1994.11.23. 예규 제168호
1666,365,3,개정,1995-02-28,예규,175,개정 1995. 2.28. 예규 제175호
1667,365,4,개정,1995-06-08,예규,182,개정 1995. 6. 8. 예규 제182호
1668,365,5,개정,1996-11-04,예규,194,개정 1996. 11.4. 예규 제194호
1669,365,6,개정,1997-11-15,예규,202,개정 1997.11.15. 예규 제202호
1670,365,7,개정,1998-04-14,예규,212,개정 1998. 4.14. 예규 제212호
1671,365,8,개정,1999-08-12,예규,221,개정 1999. 8.12. 예규 제221호
1672,365,9,개정,2001-05-02,예규,244,개정 2001. 5. 2. 예규 제244호
1673,365,10,개정,2001-08-02,예규,250,개정 2001. 8. 2. 예규 제250호
1674,365,11,개정,2002-02-25,예규,262,개정 2002. 2.25. 예규 제262호
1675,365,12,개정,2002-10-01,예규,276,개정 2002. 10.1. 예규 제276호
1676,365,13,개정,2003-08-07,예규,292,개정 2003. 8. 7. 예규 제292호
1677,365,14,개정,2004-02-26,예규,298,개정 2004. 2.26. 예규 제298호
1678,365,15,개정,2004-06-07,예규,307,개정 2004. 6. 7. 예규 제307호
1679,365,16,개정,2004-10-16,예규,312,개정 2004.10.16. 예규 제312호
1680,365,17,개정,2006-06-14,예규,336,개정 2006. 6.14. 예규 제336호
1681,365,18,개정,2006-12-07,예규,347,개정 2006. 12.7. 예규 제347호
1682,365,19,개정,2007-02-08,예규,356,개정 2007. 2. 8. 예규 제356호
1683,365,20,개정,2007-11-02,예규,375,개정 2007. 11.2. 예규 제375호
1684,365,21,개정,2007-11-09,예규,376,개정 2007. 11.9. 예규 제376호
1685,365,22,개정,2008-12-30,예규,401,개정 2008.12.30. 예규 제401호
1686,365,23,개정,2009-11-20,예규,420,개정 2009.11.20. 예규 제420호
1687,365,24,개정,2010-06-08,예규,432,개정 2010. 6. 8. 예규 제432호
1688,365,25,개정,2010-09-20,예규,440,개정 2010. 9.20. 예규 제440호
1689,365,26,개정,2010-12-29,예규,448,개정 2010.12.29. 예규 제448호
1690,365,27,개정,2011-08-16,예규,459,개정 2011. 8.16. 예규 제459호
1691,365,28,개정,2012-02-14,예규,473,개정 2012. 2.14. 예규 제473호
1692,365,29,개정,2012-04-02,예규,487,개정 2012. 4. 2. 예규 제487호
1693,365,30,개정,2012-08-14,예규,496,개정 2012. 8.14. 예규 제496호
1694,365,31,개정,2013-03-04,예규,515,개정 2013. 3. 4. 예규 제515호
1695,365,32,개정,2013-08-21,예규,525,개정 2013. 8.21. 예규 제525호
1696,365,33,개정,2014-01-20,예규,539,개정 2014. 1.20. 예규 제539호
1697,365,34,개정,2015-02-16,예규,565,개정 2015. 2.16. 예규 제565호
1698,365,35,개정,2015-03-17,예규,568,개정 2015. 3.17. 예규 제568호
1699,365,36,개정,2015-06-02,예규,573,개정 2015. 6. 2. 예규 제573호
1700,365,37,개정,2016-03-25,예규,595,개정 2016. 3.25. 예규 제595호
1701,365,38,개정,2016-05-25,예규,600,개정 2016. 5.25. 예규 제600호
1702,365,39,개정,2016-08-16,예규,609,개정 2016. 8.16. 예규 제609호
1703,365,40,개정,2017-01-09,예규,630,개정 2017. 1. 9. 예규 제630호
1704,365,41,개정,2017-07-18,예규,651,개정 2017. 7.18. 예규 제651호
1705,365,42,개정,2017-11-03,예규,662,개정 2017. 11.3. 예규 제662호
1706,365,43,개정,2018-02-20,예규,694,개정 2018. 2.20. 예규 제694호
1707,365,44,개정,2018-05-14,예규,694,개정 2018. 5.14. 예규 제694호
1708,365,45,개정,2019-03-06,예규,720,개정 2019. 3. 6. 예규 제720호
1709,365,46,개정,2019-08-26,예규,744,개정 2019. 8.26. 예규 제744호
1710,365,47,개정,2020-04-06,예규,773,개정 2020. 4. 6. 예규 제773호
1711,365,48,개정,2020-07-23,예규,795,개정 2020. 7.23. 예규 제795호
1712,365,49,개정,2021-02-10,예규,817,개정 2021. 2.10. 예규 제817호
1713,365,50,개정,2021-04-28,예규,844,개정 2021. 4.28. 예규 제844호
1714,365,51,개정,2022-01-28,예규,888,개정 2022. 1.28. 예규 제888호
1715,365,52,개정,2022-07-18,예규,918,개정 2022. 7.18. 예규 제918호
1716,365,53,개정,2023-01-30,예규,934,개정 2023. 1.30. 예규 제934호
1717,365,54,개정,2023-09-27,예규,969,개정 2023. 9.27. 예규 제969호
1718,365,55,개정,2024-01-05,예규,983,개정 2024. 1. 5. 예규 제983호
1719,365,56,개정,2024-10-21,예규,1026,개정 2024.10.21. 예규 제1026호
1720,365,57,개정,2024-12-31,예규,1035,개정 2024. 12. 31. 예규 제1035호
1721,365,58,개정,2025-05-14,예규,1073,개정 2025. 5. 14. 예규 제1073호
1722,365,59,개정,2025-07-17,예규,1085,개정 2025. 7. 17. 예규 제1085호
1723,365,60,개정,2025-10-10,예규,1110,개정 2025. 10. 10. 예규 제1110호
1724,365,61,개정,2026-06-11,예규,1137,개정 2026. 6. 11. 예규 제1137호
1725,366,1,제정,1977-10-01,규정,184,제정 1977. 10.1. 규정 제 184호
1726,366,2,개정,1979-07-01,규정,209,개정 1979. 7. 1. 규정 제 209호
1727,366,3,개정,1981-05-21,규정,248,개정 1981. 5.21. 규정 제 248호
1728,366,4,개정,1985-03-05,규정,419,개정 1985. 3. 5. 규정 제 419호
1729,366,5,개정,1987-09-01,규정,509,개정 1987. 9. 1. 규정 제 509호
1730,366,6,개정,1988-03-31,규정,518,개정 1988. 3.31. 규정 제 518호
1731,366,7,개정,1992-12-24,규정,633,개정 1992.12.24. 규정 제 633호
1732,366,8,개정,1996-05-07,규정,815,개정 1996. 5. 7. 규정 제 815호
1733,366,9,개정,2000-01-02,,,"개정 2000.12,"
1734,366,10,개정,2001-08-31,규정,1040,개정 2001. 8.31. 규정 제1040호
1735,366,11,개정,2012-11-13,규정,1803,개정 2012.11.13. 규정 제1803호
1736,366,12,개정,2013-10-11,규정,1876,개정 2013.10.11. 규정 제1876호
1737,366,13,개정,2017-04-03,규정,2141,개정 2017. 4. 3. 규정 제2141호
1738,366,14,개정,2019-07-02,규정,2316,개정 2019. 7. 2. 규정 제2316호
1739,366,15,개정,2023-05-01,규정,2582,개정 2023. 5. 1. 규정 제2582호
1740,366,16,개정,2025-05-22,규정,2788,개정 2025. 5. 22. 규정 제2788호
1741,366,17,개정,2026-05-29,규정,2869,개정 2026. 5. 29. 규정 제2869호
1742,367,1,제정,2018-09-21,규정,2250,제정 2018. 9. 21. 규정 제2250호
1743,368,1,제정,2017-07-18,규정,2155,제정 2017. 7. 18. 규정 제2155호
1744,369,1,제정,2010-09-20,규정,1648,제정 2010. 9. 20. 규정 제1648호
1745,370,1,제정,1998-06-29,규정,928,제정 1998. 6. 29 규정 제 928호
1746,370,2,개정,2006-01-17,규정,1281,개정 2006. 1. 17 규정 제1281호
1747,370,3,개정,2008-02-29,규정,1411,개정 2008. 2. 29 규정 제1411호
1748,370,4,개정,2009-08-31,규정,1550,개정 2009. 8. 31 규정 제1550호
1749,370,5,개정,2011-02-28,규정,1688,개정 2011. 2. 28. 규정 제1688호
1750,370,6,개정,2015-02-27,규정,1959,개정 2015. 2. 27. 규정 제1959호
1751,371,1,제정,2007-10-30,규정,1395,제정 2007. 10. 30. 규정 제1395호
1752,372,1,제정,1995-09-05,규정,764,제정 1995. 9. 5 규정 제 764호
1753,372,2,개정,1998-03-10,규정,913,개정 1998. 3. 10 규정 제 913호
1754,372,3,개정,2002-06-29,규정,1083,개정 2002. 6. 29 규정 제1083호
1755,372,4,개정,2011-07-08,규정,1714,개정 2011. 7. 8. 규정 제1714호
1756,372,5,개정,2017-05-31,규정,2151,개정 2017. 5. 31. 규정 제2151호
1757,373,1,제정,2008-12-02,규정,1507,제정 2008. 12. 2. 규정 제1507호
1758,373,2,전문개정,2011-08-31,규정,1727,전문개정 2011. 8. 31. 규정 제1727호
1759,374,1,제정,2002-09-27,규정,1093,제정 2002. 9.27. 규정 제1093호
1760,374,2,개정,2003-10-31,규정,1166,개정 2003.10.31. 규정 제1166호
1761,374,3,개정,2008-02-29,규정,1432,개정 2008. 2.29. 규정 제1432호
1762,374,4,개정,2016-06-27,규정,2033,개정 2016. 6.27. 규정 제2033호
1763,375,1,제정,2010-08-27,규정,1640,제정 2010. 8.27. 규정 제1640호
1764,376,1,제정,1995-04-08,예규,178,제정 1995. 4. 8 예규 제178호
1765,376,2,개정,2016-12-29,예규,628,개정 2016.12.29 예규 제628호
1766,377,1,제정,2015-09-01,규정,1994,제정 2015. 9. 1. 규정 제1994호
1767,378,1,제정,1984-11-07,예규,49,제정 1984. 11.7. 예규 제 49호
1768,378,2,개정,1994-02-03,예규,160,개정 1994. 2. 3. 예규 제160호
1769,378,3,전부개정,2019-05-17,예규,736,전부개정 2019. 5.17. 예규 제736호
1770,379,1,제정,2008-12-02,규정,1513,제정 2008. 12. 2. 규정 제1513호
1771,379,2,개정,2011-12-16,규정,1754,개정 2011. 12. 16. 규정 제1754호
1772,380,1,제정,2025-12-17,규정,2845,제정 2025. 12. 17. 규정 제2845호
1773,381,1,제정,2015-05-22,예규,572,제정 2015. 5. 22. 예규 제572호
1774,381,2,개정,2017-11-07,예규,657,개정 2017. 11. 7. 예규 제657호
1775,381,3,개정,2025-04-11,예규,1068,개정 2025. 4. 11. 예규 제1068호
1776,382,1,제정,2022-02-22,규정,2499,제정 2022. 2. 22. 규정 제2499호
1777,382,2,개정,2024-12-30,규정,2751,개정 2024. 12. 30. 규정 제2751호
1778,382,3,개정,2025-09-26,규정,2827,개정 2025. 9. 26. 규정 제2827호
1779,383,1,제정,2012-05-31,규정,1785,제정 2012. 5. 31. 규정 제1785호
1780,383,2,개정,2016-12-26,규정,2085,개정 2016. 12.26. 규정 제2085호
1781,384,1,제정,2016-10-31,예규,618,제정 2016.10.31. 예규 제618호
1782,384,2,개정,2020-09-17,예규,804,개정 2020. 9.17. 예규 제804호
1783,385,1,제정,2007-06-13,예규,368,제정 2007. 6. 13. 예규 제368호
1784,385,2,개정,2012-05-29,예규,490,개정 2012. 5. 29. 예규 제490호
1785,385,3,개정,2015-07-20,예규,575,개정 2015. 7. 20. 예규 제575호
1786,385,4,개정,2016-12-02,예규,731,개정 2016. 12. 2. 예규 제731호
1787,385,5,개정,2021-02-10,예규,828,개정 2021. 2. 10. 예규 제828호
1788,386,1,제정,2017-11-27,규정,2180,제정 2017. 11. 27. 규정 제2180호
1789,387,1,미표기,2009-02-27,규정,1524,2009. 2. 27. 규정 제1524호
1790,388,1,제정,2012-10-02,예규,501,제정 2012. 10. 2. 예규 제501호
1791,389,1,제정,1995-04-25,규정,747,제정 1995. 4.25 규정 제 747호
1792,389,2,개정,1996-05-07,규정,813,개정 1996. 5. 7. 규정 제 813호
1793,389,3,개정,1997-03-26,규정,862,개정 1997. 3 26 규정 제 862호
1794,389,4,개정,2003-02-11,규정,1121,개정 2003. 2.11. 규정 제1121호
1795,389,5,개정,2004-08-31,규정,1200,개정 2004. 8.31 규정 제1200호
1796,389,6,개정,2005-06-30,규정,1260,개정 2005. 6.30. 규정 제1260호
1797,389,7,전문개정,2006-08-07,규정,1310,전문개정 2006. 8. 7 규정 제1310호
1798,389,8,개정,2007-10-30,규정,1396,개정 2007.10.30. 규정 제1396호
1799,389,9,개정,2008-02-29,규정,1452,개정 2008. 2.29 규정 제1452호
1800,389,10,개정,2010-09-20,규정,1650,개정 2010. 9.20. 규정 제1650호
1801,389,11,개정,2012-02-29,규정,1777,개정 2012. 2.29 규정 제1777호
1802,389,12,개정,2013-06-18,규정,1859,개정 2013. 6.18. 규정 제1859호
1803,389,13,개정,2014-03-14,규정,1893,개정 2014. 3.14 규정 제1893호
1804,389,14,개정,2016-08-29,규정,2055,개정 2016. 8.29. 규정 제2055호
1805,389,15,개정,2017-07-18,규정,2154,개정 2017. 7.18 규정 제2154호
1806,389,16,개정,2018-09-21,규정,2253,개정 2018. 9.21. 규정 제2253호
1807,389,17,개정,2021-10-29,규정,2469,개정 2021.10.29. 규정 제2469호
1808,389,18,개정,2022-06-24,규정,2532,개정 2022. 6.24. 규정 제2532호
1809,389,19,개정,2024-01-05,규정,2655,개정 2024. 1. 5. 규정 제2655호
1810,389,20,개정,2025-02-28,규정,2757,개정 2025. 2. 28. 규정 제2757호
1811,390,1,제정,2007-05-08,예규,365,제정 2007. 5. 8. 예규 제365호
1812,390,2,개정,2008-10-21,예규,398,개정 2008.10.21. 예규 제398호
1813,390,3,개정,2010-10-05,예규,444,개정 2010. 10.5. 예규 제444호
1814,390,4,개정,2011-11-09,예규,462,개정 2011. 11.9. 예규 제462호
1815,390,5,전부개정,2015-12-31,예규,587,전부개정 2015.12.31. 예규 제587호
1816,390,6,개정,2017-02-06,예규,637,개정 2017. 2. 6. 예규 제637호
1817,390,7,개정,2017-08-31,예규,652,개정 2017. 8.31. 예규 제652호
1818,390,8,개정,2017-10-30,예규,656,개정 2017.10.30. 예규 제656호
1819,390,9,개정,2018-02-14,예규,675,개정 2018. 2.14. 예규 제675호
1820,390,10,개정,2018-10-29,예규,709,개정 2018.10.29. 예규 제709호
1821,390,11,개정,2020-02-28,예규,771,개정 2020. 2.28. 예규 제771호
1822,390,12,개정,2021-12-30,예규,880,개정 2021.12.30. 예규 제880호
1823,390,13,개정,2022-09-08,예규,923,개정 2022. 9. 8. 예규 제923호
1824,390,14,개정,2023-02-27,예규,939,개정 2023. 2.27. 예규 제939호
1825,390,15,개정,2023-08-31,예규,966,개정 2023. 8.31. 예규 제966호
1826,390,16,개정,2024-07-03,예규,1014,개정 2024. 7. 3. 예규 제1014호
1827,390,17,개정,2024-10-08,예규,1025,개정 2024.10. 8. 예규 제1025호
1828,390,18,개정,2024-12-24,예규,1032,개정 2024.12.24. 예규 제1032호
1829,390,19,개정,2025-09-12,예규,1095,개정 2025. 9. 12. 예규 제1095호
1830,390,20,개정,2026-07-29,예규,1142,개정 2026. 7. 29. 예규 제1142호
1831,391,1,제정,2024-09-02,예규,1019,제정 2024. 9. 2. 예규 제1019호
1832,391,2,개정,2026-06-04,예규,1136,개정 2026. 6. 4. 예규 제1136호
1833,392,1,제정,2021-05-21,예규,850,제정 2021. 5.21. 예규 제850호
1834,392,2,개정,2022-09-21,예규,926,개정 2022. 9.21. 예규 제926호
1835,392,3,개정,2024-07-30,예규,1017,개정 2024. 7.30. 예규 제1017호
1836,393,1,제정,2002-06-19,예규,270,제정 2002. 6. 19. 예규 제270호
1837,393,2,개정,2011-01-19,예규,450,개정 2011. 1. 19. 예규 제450호
1838,393,3,개정,2014-05-01,예규,547,개정 2014. 5. 1. 예규 제547호
1839,394,1,제정,2007-12-03,예규,378,제정 2007.12. 3. 예규 제378호
1840,394,2,개정,2014-06-13,예규,550,개정 2014. 6.13. 예규 제550호
1841,394,3,개정,2021-08-30,예규,865,개정 2021. 8.30. 예규 제865호
1842,394,4,개정,2023-10-27,예규,973,개정 2023.10.27. 예규 제973호
1843,394,5,개정,2025-02-12,예규,1057,개정 2025. 2. 12. 예규 제1057호
1844,395,1,제정,2011-08-08,예규,458,제정 2011. 8. 8. 예규 제458호
1845,395,2,개정,2016-05-31,예규,601,개정 2016. 5.31. 예규 제601호
1846,395,3,개정,2020-02-25,예규,767,개정 2020. 2.25. 예규 제767호
1847,395,4,개정,2021-02-10,예규,827,개정 2021. 2.10. 예규 제827호
1848,395,5,개정,2025-02-12,예규,1058,개정 2025. 2. 12. 예규 제1058호
1849,396,1,제정,2006-11-16,규정,1324,제정 2006. 11. 16. 규정 제1324호
1850,396,2,개정,2012-07-17,규정,1791,개정 2012. 7. 17. 규정 제1791호
1851,396,3,개정,2014-07-18,규정,1915,개정 2014. 7. 18. 규정 제1915호
1852,396,4,전부개정,2019-04-04,규정,2277,전부개정 2019. 4. 4. 규정 제2277호
1853,396,5,전부개정,2025-02-28,규정,2759,전부개정 2025. 2. 28. 규정 제2759호
1854,397,1,제정,2025-11-24,규정,1114,제정 2025. 11. 24. 규정 제1114호
1855,398,1,제정,2016-11-03,규정,2060,제정 2016. 11. 3. 규정 제2060호
1856,399,1,제정,2011-11-14,규정,1736,제정 2011. 11. 14. 규정 제1736호
1857,400,1,제정,2012-11-06,예규,505,제정 2012. 11. 6. 예규 제505호
1858,400,2,개정,2017-01-26,예규,634,개정 2017. 1. 26. 예규 제634호
1859,400,3,개정,2018-03-28,예규,684,개정 2018. 3. 28. 예규 제684호
1860,400,4,개정,2021-06-25,예규,857,개정 2021. 6. 25. 예규 제857호
1861,400,5,개정,2024-12-31,예규,1046,개정 2024. 12. 31. 예규 제1046호
1862,401,1,제정,2025-08-25,예규,1092,제정 2025. 8. 25. 예규 제1092호
1863,402,1,제정,2006-12-18,규정,1334,제정 2006.12.18 규정 제1334호
1864,402,2,개정,2010-02-25,규정,1615,개정 2010. 2.25 규정 제1615호
1865,402,3,개정,2013-02-28,규정,1840,개정 2013. 2.28 규정 제1840호
1866,402,4,개정,2016-12-26,규정,2127,개정 2016.12.26 규정 제2127호
1867,403,1,제정,2012-02-14,예규,474,제정 2012. 2.14. 예규 제474호
1868,403,2,전부개정,2015-07-23,예규,577,전부개정 2015. 7.23. 예규 제577호
1869,403,3,개정,2016-10-27,예규,612,개정 2016.10.27. 예규 제612호
1870,403,4,개정,2017-04-19,예규,644,개정 2017. 4.19. 예규 제644호
1871,403,5,개정,2017-05-12,예규,647,개정 2017. 5.12. 예규 제647호
1872,403,6,개정,2017-11-07,예규,661,개정 2017. 11.7. 예규 제661호
1873,403,7,개정,2018-05-08,예규,693,개정 2018. 5. 8. 예규 제693호
1874,403,8,개정,2018-12-28,예규,712,개정 2018.12.28. 예규 제712호
1875,403,9,개정,2019-08-26,예규,743,개정 2019. 8.26. 예규 제743호
1876,403,10,개정,2020-02-25,예규,766,개정 2020. 2.25. 예규 제766호
1877,403,11,개정,2020-07-23,예규,796,개정 2020. 7.23. 예규 제796호
1878,403,12,개정,2021-04-28,예규,844,개정 2021. 4.28. 예규 제844호
1879,403,13,전부개정,2021-08-30,예규,862,전부개정 2021. 8.30. 예규 제862호
1880,403,14,개정,2023-02-21,예규,937,개정 2023. 2.21. 예규 제937호
1881,403,15,개정,2024-12-31,예규,1036,개정 2024.12.31. 예규 제1036호
1882,404,1,제정,2010-10-05,규정,446,제정 2010. 10. 5 규정 제446호
1883,405,1,제정,2021-02-26,규정,2408,제정 2021. 2. 26. 규정 제2408호
1884,406,1,제정,2016-03-29,규정,2014,제정 2016. 3.29. 규정 제2014호
1885,406,2,개정,2018-02-07,규정,2199,개정 2018. 2. 7. 규정 제2199호
1886,406,3,개정,2019-05-21,규정,2300,개정 2019. 5.21. 규정 제2300호
1887,406,4,개정,2022-06-24,규정,2525,개정 2022. 6.24. 규정 제2525호
1888,406,5,개정,2023-02-27,규정,2567,개정 2023. 2.27. 규정 제2567호
1889,406,6,개정,2024-08-28,규정,2703,개정 2024. 8. 28.규정 제2703호
1890,406,7,개정,2026-02-27,규정,2851,개정 2026. 2. 27.규정 제2851호
1891,406,8,개정,2026-05-29,규정,2867,개정 2026. 5. 29.규정 제2867호
1892,406,9,개정,2026-07-27,규정,2881,개정 2026. 7. 27.규정 제2881호
1893,407,1,제정,1995-11-21,규정,772,제정 1995. 11. 21 규정 제 772호
1894,407,2,개정,2006-08-07,규정,1307,개정 2006. 8. 7 규정 제1307호
1895,407,3,개정,2014-07-18,규정,1916,개정 2014. 7. 18 규정 제1916호
1896,408,1,제정,2024-08-02,예규,1018,제정 2024. 8. 2. 예규 제1018호
1897,409,1,제정,2026-01-07,예규,1121,제정 2026. 1. 7. 예규 제1121호
1898,409,2,개정,2026-08-21,예규,1146,개정 2026. 8. 21. 예규 제1146호
1899,410,1,제정,2023-10-27,규정,2636,제정 2023. 10. 27. 규정 제2636호
1900,410,2,개정,2024-12-30,규정,2736,개정 2024. 12. 30. 규정 제2736호
1901,411,1,제정,2018-07-01,규정,2232,제정 2018. 7. 1. 규정 제2232호
1902,412,1,제정,2021-02-26,예규,833,제정 2021. 2. 26. 예규 제833호
1903,413,1,제정,2013-10-11,규정,1875,제정 2013.10.11. 규정 제1875호
1904,413,2,개정,2015-11-30,규정,1998,개정 2015.11.30. 규정 제1998호
1905,413,3,개정,2016-04-29,규정,2025,개정 2016.04.29. 규정 제2025호
1906,413,4,개정,2017-10-16,규정,2162,개정 2017.10.16. 규정 제2162호
1907,413,5,개정,2019-01-04,규정,2259,개정 2019. 1. 4. 규정 제2259호
1908,413,6,개정,2019-07-02,규정,2315,개정 2019. 7. 2. 규정 제2315호
1909,413,7,개정,2020-05-04,규정,2355,개정 2020. 5. 4. 규정 제2355호
1910,413,8,개정,2020-12-29,규정,2396,개정 2020.12.29. 규정 제2396호
1911,413,9,개정,2024-02-26,규정,2661,개정 2024. 2.26. 규정 제2661호
1912,413,10,개정,2024-06-27,규정,2687,개정 2024. 6.27. 규정 제2687호
1913,413,11,개정,2025-10-27,규정,2832,개정 2025. 10.27. 규정 제2832호
1914,413,12,개정,2025-12-01,규정,2839,개정 2025. 12. 1. 규정 제2839호
1915,414,1,제정,2024-06-27,예규,1010,제정 2024. 6. 27. 예규 제1010호
1916,415,1,제정,2025-05-22,규정,2777,제정 2025. 5. 22. 규정 제2777호
1917,415,2,개정,2026-06-29,규정,2870,개정 2026. 6. 29. 규정 제2870호
1918,416,1,제정,2019-07-02,규정,2309,제정 2019. 7. 2. 규정 제2309호
1919,416,2,개정,2021-03-25,규정,2426,개정 2021. 3.25. 규정 제2426호
1920,416,3,개정,2021-10-29,규정,2467,개정 2021.10.29. 규정 제2467호
1921,416,4,개정,2026-04-27,규정,2858,개정 2026. 4.27. 규정 제2858호
1922,417,1,제정,2015-01-23,규정,1945,제정 2015.01.23. 규정 제1945호
1923,418,1,제정,2004-02-25,규정,1172,제정 2004. 2.25. 규정 제1172호
1924,418,2,개정,2004-06-15,규정,1181,개정 2004. 6.15. 규정 제1181호
1925,418,3,개정,2006-01-17,규정,1283,개정 2006. 1.17. 규정 제1283호
1926,418,4,개정,2013-02-28,규정,1828,개정 2013. 2.28. 규정 제1828호
1927,418,5,개정,2022-11-01,규정,2545,개정 2022.11. 1. 규정 제2545호
1928,419,1,제정,2012-11-01,규정,1801,제정 2012.11. 1. 규정 제1801호
1929,419,2,개정,2016-12-26,규정,2101,개정 2016.12.26. 규정 제2101호
1930,419,3,개정,2018-09-21,규정,2248,개정 2018. 9.21. 규정 제2248호
1931,419,4,개정,2021-04-23,규정,2437,개정 2021. 4.23. 규정 제2437호
1932,419,5,개정,2024-12-30,규정,2729,개정 2024.12.30. 규정 제2729호
1933,420,1,제정,2012-02-29,규정,1776,제정 2012. 2. 29. 규정 제1776호
1934,421,1,제정,2000-03-10,규정,995,제정 2000. 3. 10 규정 제 995호
1935,421,2,개정,2003-02-06,규정,1114,개정 2003. 2. 6 규정 제1114호
1936,421,3,개정,2016-06-27,규정,2041,개정 2016. 6. 27. 규정 제2041호
1937,421,4,개정,2026-08-31,규정,2890,개정 2026. 8. 31. 규정 제2890호
1938,422,1,제정,2009-11-23,규정,1564,제정 2009. 11. 23. 규정 제1564호
1939,422,2,개정,2010-09-30,규정,1658,개정 2010. 9. 30. 규정 제1658호
1940,422,3,개정,2011-11-14,규정,1733,개정 2011. 11. 14. 규정 제1733호
1941,422,4,개정,2016-12-26,규정,2104,개정 2016. 12. 26. 규정 제2104호
1942,422,5,개정,2020-12-29,규정,2395,개정 2020. 12. 29. 규정 제2395호
1943,422,6,개정,2024-12-30,규정,2730,개정 2024. 12. 30. 규정 제2730호
1944,423,1,제정,2003-06-20,예규,289,제정 2003. 6. 20 예규 제289호
1945,423,2,개정,2011-03-03,예규,452,개정 2011. 3. 3. 예규 제452호
1946,424,1,제정,1976-11-12,규정,157,제정 1976.11.12 규정 제 157호
1947,424,2,개정,1985-02-26,규정,388,개정 1985. 2.26 규정 제 388호
1948,424,3,개정,1988-12-15,규정,544,개정 1988.12.15 규정 제 544호
1949,424,4,개정,1994-04-08,규정,676,개정 1994. 4. 8 규정 제 676호
1950,424,5,개정,1996-06-18,규정,819,개정 1996. 6.18 규정 제 819호
1951,424,6,개정,1999-03-31,규정,967,개정 1999. 3.31 규정 제 967호
1952,424,7,개정,2000-08-05,규정,1002,개정 2000. 8. 5 규정 제1002호
1953,424,8,개정,2001-02-19,규정,1014,개정 2001. 2.19 규정 제1014호
1954,424,9,개정,2002-01-21,규정,1051,개정 2002. 1.21 규정 제1051호
1955,424,10,개정,2002-12-24,규정,1102,개정 2002.12.24 규정 제1102호
1956,424,11,개정,2005-02-16,규정,1234,개정 2005. 2.16 규정 제1234호
1957,424,12,개정,2008-09-01,규정,1491,개정 2008. 9. 1 규정 제1491호
1958,424,13,개정,2010-02-25,규정,1587,개정 2010. 2.25 규정 제1587호
1959,424,14,개정,2011-01-28,규정,1675,개정 2011. 1.28 규정 제1675호
1960,424,15,개정,2014-05-02,규정,1903,개정 2014. 5. 2 규정 제1903호
1961,424,16,개정,2015-02-27,규정,1960,개정 2015. 2. 27 규정 제1960호
1962,424,17,개정,2016-12-26,규정,2099,개정 2016.12.26 규정 제2099호
1963,424,18,개정,2021-02-26,규정,2405,개정 2021. 2.26. 규정 제2405호
1964,424,19,개정,2022-09-26,규정,2539,개정 2022. 9.26. 규정 제2539호
1965,424,20,개정,2025-09-26,규정,2816,개정 2025. 9.26. 규정 제2816호
1966,425,1,제정,1985-11-01,예규,76,제정 1985. 11.1. 예규 제 76호
1967,425,2,개정,1994-05-30,예규,164,개정 1994. 5.30. 예규 제164호
1968,425,3,개정,1995-01-20,예규,170,개정 1995. 1.20. 예규 제170호
1969,425,4,개정,1996-06-17,예규,189,개정 1996. 6.17. 예규 제189호
1970,425,5,개정,1998-01-31,예규,208,개정 1998. 1.31. 예규 제208호
1971,425,6,개정,1999-03-04,예규,220,개정 1999. 3. 4. 예규 제220호
1972,425,7,개정,1999-12-24,예규,229,개정 1999.12.24. 예규 제229호
1973,425,8,개정,2000-08-16,예규,236,개정 2000. 8.16. 예규 제236호
1974,425,9,개정,2001-10-15,예규,255,개정 2001.10.15. 예규 제255호
1975,425,10,개정,2002-05-20,예규,268,개정 2002. 5.20. 예규 제268호
1976,425,11,개정,2003-01-15,예규,280,개정 2003. 1.15. 예규 제280호
1977,425,12,개정,2004-02-27,예규,300,개정 2004. 2.27. 예규 제300호
1978,425,13,개정,2004-12-22,예규,314,개정 2004.12.22. 예규 제314호
1979,425,14,개정,2005-08-25,예규,324,개정 2005. 8.25. 예규 제324호
1980,425,15,개정,2007-05-02,예규,363,개정 2007. 5. 2. 예규 제363호
1981,425,16,개정,2008-08-04,예규,394,개정 2008. 8. 4. 예규 제394호
1982,425,17,개정,2009-11-18,예규,419,개정 2009.11.18. 예규 제419호
1983,425,18,개정,2010-12-16,예규,447,개정 2010.12.16. 예규 제447호
1984,425,19,개정,2013-12-03,예규,536,개정 2013. 12.3. 예규 제536호
1985,425,20,개정,2015-02-12,예규,563,개정 2015. 2.12. 예규 제563호
1986,425,21,개정,2016-02-02,예규,590,개정 2016. 2. 2. 예규 제590호
1987,425,22,개정,2019-07-16,예규,742,개정 2019. 7.16. 예규 제742호
1988,425,23,개정,2021-01-20,예규,813,개정 2021. 1.20. 예규 제813호
1989,425,24,개정,2022-09-26,예규,927,개정 2022. 9.26. 예규 제927호
1990,425,25,개정,2024-12-31,예규,1037,개정 2024.12.31. 예규 제1037호
1991,426,1,제정,2014-04-09,규정,1902,제정 2014. 4. 9. 규정 제1902호
1992,427,1,제정,2015-07-31,규정,1990,제정 2015. 7.31. 규정 제1990호
1993,427,2,개정,2017-12-26,규정,2124,개정 2017.12.26. 규정 제2124호
1994,427,3,개정,2018-08-30,규정,2243,개정 2018. 8.30. 규정 제2243호
1995,427,4,개정,2021-10-21,규정,2466,개정 2021.10.21. 규정 제2466호
1996,427,5,개정,2022-04-29,규정,2513,개정 2022. 4.29. 규정 제2513호
1997,427,6,개정,2024-12-30,규정,2748,개정 2024.12.30. 규정 제2748호
1998,427,7,개정,2025-10-27,규정,2833,개정 2025.10.27. 규정 제2833호
1999,428,1,제정,2024-11-01,예규,1030,제정 2024. 11. 1. 예규 제1030호
2000,428,2,개정,2026-02-03,예규,1125,개정 2026. 2. 3. 예규 제1125호
2001,428,3,개정,2026-04-20,예규,1132,개정 2026. 4. 20. 예규 제1132호
2002,429,1,제정,1996-09-24,규정,828,제정 1996. 9. 24. 규정 제828호
2003,429,2,전부개정,2015-12-30,규정,2004,전부개정 2015.12.30. 규정 제2004호
2004,429,3,개정,2017-11-27,규정,2171,개정 2017.11.27. 규정 제2171호
2005,429,4,개정,2019-04-29,규정,2287,개정 2019. 4.29. 규정 제2287호
2006,429,5,개정,2020-03-27,규정,2341,개정 2020. 3.27. 규정 제2341호
2007,429,6,개정,2022-05-30,규정,2517,개정 2022. 5.30. 규정 제2517호
2008,429,7,개정,2024-08-28,규정,2699,개정 2024. 8.28. 규정 제2699호
2009,429,8,개정,2025-06-30,규정,2795,개정 2025. 6. 30. 규정 제2795호
2010,430,1,제정,1976-07-26,규정,154,제정 1976. 7. 26. 규정 제 154호
2011,430,2,개정,1994-07-05,규정,702,개정 1994. 7. 5. 규정 제 702호
2012,430,3,개정,2008-05-01,규정,1471,개정 2008. 5. 1. 규정 제1471호
2013,430,4,개정,2016-11-28,규정,2071,개정 2016. 11. 28. 규정 제2071호
2014,431,1,제정,1991-12-07,,,제정 1991. 12. 7.
2015,431,2,개정,1992-12-14,,,개정 1992. 12. 14.
2016,431,3,개정,1993-10-09,,,개정 1993. 10. 9.
2017,431,4,개정,1994-09-30,,,개정 1994. 9. 30.
2018,431,5,개정,1995-02-10,,,개정 1995. 2. 10.
2019,431,6,개정,1996-09-13,,,개정 1996. 9. 13.
2020,431,7,개정,1996-11-02,,,개정 1996. 11. 2.
2021,431,8,개정,1997-10-13,,,개정 1997. 10. 13.
2022,431,9,개정,1999-10-05,예규,225,개정 1999. 10. 5. 예규 제225호
2023,431,10,개정,2002-06-19,규정,1073,개정 2002. 6. 19. 규정 제1073호
2024,431,11,개정,2004-10-27,규정,1214,개정 2004. 10. 27. 규정 제1214호
2025,431,12,개정,2005-06-30,규정,1250,개정 2005. 6. 30. 규정 제1250호
2026,431,13,개정,2007-09-08,규정,1387,개정 2007. 9. 8. 규정 제1387호
2027,431,14,개정,2008-12-02,규정,1503,개정 2008. 12. 2. 규정 제1503호
2028,431,15,개정,2010-02-25,규정,1581,개정 2010. 2. 25. 규정 제1581호
2029,431,16,개정,2010-09-30,규정,1655,개정 2010. 9. 30. 규정 제1655호
2030,431,17,개정,2012-07-17,규정,1787,개정 2012. 7.17. 규정 제1787호
2031,431,18,개정,2016-11-28,규정,2067,개정 2016. 11. 28. 규정 제2067호
2032,431,19,개정,2016-12-26,규정,2081,개정 2016. 12. 26. 규정 제2081호
2033,431,20,개정,2019-01-04,규정,2257,개정 2019. 1. 4. 규정 제2257호
2034,431,21,개정,2024-01-05,규정,2649,개정 2024. 1. 5. 규정 제2649호
2035,431,22,개정,2025-03-04,규정,2766,개정 2025. 3. 4. 규정 제2766호
2036,432,1,제정,1994-06-14,규정,690,제정 1994. 6. 14. 규정 제 690호
2037,432,2,개정,1996-09-24,규정,835,개정 1996. 9. 24. 규정 제 835호
2038,432,3,개정,1997-11-12,규정,891,개정 1997.11. 12. 규정 제 891호
2039,432,4,개정,2003-01-16,규정,1110,개정 2003. 1. 16. 규정 제1110호
2040,432,5,전문개정,2005-08-22,규정,1266,전문개정 2005. 8. 22. 규정 제1266호
2041,432,6,개정,2007-11-28,규정,1401,개정 2007.11. 28. 규정 제1401호
2042,432,7,개정,2009-11-23,규정,1565,개정 2009.11. 23. 규정 제1565호
2043,432,8,개정,2011-11-28,규정,1740,개정 2011.11 .28. 규정 제1740호
2044,432,9,개정,2013-02-28,규정,1824,개정 2013. 2. 28. 규정 제1824호
2045,432,10,개정,2013-09-25,규정,1866,개정 2013. 9. 25. 규정 제1866호
2046,432,11,개정,2016-02-03,규정,2011,개정 2016. 2. 3. 규정 제2011호
2047,432,12,개정,2016-12-26,규정,2080,개정 2016.12. 26. 규정 제2080호
2048,432,13,개정,2018-07-01,규정,2230,개정 2018. 7. 1. 규정 제2230호
2049,432,14,개정,2021-08-02,규정,2441,개정 2021. 8. 2. 규정 제2441호
2050,432,15,개정,2024-01-05,규정,2650,개정 2024. 1. 5. 규정 제2650호
2051,432,16,개정,2025-02-28,규정,2753,개정 2025. 2. 28. 규정 제2753호
2052,433,1,제정,2012-07-17,규정,1793,제정 2012. 7. 17. 규정 제1793호
2053,433,2,개정,2014-04-09,규정,1901,개정 2014. 4. 9. 규정 제1901호
2054,434,1,제정,1978-12-01,규정,202,제정 1978.12. 1. 규정 제 202호
2055,434,2,개정,1985-03-05,규정,411,개정 1985. 3. 5. 규정 제 411호
2056,434,3,개정,1988-08-30,규정,527,개정 1988. 8.30. 규정 제 527호
2057,434,4,개정,1992-09-01,규정,624,개정 1992. 9. 1. 규정 제 624호
2058,434,5,개정,1995-06-28,규정,760,개정 1995. 6.28. 규정 제 760호
2059,434,6,전문개정,2006-04-21,규정,1300,전문개정 2006. 4.21. 규정 제1300호
2060,434,7,개정,2010-02-25,규정,1616,개정 2010. 2.25. 규정 제1616호
2061,434,8,전부개정,2024-11-29,규정,2716,전부개정 2024.11.29. 규정 제2716호
2062,435,1,제정,2021-04-23,규정,2432,제정 2021. 4.23. 규정 제2432호
2063,435,2,개정,2021-10-29,규정,2470,개정 2021.10.29. 규정 제2470호
2064,435,3,개정,2021-12-29,규정,2494,개정 2021.12.29. 규정 제2494호
2065,435,4,개정,2023-08-25,규정,2618,개정 2023. 8.25. 규정 제2618호
2066,435,5,개정,2025-10-27,규정,2835,개정 2025. 10.27. 규정 제2835호
2067,435,6,개정,2026-04-27,규정,2863,개정 2026. 4.27. 규정 제2863호
2068,436,1,제정,2003-08-13,규정,1153,제정 2003. 8.13. 규정 제1153호
2069,436,2,개정,2006-12-15,규정,1328,개정 2006.12.15. 규정 제1328호
2070,436,3,개정,2007-08-29,규정,1380,개정 2007. 8.29. 규정 제1380호
2071,436,4,개정,2008-02-29,규정,1435,개정 2008. 2.29. 규정 제1435호
2072,436,5,개정,2010-02-25,규정,1595,개정 2010. 2.25. 규정 제1595호
2073,436,6,개정,2013-02-28,규정,1834,개정 2013. 2.28. 규정 제1834호
2074,436,7,개정,2021-04-23,규정,2433,개정 2021. 4.23. 규정 제2433호
2075,436,8,개정,2021-10-06,규정,2465,개정 2021.10. 6. 규정 제2465호
2076,436,9,개정,2025-10-27,규정,2834,개정 2025.10. 27. 규정 제2834호
2077,436,10,개정,2026-04-27,규정,2862,개정 2026. 4. 27. 규정 제2862호
2078,437,1,제정,2025-09-01,규정,2805,제정 2025. 9. 1. 규정 제2805호
2079,437,2,개정,2025-12-01,규정,2837,개정 2025. 12. 1. 규정 제2837호
2080,438,1,제정,2004-06-15,규정,1190,제정 2004. 6. 15 규정 제1190호
2081,438,2,개정,2006-01-17,규정,1284,개정 2006. 1. 17 규정 제1284호
2082,438,3,개정,2010-09-20,규정,1649,개정 2010. 9. 20 규정 제1649호
2083,439,1,제정,2018-07-01,규정,2234,제정 2018. 7. 1. 규정 제2234호
2084,440,1,제정,2025-09-01,규정,2808,제정 2025. 9. 1. 규정 제2808호
2085,441,1,제정,2026-02-23,예규,1128,제정 2026. 2. 23. 예규 제1128호
2086,442,1,제정,2025-09-01,규정,2810,제정 2025. 9. 1. 규정 제2810호
2087,443,1,제정,2017-07-18,규정,2157,제정 2017. 7. 18. 규정 제2157호
2088,444,1,제정,2025-03-31,규정,2770,제정 2025. 3. 31. 규정 제2770호
2089,445,1,제정,1983-11-29,규정,315,제정 1983.11.29. 규정 제 315호
2090,445,2,개정,1994-02-03,규정,665,개정 1994. 2. 3. 규정 제 665호
2091,445,3,개정,2008-02-29,규정,1445,개정 2008. 2.29. 규정 제1445호
2092,445,4,개정,2013-12-20,규정,1885,개정 2013.12.20. 규정 제1885호
2093,445,5,개정,2022-11-28,규정,2550,개정 2022.11.28. 규정 제2550호
2094,445,6,개정,2025-05-22,규정,2789,개정 2025. 5. 22. 규정 제2789호
2095,446,1,제정,2007-10-30,규정,1393,제정 2007.10.30. 규정 제1393호
2096,447,1,제정,2025-05-22,규정,2784,제정 2025. 5. 22. 규정 제2784호
2097,448,1,제정,2018-02-07,규정,2208,제정 2018. 2. 7. 규정 제2208호
2098,449,1,제정,2015-07-01,규정,1984,제정 2015. 7. 1. 규정 제1984호
2099,449,2,개정,2016-03-29,규정,2019,개정 2016. 3. 29. 규정 제2019호
2100,449,3,개정,2017-11-27,규정,2176,개정 2017.11.27. 규정 제2176호
2101,450,1,제정,2014-11-24,규정,1939,제정 2014.11.24. 규정 제1939호
2102,450,2,개정,2022-06-24,규정,2529,개정 2022. 6.24. 규정 제2529호
2103,450,3,개정,2025-02-28,규정,2756,개정 2025. 2. 28. 규정 제2756호
2104,451,1,제정,2016-11-01,예규,615,제정 2016.11.01. 예규 제615호
2105,452,1,제정,2011-02-28,규정,1695,제정 2011. 2. 28. 규정 제1695호
2106,453,1,제정,2018-07-01,규정,2235,제정 2018. 7. 1. 규정 제2235호
2107,454,1,제정,2020-06-05,예규,791,제정 2020. 6. 5. 예규 제791호
2108,454,2,개정,2020-07-13,예규,794,개정 2020. 7.13. 예규 제794호
2109,454,3,개정,2024-05-17,예규,1006,개정 2024. 5.17. 예규 제1006호
2110,455,1,제정,1973-09-19,규정,113,제정 1973. 9. 19 규정 제 113호
2111,455,2,개정,1977-10-12,규정,186,개정 1977. 10. 12 규정 제 186호
2112,455,3,개정,1983-11-10,규정,314,개정 1983. 11. 10 규정 제 314호
2113,455,4,개정,1985-03-05,규정,422,개정 1985. 3. 5 규정 제 422호
2114,455,5,개정,1985-08-21,규정,448,개정 1985. 8. 21 규정 제 448호
2115,455,6,개정,1988-12-14,규정,543,개정 1988. 12. 14 규정 제 543호
2116,455,7,개정,1991-11-07,규정,598,개정 1991. 11. 7 규정 제 598호
2117,455,8,개정,1993-12-22,규정,664,개정 1993. 12. 22 규정 제 664호
2118,455,9,개정,2000-05-15,규정,996,개정 2000. 5. 15 규정 제 996호
2119,455,10,개정,2002-05-22,규정,1066,개정 2002. 5. 22 규정 제1066호
2120,455,11,개정,2003-01-16,규정,1108,개정 2003. 1. 16 규정 제1108호
2121,455,12,개정,2003-06-13,규정,1134,개정 2003. 6. 13 규정 제1134호
2122,455,13,개정,2009-02-27,규정,1520,개정 2009. 2. 27 규정 제1520호
2123,455,14,개정,2025-10-27,규정,2830,개정 2025. 10. 27. 규정 제2830호
2124,456,1,제정,2016-12-26,규정,2134,제정 2016.12.26. 규정 제2134호
2125,456,2,개정,2017-12-22,규정,2190,개정 2017.12.22. 규정 제2190호
2126,456,3,개정,2018-07-01,규정,2241,개정 2018. 7. 1. 규정 제2241호
2127,456,4,개정,2021-12-29,규정,2496,개정 2021.12.29. 규정 제2496호
2128,456,5,개정,2024-12-30,규정,2728,개정 2024.12.30. 규정 제2728호
2129,457,1,제정,2016-04-29,규정,2024,제정 2016.04.29. 규정 제2024호
2130,458,1,제정,2012-04-26,규정,1783,제정 2012. 4. 26. 규정 제1783호
2131,459,1,제정,1997-06-12,규정,874,제정 1997. 6.12. 규정 제 874호
2132,459,2,개정,2003-10-16,규정,1164,개정 2003.10.16. 규정 제1164호
2133,459,3,개정,2006-12-15,규정,1331,개정 2006.12.15. 규정 제1331호
2134,459,4,개정,2008-02-29,규정,1433,개정 2008. 2.29. 규정 제1433호
2135,459,5,개정,2010-02-25,규정,1596,개정 2010. 2.25. 규정 제1596호
2136,459,6,개정,2010-09-30,규정,1659,개정 2010. 9.30. 규정 제1659호
2137,459,7,개정,2016-12-26,규정,2110,개정 2016.12.26. 규정 제2110호
2138,459,8,개정,2024-12-30,규정,2732,개정 2024.12.30. 규정 제2732호
2139,460,1,제정,2014-11-24,규정,1937,제정 2014. 11. 24. 규정 제1937호
2140,461,1,제정,2003-02-06,규정,1116,제정 2003. 2. 6. 규정 제1116호
2141,461,2,개정,2003-06-13,규정,1136,개정 2003. 6.13. 규정 제1136호
2142,461,3,개정,2004-11-22,규정,1216,개정 2004.11.22. 규정 제1216호
2143,461,4,개정,2008-02-29,규정,1422,개정 2008. 2.29. 규정 제1422호
2144,461,5,개정,2010-01-18,규정,1570,개정 2010. 1.18. 규정 제1570호
2145,461,6,개정,2013-02-28,규정,1831,개정 2013. 2.28. 규정 제1831호
2146,461,7,개정,2016-12-26,규정,2096,개정 2016.12.26. 규정 제2096호
2147,461,8,개정,2019-05-21,규정,2296,개정 2019. 5.21. 규정 제2296호
2148,461,9,개정,2020-09-15,규정,2371,개정 2020. 9.15. 규정 제2371호
2149,461,10,전부개정,2021-10-29,규정,2468,전부개정 2021.10.29. 규정 제2468호
2150,461,11,개정,2024-12-30,규정,2725,개정 2024.12.30. 규정 제2725호
2151,462,1,제정,1998-07-31,규정,936,제정 1998. 7.31. 규정 제 936호
2152,462,2,개정,2003-06-13,규정,1133,개정 2003. 6.13. 규정 제1133호
2153,462,3,개정,2006-08-07,규정,1304,개정 2006. 8. 7. 규정 제1304호
2154,462,4,개정,2007-07-24,규정,1363,개정 2007. 7.24. 규정 제1363호
2155,462,5,개정,2007-10-30,규정,1390,개정 2007.10.30. 규정 제1390호
2156,462,6,개정,2008-02-29,규정,1421,개정 2008. 2.29. 규정 제1421호
2157,462,7,개정,2010-05-25,규정,1627,개정 2010. 5.25. 규정 제1627호
2158,462,8,개정,2011-02-28,규정,1686,개정 2011. 2.28. 규정 제1686호
2159,462,9,개정,2019-05-21,규정,2302,개정 2019. 5.21. 규정 제2302호
2160,462,10,개정,2024-11-29,규정,2715,개정 2024.11.29. 규정 제2715호
2161,463,1,제정,1972-04-18,규정,85,제정 1972. 4.18. 규정 제 85호
2162,463,2,개정,1979-07-01,규정,210,개정 1979. 7. 1. 규정 제 210호
2163,463,3,개정,1984-04-10,규정,339,개정 1984. 4.10. 규정 제 339호
2164,463,4,개정,1988-08-30,규정,526,개정 1988. 8.30. 규정 제 526호
2165,463,5,개정,1996-02-29,규정,790,개정 1996. 2 29. 규정 제 790호
2166,463,6,개정,2000-06-21,규정,1000,개정 2000. 6.21. 규정 제1000호
2167,463,7,개정,2004-12-28,규정,1222,개정 2004.12.28. 규정 제1222호
2168,463,8,개정,2007-05-02,규정,1352,개정 2007. 5. 2. 규정 제1352호
2169,463,9,개정,2008-02-29,규정,1443,개정 2008. 2.29. 규정 제1443호
2170,463,10,개정,2010-02-25,규정,1601,개정 2010. 2.25. 규정 제1601호
2171,463,11,개정,2010-09-30,규정,1666,개정 2010. 9.30. 규정 제1666호
2172,463,12,개정,2016-12-26,규정,2120,개정 2016.12.26. 규정 제2120호
2173,463,13,개정,2021-03-25,규정,2424,개정 2021. 3.25. 규정 제2424호
2174,463,14,개정,2024-12-30,규정,2742,개정 2024.12.30. 규정 제2742호
2175,464,1,제정,2014-05-02,규정,1903,제정 2014. 5. 2. 규정 제1903호
2176,464,2,개정,2014-07-18,규정,1913,개정 2014. 7.18. 규정 제1913호
2177,464,3,개정,2015-02-27,규정,1953,개정 2015. 2.27. 규정 제1953호
2178,464,4,개정,2016-11-28,규정,2068,개정 2016.11.28. 규정 제2068호
2179,464,5,개정,2020-09-15,규정,2372,개정 2020. 9.15. 규정 제2372호
2180,464,6,개정,2021-04-23,규정,2429,개정 2021. 4.23. 규정 제2429호
2181,464,7,개정,2023-12-01,규정,2641,개정 2023.12. 1. 규정 제2641호
2182,464,8,전부개정,2024-06-27,규정,2684,전부개정 2024. 6.27. 규정 제2684호
2183,464,9,개정,2025-09-01,규정,2806,개정 2025. 9. 1. 규정 제2806호
2184,465,1,제정,2026-01-26,예규,1124,제정 2026. 1. 26. 예규 제1124호
2185,466,1,제정,2009-09-14,예규,414,제정 2009. 9. 14. 예규 제414호
2186,466,2,개정,2019-03-29,예규,727,개정 2019. 3. 29. 예규 제727호
2187,467,1,제정,2016-07-11,규정,2047,제정 2016. 7. 11. 규정 제2047호
2188,467,2,개정,2018-07-01,규정,2242,개정 2018. 7. 1. 규정 제2242호
2189,467,3,개정,2021-02-26,규정,2406,개정 2021. 2. 26. 규정 제2406호
2190,468,1,제정,2012-07-17,규정,1790,제정 2012. 7. 17. 규정 제1790호
2191,468,2,개정,2015-02-27,규정,1961,개정 2015. 2. 27. 규정 제1961호
2192,468,3,개정,2015-07-01,규정,1982,개정 2015. 7. 1. 규정 제1982호
2193,468,4,개정,2024-12-30,규정,2726,개정 2024. 12. 30. 규정 제2726호
2194,469,1,제정,2021-10-06,규정,2454,제정 2021.10. 6. 규정 제2454호
2195,469,2,개정,2022-09-07,규정,2537,개정 2022. 9. 7. 규정 제2537호
2196,469,3,개정,2023-02-27,규정,2572,개정 2023. 2.27. 규정 제2572호
2197,469,4,개정,2023-08-25,규정,2615,개정 2023. 8.25. 규정 제2615호
2198,469,5,개정,2024-08-28,규정,2704,개정 2024. 8.28. 규정 제2704호
2199,469,6,개정,2025-10-27,규정,2831,개정 2025. 10. 27. 규정 제2831호
2200,469,7,개정,2026-07-27,규정,2883,개정 2026. 7. 27. 규정 제2883호
2201,470,1,제정,2014-06-12,예규,549,제정 2014. 6. 12. 예규 제549호
2202,471,1,제정,2021-08-04,예규,861,제정 2021. 8. 4. 예규 제861호
2203,471,2,개정,2024-12-31,예규,1034,개정 2024. 12. 31. 예규 제1034호
2204,472,1,제정,2006-05-03,규정,1301,제정 2006. 5. 3. 규정 제1301호
2205,472,2,개정,2007-05-02,규정,1355,개정 2007. 5. 2. 규정 제1355호
2206,472,3,개정,2016-06-27,규정,2038,개정 2016. 6. 27. 규정 제2038호
2207,472,4,개정,2026-04-27,규정,2861,개정 2026. 4. 27. 규정 제2861호
2208,473,1,제정,1994-02-03,규정,666,제정 1994. 2. 3. 규정 제 666호
2209,473,2,개정,1994-06-14,규정,691,개정 1994. 6.14. 규정 제 691호
2210,473,3,개정,1997-11-12,규정,892,개정 1997.11.12. 규정 제 892호
2211,473,4,개정,2002-04-04,규정,1063,개정 2002. 4. 4. 규정 제1063호
2212,473,5,개정,2004-11-22,규정,1218,개정 2004.11.22. 규정 제1218호
2213,473,6,개정,2007-02-23,규정,1342,개정 2007. 2.23. 규정 제1342호
2214,473,7,개정,2007-07-24,규정,1367,개정 2007. 7.24. 규정 제1367호
2215,473,8,개정,2008-02-29,규정,1455,개정 2008. 2.29. 규정 제1455호
2216,473,9,개정,2010-02-25,규정,1617,개정 2010. 2.25. 규정 제1617호
2217,473,10,개정,2012-07-17,규정,1794,개정 2012. 7.17. 규정 제1794호
2218,473,11,개정,2016-12-26,규정,2117,개정 2016.12.26. 규정 제2117호
2219,474,1,제정,1975-06-10,규정,135,제정 1975. 6.10. 규정 제 135호
2220,474,2,개정,1977-12-05,규정,193,개정 1977. 12.5. 규정 제 193호
2221,474,3,개정,1984-11-20,규정,368,개정 1984.11.20. 규정 제 368호
2222,474,4,개정,1986-06-19,규정,471,개정 1986. 6.19. 규정 제 471호
2223,474,5,개정,1988-09-06,규정,531,개정 1988. 9. 6. 규정 제 531호
2224,474,6,개정,1994-03-30,규정,672,개정 1994. 3.30. 규정 제 672호
2225,474,7,개정,1994-05-03,규정,678,개정 1994. 5. 3. 규정 제 678호
2226,474,8,개정,1994-12-27,규정,737,개정 1994.12.27. 규정 제 737호
2227,474,9,개정,1996-05-07,규정,808,개정 1996. 5. 7. 규정 제 808호
2228,474,10,개정,1996-06-18,규정,817,개정 1996. 6.18. 규정 제 817호
2229,474,11,개정,1996-12-30,규정,845,개정 1996.12.30. 규정 제 845호
2230,474,12,개정,1997-11-25,규정,897,개정 1997.11.25. 규정 제 897호
2231,474,13,개정,2000-06-14,규정,999,개정 2000. 6.14. 규정 제 999호
2232,474,14,개정,2001-06-01,규정,1028,개정 2001. 6. 1. 규정 제1028호
2233,474,15,개정,2003-06-13,규정,1137,개정 2003. 6.13. 규정 제1137호
2234,474,16,개정,2004-12-28,규정,1220,개정 2004.12.28. 규정 제1220호
2235,474,17,개정,2006-01-17,규정,1286,개정 2006. 1.17. 규정 제1286호
2236,474,18,개정,2011-02-28,규정,1687,개정 2011. 2.28. 규정 제1687호
2237,474,19,개정,2011-07-08,규정,1707,개정 2011. 7. 8. 규정 제1707호
2238,474,20,개정,2012-02-29,규정,1763,개정 2012. 2.29. 규정 제1763호
2239,474,21,개정,2015-02-27,규정,1956,개정 2015. 2.27. 규정 제1956호
2240,474,22,개정,2016-11-14,규정,2066,개정 2016.11.14. 규정 제2066호
2241,474,23,개정,2018-02-07,규정,2200,개정 2018. 2. 7. 규정 제2200호
2242,474,24,개정,2018-09-21,규정,2247,개정 2018. 9.21. 규정 제2247호
2243,474,25,개정,2019-05-21,규정,2297,개정 2019. 5.21. 규정 제2297호
2244,474,26,개정,2020-03-31,규정,2353,개정 2020. 3.31. 규정 제2353호
2245,474,27,개정,2020-07-14,규정,2363,개정 2020. 7.14. 규정 제2363호
2246,474,28,개정,2021-04-23,규정,2437,개정 2021. 4.23. 규정 제2437호
2247,474,29,개정,2021-11-26,규정,2474,개정 2021.11.26. 규정 제2474호
2248,474,30,개정,2023-08-25,규정,2612,개정 2023. 8.25. 규정 제2612호
2249,474,31,개정,2024-01-05,규정,2652,개정 2024. 1. 5. 규정 제2652호
2250,474,32,개정,2024-12-30,규정,2724,개정 2024.12.30. 규정 제2724호
2251,474,33,개정,2025-06-30,규정,2797,개정 2025. 6. 30. 규정 제2797호
2252,474,34,개정,2026-06-29,규정,2871,개정 2026. 6. 29. 규정 제2871호
2253,475,1,제정,2011-08-31,규정,1717,제정 2011. 8. 31. 규정 제1717호
2254,475,2,개정,2016-12-26,규정,2079,개정 2016.12. 26. 규정 제2079호
2255,475,3,개정,2024-12-30,규정,2723,개정 2024. 12. 30. 규정 제2723호
2256,476,1,제정,1953-10-01,규정,4,제정 1953. 10.1. 규정 제 4호
2257,476,2,개정,1972-07-07,규정,94,개정 1972. 7. 7. 규정 제 94호
2258,476,3,개정,1974-12-10,규정,130,개정 1974.12.10. 규정 제 130호
2259,476,4,개정,1977-03-02,규정,168,개정 1977. 3. 2. 규정 제 168호
2260,476,5,개정,1978-03-28,규정,200,개정 1978. 3.28. 규정 제 200호
2261,476,6,개정,1981-11-21,규정,281,개정 1981.11.21. 규정 제 281호
2262,476,7,개정,1982-12-04,규정,305,개정 1982. 12.4. 규정 제 305호
2263,476,8,개정,1984-06-20,규정,346,개정 1984. 6.20. 규정 제 346호
2264,476,9,개정,1985-12-04,규정,462,개정 1985. 12.4. 규정 제 462호
2265,476,10,개정,1986-06-27,규정,474,개정 1986. 6.27. 규정 제 474호
2266,476,11,개정,1988-03-31,규정,522,개정 1988. 3.31. 규정 제 522호
2267,476,12,개정,1989-06-21,규정,554,개정 1989. 6.21. 규정 제 554호
2268,476,13,개정,1990-09-25,규정,576,개정 1990. 9.25. 규정 제 576호
2269,476,14,개정,1991-11-08,규정,602,개정 1991. 11.8. 규정 제 602호
2270,476,15,개정,1993-02-23,규정,636,개정 1993. 2.23. 규정 제 636호
2271,476,16,개정,1994-02-03,규정,668,개정 1994. 2. 3. 규정 제 668호
2272,476,17,개정,1996-06-10,규정,816,개정 1996. 6.10. 규정 제 816호
2273,476,18,개정,1996-09-24,규정,825,개정 1996. 9.24. 규정 제 825호
2274,476,19,개정,1997-08-27,규정,886,개정 1997. 8.27. 규정 제 886호
2275,476,20,개정,1998-03-24,규정,915,개정 1998. 3.24. 규정 제 915호
2276,476,21,개정,1998-06-29,규정,927,개정 1998. 6.29. 규정 제 927호
2277,476,22,개정,1999-06-21,규정,971,개정 1999. 6.21. 규정 제 971호
2278,476,23,개정,2001-02-23,규정,1018,개정 2001. 2.23. 규정 제1018호
2279,476,24,개정,2001-08-31,규정,1032,개정 2001. 8.31. 규정 제1032호
2280,476,25,개정,2002-05-22,규정,1065,개정 2002. 5.22. 규정 제1065호
2281,476,26,개정,2003-02-06,규정,1115,개정 2003. 2. 6. 규정 제1115호
2282,476,27,개정,2004-02-25,규정,1173,개정 2004. 2.25. 규정 제1173호
2283,476,28,개정,2004-12-28,규정,1219,개정 2004.12.28. 규정 제1219호
2284,476,29,개정,2005-02-21,규정,1236,개정 2005. 2.21. 규정 제1236호
2285,476,30,개정,2005-06-30,규정,1257,개정 2005. 6.30. 규정 제1257호
2286,476,31,개정,2005-11-09,규정,1271,개정 2005. 11.9. 규정 제1271호
2287,476,32,개정,2006-08-07,규정,1303,개정 2006. 8. 7. 규정 제1303호
2288,476,33,개정,2006-09-18,규정,1313,개정 2006. 9.18. 규정 제1313호
2289,476,34,개정,2007-02-23,규정,1338,개정 2007. 2.23. 규정 제1338호
2290,476,35,개정,2007-07-24,규정,1362,개정 2007. 7.24. 규정 제1362호
2291,476,36,개정,2008-09-01,규정,1490,개정 2008. 9. 1. 규정 제1490호
2292,476,37,개정,2010-02-25,규정,1584,개정 2010. 2.25. 규정 제1584호
2293,476,38,개정,2010-08-27,규정,1633,개정 2010. 8.27. 규정 제1633호
2294,476,39,개정,2011-02-28,규정,1684,개정 2011. 2.28. 규정 제1684호
2295,476,40,개정,2011-07-08,규정,1706,개정 2011. 7. 8. 규정 제1706호
2296,476,41,개정,2011-11-14,규정,1732,개정 2011.11.14. 규정 제1732호
2297,476,42,개정,2012-07-17,규정,1789,개정 2012. 7.17. 규정 제1789호
2298,476,43,개정,2013-06-18,규정,1858,개정 2013. 6.18. 규정 제1858호
2299,476,44,개정,2014-02-20,규정,1888,개정 2014. 2.20. 규정 제1888호
2300,476,45,개정,2015-02-27,규정,1955,개정 2015. 2.27. 규정 제1955호
2301,476,46,개정,2015-07-15,규정,1988,개정 2015. 7.15. 규정 제1988호
2302,476,47,개정,2015-11-30,규정,1997,개정 2015.11.30. 규정 제1997호
2303,476,48,개정,2016-03-29,규정,2015,개정 2016. 3.29. 규정 제2015호
2304,476,49,개정,2017-11-27,규정,2173,개정 2017.11.27. 규정 제2173호
2305,476,50,개정,2018-09-21,규정,2246,개정 2018. 9.21. 규정 제2246호
2306,476,51,개정,2019-02-28,규정,2267,개정 2019. 2.28. 규정 제2267호
2307,476,52,개정,2019-04-29,규정,2288,개정 2019. 4.29. 규정 제2288호
2308,476,53,개정,2020-03-27,규정,2342,개정 2020. 3.27. 규정 제2342호
2309,476,54,개정,2020-12-24,규정,2389,개정 2020.12.24. 규정 제2389호
2310,476,55,개정,2021-08-02,규정,2446,개정 2021. 8. 2. 규정 제2446호
2311,476,56,개정,2021-11-26,규정,2473,개정 2021.11.26. 규정 제2473호
2312,476,57,개정,2022-05-30,규정,2516,개정 2022. 5.30. 규정 제2516호
2313,476,58,개정,2022-12-19,규정,2556,개정 2022.12.19. 규정 제2556호
2314,476,59,개정,2023-05-30,규정,2587,개정 2023. 5.30. 규정 제2587호
2315,476,60,개정,2024-06-27,규정,2683,개정 2024. 6.27. 규정 제2683호
2316,476,61,개정,2025-02-28,규정,2754,개정 2025. 2. 28. 규정 제2754호
2317,476,62,개정,2025-06-30,규정,2796,개정 2025. 6. 30. 규정 제2796호
2318,476,63,개정,2025-12-01,규정,2838,개정 2025. 12. 1. 규정 제2838호
2319,476,64,개정,2026-04-27,규정,2860,개정 2026. 4. 27. 규정 제2860호
2320,476,65,개정,2026-05-29,규정,2865,개정 2026. 5. 29. 규정 제2865호
2321,477,1,개정,1997-08-28,규정,877,개정 1997. 8.28 규정 제 877호
2322,477,2,개정,1998-01-07,규정,907,개정 1998. 1. 7 규정 제 907호
2323,477,3,개정,1998-03-24,규정,914,개정 1998. 3.24 규정 제 914호
2324,477,4,개정,1998-06-29,규정,926,개정 1998. 6.29 규정 제 926호
2325,477,5,개정,1998-11-07,규정,946,개정 1998.11. 7 규정 제 946호
2326,477,6,개정,1998-12-24,규정,954,개정 1998.12.24 규정 제 954호
2327,477,7,개정,1999-01-27,규정,956,개정 1999. 1.27 규정 제 956호
2328,477,8,개정,1999-08-25,규정,975,개정 1999. 8.25 규정 제 975호
2329,477,9,개정,1999-11-26,규정,986,개정 1999.11.26 규정 제 986호
2330,477,10,개정,2000-09-26,규정,1006,개정 2000. 9.26 규정 제1006호
2331,477,11,개정,2000-11-08,규정,1007,개정 2000.11. 8 규정 제1007호
2332,477,12,개정,2001-08-29,규정,1031,개정 2001. 8.29 규정 제1031호
2333,477,13,개정,2001-11-30,규정,1047,개정 2001.11.30 규정 제1047호
2334,477,14,개정,2002-06-29,규정,1078,개정 2002. 6.29 규정 제1078호
2335,477,15,개정,2002-09-27,규정,1087,개정 2002. 9.27 규정 제1087호
2336,477,16,개정,2003-01-16,규정,1106,개정 2003. 1.16 규정 제1106호
2337,477,17,개정,2003-02-26,규정,1122,개정 2003. 2.26 규정 제1122호
2338,477,18,개정,2003-05-01,규정,1126,개정 2003. 5. 1 규정 제1126호
2339,477,19,개정,2003-08-29,규정,1156,개정 2003. 8.29 규정 제1156호
2340,477,20,개정,2004-01-19,규정,1167,개정 2004. 1.19 규정 제1167호
2341,477,21,개정,2004-02-25,규정,1171,개정 2004. 2.25 규정 제1171호
2342,477,22,개정,2004-06-15,규정,1178,개정 2004. 6.15 규정 제1178호
2343,477,23,개정,2004-08-11,규정,1191,개정 2004. 8.11 규정 제1191호
2344,477,24,개정,2004-08-31,규정,1199,개정 2004. 8.31 규정 제1199호
2345,477,25,개정,2005-02-15,규정,1227,개정 2005. 2.15 규정 제1227호
2346,477,26,개정,2005-02-21,규정,1235,개정 2005. 2.21 규정 제1235호
2347,477,27,개정,2005-06-30,규정,1248,개정 2005. 6.30 규정 제1248호
2348,477,28,개정,2005-08-22,규정,1261,개정 2005. 8.22 규정 제1261호
2349,477,29,개정,2005-11-28,규정,1272,개정 2005.11.28 규정 제1272호
2350,477,30,개정,2006-01-17,규정,1279,개정 2006. 1.17 규정 제1279호
2351,477,31,개정,2006-04-21,규정,1295,개정 2006. 4.21 규정 제1295호
2352,477,32,개정,2006-09-29,규정,1316,개정 2006. 9.29 규정 제1316호
2353,477,33,개정,2006-12-15,규정,1325,개정 2006.12.15 규정 제1325호
2354,477,34,개정,2007-02-23,규정,1335,개정 2007. 2.23 규정 제1335호
2355,477,35,개정,2007-08-29,규정,1371,개정 2007. 8.29 규정 제1371호
2356,477,36,개정,2007-12-03,규정,1402,개정 2007.12. 3 규정 제1402호
2357,477,37,개정,2008-02-29,규정,1403,개정 2008. 2.29 규정 제1403호
2358,477,38,개정,2009-02-27,규정,1517,개정 2009. 2.27 규정 제1517호
2359,477,39,개정,2009-11-23,규정,1562,개정 2009.11.23 규정 제1562호
2360,477,40,개정,2010-04-19,규정,1619,개정 2010. 4.19 규정 제1619호
2361,477,41,개정,2010-09-30,규정,1651,개정 2010. 9.30 규정 제1651호
2362,477,42,개정,2011-02-28,규정,1682,개정 2011. 2.28 규정 제1682호
2363,477,43,개정,2011-12-16,규정,1741,개정 2011.12.16 규정 제1741호
2364,477,44,개정,2012-02-29,규정,1756,개정 2012. 2.29 규정 제1756호
2365,477,45,개정,2012-04-26,규정,1778,개정 2012. 4.26 규정 제1778호
2366,477,46,개정,2012-07-26,규정,1799,개정 2012. 7.26 규정 제1799호
2367,477,47,개정,2013-02-28,규정,1821,개정 2013. 2.28 규정 제1821호
2368,477,48,개정,2013-03-15,규정,1843,개정 2013. 3.15 규정 제1843호
2369,477,49,개정,2013-06-18,규정,1854,개정 2013. 6.18 규정 제1854호
2370,477,50,개정,2013-08-29,규정,1860,개정 2013. 8.29 규정 제1860호
2371,477,51,개정,2013-10-11,규정,1872,개정 2013.10.11 규정 제1872호
2372,477,52,개정,2014-03-14,규정,1891,개정 2014. 3.14 규정 제1891호
2373,477,53,개정,2014-08-26,규정,1920,개정 2014. 8.26 규정 제1920호
2374,477,54,개정,2014-09-26,규정,1935,개정 2014. 9.26 규정 제1935호
2375,477,55,개정,2015-01-23,규정,1942,개정 2015. 1.23 규정 제1942호
2376,477,56,개정,2015-02-27,규정,1947,개정 2015. 2.27 규정 제1947호
2377,477,57,개정,2015-07-15,규정,1987,개정 2015. 7.15 규정 제1987호
2378,477,58,개정,2016-02-03,규정,2010,개정 2016. 2. 3 규정 제2010호
2379,477,59,개정,2016-05-20,규정,2029,개정 2016. 5.20 규정 제2029호
2380,477,60,개정,2016-06-27,규정,2032,개정 2016. 6.27 규정 제2032호
2381,477,61,개정,2016-12-26,규정,2075,개정 2016.12.26 규정 제2075호
2382,477,62,개정,2017-10-16,규정,2159,개정 2017.10.16 규정 제2159호
2383,477,63,개정,2018-02-07,규정,2192,개정 2018. 2. 7 규정 제2192호
2384,477,64,개정,2018-07-01,규정,2229,개정 2018. 7. 1 규정 제2229호
2385,477,65,개정,2018-09-21,규정,2244,개정 2018. 9.21 규정 제2244호
2386,477,66,개정,2019-02-28,규정,2264,개정 2019. 2. 28. 규정 제2264호
2387,477,67,개정,2019-04-05,규정,2283,개정 2019. 4. 5. 규정 제2283호
2388,477,68,개정,2019-05-24,규정,2308,개정 2019. 5. 24. 규정 제2308호
2389,477,69,개정,2019-07-31,규정,2321,개정 2019. 7.31. 규정 제2321호
2390,477,70,개정,2020-01-20,규정,2334,개정 2020. 1.20. 규정 제2334호
2391,477,71,개정,2020-03-27,규정,2352,개정 2020. 3.27. 규정 제2352호
2392,477,72,개정,2020-05-07,규정,2360,개정 2020. 5. 7. 규정 제2360호
2393,477,73,개정,2020-06-15,규정,2361,개정 2020. 6.15. 규정 제2361호
2394,477,74,개정,2020-08-13,규정,2370,개정 2020. 8.13. 규정 제2370호
2395,477,75,개정,2020-10-27,규정,2380,개정 2020.10.27. 규정 제2380호
2396,477,76,개정,2020-11-26,규정,2387,개정 2020.11.26. 규정 제2387호
2397,477,77,개정,2020-12-29,규정,2392,개정 2020.12.29. 규정 제2392호
2398,477,78,개정,2021-02-26,규정,2401,개정 2021. 2.26. 규정 제2401호
2399,477,79,개정,2021-05-06,규정,2439,개정 2021. 5. 6. 규정 제2439호
2400,477,80,개정,2021-08-17,규정,2451,개정 2021. 8.17. 규정 제2451호
2401,477,81,개정,2021-11-30,규정,2478,개정 2021.11.30. 규정 제2478호
2402,477,82,개정,2021-12-29,규정,2486,개정 2021.12.29. 규정 제2486호
2403,477,83,개정,2022-02-28,규정,2500,개정 2022. 2.28. 규정 제2500호
2404,477,84,개정,2022-05-02,규정,2515,개정 2022. 5. 2. 규정 제2515호
2405,477,85,개정,2023-01-05,규정,2566,개정 2023. 1. 5. 규정 제2566호
2406,477,86,개정,2023-02-28,규정,2575,개정 2023. 2.28. 규정 제2575호
2407,477,87,개정,2023-07-20,규정,2606,개정 2023. 7.20. 규정 제2606호
2408,477,88,개정,2023-12-21,규정,2644,개정 2023.12.21. 규정 제2644호
2409,477,89,개정,2024-02-29,규정,2668,개정 2024. 2.29. 규정 제2668호
2410,477,90,개정,2024-05-30,규정,2682,개정 2024. 5. 30. 규정 제2682호
2411,477,91,개정,2024-11-01,규정,2714,개정 2024.11. 1. 규정 제2714호
2412,477,92,개정,2024-12-30,규정,2718,개정 2024. 12. 30. 규정 제2718호
2413,477,93,개정,2025-02-28,규정,2752,개정 2025. 2. 28. 규정 제2752호
2414,477,94,개정,2025-05-08,규정,2771,개정 2025. 5. 8. 규정 제2771호
2415,477,95,개정,2025-05-30,규정,2791,개정 2025. 5. 30. 규정 제2791호
2416,477,96,개정,2025-09-01,규정,2802,개정 2025. 9. 1. 규정 제2802호
2417,477,97,개정,2025-10-02,규정,2828,개정 2025.10. 2. 규정 제2828호
2418,477,98,개정,2025-12-17,규정,2843,개정 2025. 12. 17. 규정 제2843호
2419,477,99,개정,2026-02-27,규정,2856,개정 2026. 2. 27. 규정 제2856호
2420,477,100,개정,2026-05-29,규정,2864,개정 2026. 5. 29. 규정 제2864호
2421,477,101,개정,2026-07-30,규정,2877,개정 2026. 7. 30. 규정 제2877호
2422,477,102,개정,2026-08-31,규정,2889,개정 2026. 8. 31. 규정 제2889호
2423,478,1,제정,2013-03-01,,,제정 2013. 03. 01.
2424,478,2,개정,2015-02-06,,,개정 2015. 02. 06.
2425,478,3,개정,2015-08-19,,,개정 2015. 08. 19.
2426,478,4,개정,2016-05-18,,,개정 2016. 05. 18.
2427,478,5,개정,2016-12-08,,,개정 2016. 12. 08.
2428,478,6,개정,2018-03-28,예규,685,개정 2018. 3. 28. 예규 제685호
2429,478,7,개정,2020-08-27,예규,803,개정 2020. 8. 27. 예규 제803호
2430,479,1,제정,2017-12-22,규정,2187,제정 2017. 12. 22. 규정 제2187호
2431,480,1,제정,2025-05-22,규정,2779,제정 2025. 5. 22. 규정 제2779호
2432,481,1,제정,2015-09-09,예규,580,제정 2015. 9. 9. 예규 제580호
2433,481,2,개정,2019-10-16,예규,759,개정 2019.10.16. 예규 제759호
2434,481,3,개정,2020-12-23,예규,811,개정 2020.12.23. 예규 제811호
2435,481,4,개정,2023-02-21,예규,938,개정 2023. 2.21. 예규 제938호
2436,481,5,개정,2024-12-31,예규,1047,개정 2024.12.31. 예규 제1047호
2437,482,1,제정,2018-03-09,예규,681,제정 2018. 3. 9. 예규681호
2438,482,2,개정,2019-10-16,예규,758,개정 2019.10.16. 예규758호
2439,482,3,개정,2020-12-23,예규,810,개정 2020.12.23. 예규810호
2440,482,4,개정,2024-12-31,예규,1048,개정 2024.12.31. 예규1048호
2441,483,1,제정,2001-09-12,예규,254,제정 2001. 9.12. 예규 제254호
2442,483,2,개정,2005-01-04,예규,315,개정 2005. 1. 4. 예규 제315호
2443,483,3,개정,2006-10-25,예규,344,개정 2006.10.25. 예규 제344호
2444,483,4,개정,2008-11-12,예규,399,개정 2008.11.12. 예규 제399호
2445,483,5,개정,2016-08-03,예규,607,개정 2016. 8. 3. 예규 제607호
2446,483,6,개정,2017-11-07,예규,660,개정 2017. 11.7. 예규 제660호
2447,483,7,개정,2018-08-20,예규,704,개정 2018. 8.20. 예규 제704호
2448,483,8,개정,2019-10-16,예규,760,개정 2019.10.16. 예규 제760호
2449,483,9,개정,2021-07-22,예규,860,개정 2021. 7. 22. 예규 제860호
2450,483,10,개정,2024-12-31,예규,1049,개정 2024.12.31. 예규 제1049호
2451,484,1,제정,2004-05-12,예규,304,제정 2004. 5.12. 예규 제304호
2452,484,2,개정,2007-05-30,예규,366,개정 2007. 5.30. 예규 제366호
2453,484,3,개정,2008-08-26,예규,396,개정 2008. 8.26. 예규 제396호
2454,484,4,전부개정,2013-04-11,예규,519,전부개정 2013. 4.11. 예규 제519호
2455,484,5,개정,2013-10-31,예규,534,개정 2013.10.31. 예규 제534호
2456,484,6,개정,2016-11-01,예규,616,개정 2016. 11.1. 예규 제616호
2457,484,7,전부개정,2019-07-03,예규,740,전부개정 2019. 7. 3. 예규 제740호
2458,484,8,개정,2021-10-29,예규,874,개정 2021.10.29. 예규 제874호
2459,485,1,제정,2001-08-30,예규,252,제정 2001. 8.30. 예규 제252호
2460,485,2,개정,2002-09-27,예규,275,개정 2002. 9.27. 예규 제275호
2461,485,3,개정,2003-08-29,예규,293,개정 2003. 8.29. 예규 제293호
2462,485,4,개정,2004-05-03,예규,302,개정 2004. 5. 3. 예규 제302호
2463,485,5,개정,2004-08-31,예규,311,개정 2004. 8.31. 예규 제311호
2464,485,6,개정,2006-05-03,예규,334,개정 2006. 5. 3. 예규 제334호
2465,485,7,개정,2006-09-29,예규,341,개정 2006. 9.29. 예규 제341호
2466,485,8,개정,2007-09-05,예규,371,개정 2007. 9. 5. 예규 제371호
2467,485,9,개정,2007-10-25,예규,374,개정 2007.10.25. 예규 제374호
2468,485,10,개정,2008-04-21,예규,388,개정 2008. 4.21. 예규 제388호
2469,485,11,개정,2009-04-15,예규,409,개정 2009. 4.15. 예규 제409호
2470,485,12,개정,2009-10-26,예규,418,개정 2009.10.26. 예규 제418호
2471,485,13,개정,2010-03-01,예규,427,개정 2010. 3. 1. 예규 제427호
2472,485,14,개정,2010-10-01,예규,442,개정 2010. 10.1. 예규 제442호
2473,485,15,개정,2011-05-09,예규,455,개정 2011. 5. 9. 예규 제455호
2474,485,16,개정,2011-08-05,예규,457,개정 2011. 8. 5. 예규 제457호
2475,485,17,개정,2012-03-01,예규,481,개정 2012. 3. 1. 예규 제481호
2476,485,18,개정,2012-11-06,예규,506,개정 2012. 11.6. 예규 제506호
2477,485,19,개정,2013-06-04,예규,521,개정 2013. 6. 4. 예규 제521호
2478,485,20,개정,2013-11-06,예규,535,개정 2013. 11.6. 예규 제535호
2479,485,21,개정,2015-03-03,예규,567,개정 2015. 3. 3. 예규 제567호
2480,485,22,개정,2016-04-06,예규,596,개정 2016. 4. 6. 예규 제596호
2481,485,23,개정,2016-07-18,예규,605,개정 2016. 7.18. 예규 제605호
2482,485,24,개정,2016-12-26,예규,623,개정 2016.12.26. 예규 제623호
2483,485,25,개정,2017-06-19,예규,648,개정 2017. 6.19. 예규 제648호
2484,485,26,개정,2017-10-16,예규,664,개정 2017.10.16. 예규 제664호
2485,485,27,개정,2017-11-27,예규,667,개정 2017.11.27. 예규 제667호
2486,485,28,개정,2018-02-07,예규,674,개정 2018. 2. 7. 예규 제674호
2487,485,29,개정,2018-07-01,예규,697,개정 2018. 7. 1. 예규 제697호
2488,485,30,개정,2018-07-10,예규,700,개정 2018. 7.10. 예규 제700호
2489,485,31,개정,2018-12-18,예규,716,개정 2018.12.18. 예규 제716호
2490,485,32,개정,2019-05-13,예규,735,개정 2019. 5.13. 예규 제735호
2491,485,33,개정,2019-11-18,예규,761,개정 2019.11.18. 예규 제761호
2492,485,34,개정,2020-07-23,예규,798,개정 2020. 7.23. 예규 제798호
2493,485,35,개정,2021-02-26,예규,835,개정 2021. 2.26. 예규 제835호
2494,485,36,개정,2021-12-30,예규,881,개정 2021.12.30. 예규 제881호
2495,485,37,개정,2022-04-01,예규,896,개정 2022. 4. 1. 예규 제896호
2496,485,38,개정,2022-06-24,예규,915,개정 2022. 6.24. 예규 제915호
2497,485,39,개정,2022-10-07,예규,929,개정 2022.10. 7. 예규 제929호
2498,485,40,개정,2023-05-01,예규,947,개정 2023. 5. 1. 예규 제947호
2499,485,41,개정,2023-06-23,예규,955,개정 2023. 6. 23. 예규 제955호
2500,485,42,개정,2023-08-25,예규,964,개정 2023. 8. 25. 예규 제964호
2501,485,43,개정,2024-02-22,예규,993,개정 2024. 2. 22. 예규 제993호
2502,485,44,개정,2024-10-21,예규,1027,개정 2024. 10. 21. 예규 제1027호
2503,485,45,개정,2024-12-31,예규,1052,개정 2024. 12. 31. 예규 제1052호
2504,485,46,개정,2025-01-20,예규,1055,개정 2025. 1. 20. 예규 제1055호
2505,485,47,개정,2025-05-26,예규,1075,개정 2025. 5. 26. 예규 제1075호
2506,485,48,개정,2025-05-30,예규,1076,개정 2025. 5. 30. 예규 제1076호
2507,485,49,개정,2025-06-17,예규,1080,개정 2025. 6. 17. 예규 제1080호
2508,485,50,개정,2025-10-10,예규,1105,개정 2025. 10. 10. 예규 제1105호
2509,485,51,개정,2026-02-23,예규,1127,개정 2026. 2. 23. 예규 제1127호
2510,485,52,개정,2026-04-06,예규,1131,개정 2026. 4. 6. 예규 제1131호
2511,485,53,개정,2026-07-29,예규,1143,개정 2026. 7. 29. 예규 제1143호
2512,485,54,개정,2026-09-01,예규,1147,개정 2026. 9. 1. 예규 제1147호
2513,486,1,제정,1984-03-20,규정,329,제정 1984. 3. 20. 규정 제 329호
2514,486,2,개정,1992-04-30,규정,612,개정 1992. 4. 30. 규정 제 612호
2515,486,3,개정,2006-12-15,규정,1329,개정 2006. 12. 15. 규정 제1329호
2516,486,4,개정,2007-08-29,규정,1381,개정 2007. 8. 29. 규정 제1381호
2517,486,5,개정,2008-02-29,규정,1436,개정 2008. 2. 29. 규정 제1436호
2518,486,6,개정,2010-02-25,규정,1597,개정 2010. 2. 25. 규정 제1597호
2519,486,7,개정,2010-09-30,규정,1660,개정 2010. 9. 30. 규정 제1660호
2520,486,8,개정,2011-05-09,규정,1701,개정 2011. 5. 9. 규정 제1701호
2521,486,9,개정,2016-12-26,규정,2111,개정 2016. 12. 26. 규정 제2111호
2522,486,10,개정,2021-02-26,규정,2410,개정 2021. 2. 26. 규정 제2410호
2523,486,11,개정,2022-05-30,규정,2522,개정 2022. 5. 30. 규정 제2522호
2524,486,12,개정,2024-12-30,규정,2737,개정 2024. 12. 30. 규정 제2737호
2525,487,1,제정,2020-08-11,규정,2369,제정 2020. 8. 11. 규정 제2369호
2526,488,1,제정,1988-01-06,예규,97,제정 1988. 1. 6. 예규 제 97호
2527,488,2,개정,1989-07-07,예규,116,개정 1989. 7. 7. 예규 제116호
2528,488,3,개정,1996-09-24,예규,190,개정 1996. 9. 24. 예규 제190호
2529,488,4,개정,2002-07-08,예규,271,개정 2002. 7. 8. 예규 제271호
2530,488,5,개정,2003-02-27,예규,283,개정 2003. 2. 27. 예규 제283호
2531,488,6,개정,2003-12-24,예규,297,개정 2003. 12. 24. 예규 제297호
2532,488,7,개정,2005-03-08,예규,318,개정 2005. 3. 8. 예규 제318호
2533,488,8,개정,2006-08-18,예규,338,개정 2006. 8. 18. 예규 제338호
2534,488,9,개정,2009-10-09,예규,416,개정 2009. 10. 9. 예규 제416호
2535,488,10,개정,2013-03-08,예규,516,개정 2013. 3. 8. 예규 제516호
2536,488,11,개정,2014-05-19,예규,548,개정 2014. 5. 19. 예규 제548호
2537,488,12,개정,2018-08-08,예규,703,개정 2018. 8. 8. 예규 제703호
2538,488,13,개정,2025-01-20,예규,1054,개정 2025. 1. 20. 예규 제1054호
2539,489,1,제정,2020-10-16,규정,2375,제정 2020.10.16. 규정 제2375호
2540,489,2,개정,2023-05-30,규정,2589,개정 2023. 5.30. 규정 제2589호
2541,489,3,개정,2024-12-30,규정,2727,개정 2024.12.30. 규정 제2727호
2542,489,4,개정,2025-06-30,규정,2798,개정 2025. 6. 30. 규정 제2798호
2543,490,1,제정,2014-05-02,규정,1906,제정 2014. 5. 2. 규정 제1906호
2544,491,1,제정,2015-04-23,규정,1968,제정 2015. 04. 23. 규정 제1968호
2545,492,1,제정,2004-05-11,예규,303,제정 2004. 5. 11 예규 제303호
2546,492,2,개정,2008-02-21,예규,383,개정 2008. 2. 21 예규 제383호
2547,493,1,제정,2001-11-10,예규,257,제정 2001.11.10. 예규 제257호
2548,493,2,개정,2002-09-04,예규,273,개정 2002. 9. 4. 예규 제273호
2549,493,3,개정,2012-12-21,예규,509,개정 2012.12.21. 예규 제509호
2550,493,4,개정,2014-03-20,예규,543,개정 2014. 3.20. 예규 제543호
2551,493,5,개정,2020-04-17,예규,779,개정 2020. 4.17. 예규 제779호
2552,493,6,개정,2025-05-14,예규,1074,개정 2025. 5. 14. 예규 제1074호
2553,493,7,개정,2025-09-12,예규,1094,개정 2025. 9. 12. 예규 제1094호
2554,494,1,제정,2008-12-02,규정,1508,제정 2008. 12. 2. 규정 제1508호
2555,494,2,개정,2017-10-16,규정,2163,개정 2017. 10 16. 규정 제2163호
2556,495,1,제정,2001-05-14,예규,245,제정 2001. 5. 14 예규 제245호
2557,495,2,개정,2001-11-03,예규,256,개정 2001. 11. 3 예규 제256호
2558,495,3,개정,2005-04-14,예규,320,개정 2005. 4. 14 예규 제320호
2559,495,4,개정,2008-04-14,예규,386,개정 2008. 4. 14 예규 제386호
2560,495,5,개정,2010-03-15,예규,429,개정 2010. 3. 15 예규 제429호
2561,496,1,제정,2020-07-14,규정,2362,제정 2020. 7.14. 규정 제2362호
2562,496,2,개정,2022-06-24,규정,2524,개정 2022. 6.24. 규정 제2524호
2563,496,3,개정,2025-12-17,규정,2844,개정 2025. 12. 17. 규정 제2844호
2564,497,1,제정,2007-07-24,규정,1369,제정 2007. 7. 24. 규정 제1369호
2565,498,1,제정,1994-12-24,,,제정 1994. 12. 24
2566,498,2,개정,1995-10-19,,,개정 1995. 10. 19
2567,498,3,개정,1996-04-09,예규,205,개정 1996. 4. 9 예규 제205호
2568,498,4,개정,1998-02-17,예규,209,개정 1998. 2. 17 예규 제209호
2569,498,5,개정,2000-04-22,예규,232,개정 2000. 4. 22 예규 제232호
2570,499,1,제정,1995-06-28,규정,758,제정 1995. 6. 28 규정 제758호
2571,500,1,제정,1983-12-01,예규,29,제정 1983. 12. 1 예규 제29호
2572,501,1,제정,1970-01-01,규정,52,제정 1970. 1. 1 규정 제 52호
2573,501,2,개정,1972-08-31,규정,95,개정 1972. 8. 31 규정 제 95호
2574,501,3,개정,1973-05-02,규정,109,개정 1973. 5. 2 규정 제109호
2575,501,4,개정,1978-01-30,규정,195,개정 1978. 1. 30 규정 제195호
2576,501,5,개정,1984-11-06,규정,365,개정 1984. 11. 6 규정 제365호
2577,501,6,개정,1993-06-23,규정,645,개정 1993. 6. 23 규정 제645호
2578,502,1,제정,2006-11-01,예규,343,제정 2006. 11. 1. 예규 제343호
2579,503,1,제정,1985-09-20,예규,1,제정 1985. 9. 20 예규 제 1호
2580,503,2,개정,2001-12-26,예규,259,개정 2001. 12. 26 예규 제259호
2581,503,3,개정,2002-09-27,예규,274,개정 2002. 9. 27 예규 제274호
2582,504,1,제정,2007-02-23,규정,1343,제정 2007. 2. 23 규정 제1343호
2583,504,2,개정,2008-12-02,규정,1515,개정 2008. 12. 2 규정 제1515호
2584,504,3,개정,2016-12-26,규정,2113,개정 2016. 12. 26 규정 제2113호
2585,505,1,제정,2012-02-29,규정,1771,제정 2012. 2. 29. 규정 제1771호
2586,505,2,개정,2016-12-26,규정,2114,개정 2016. 12.26. 규정 제2114호
2587,506,1,제정,2000-12-23,규정,1012,제정 2000. 12. 23 규정 제1012호
2588,506,2,개정,2003-06-13,규정,1142,개정 2003. 6. 13 규정 제1142호
2589,507,1,제정,2005-08-22,규정,1268,제정 2005. 8.22. 규정 제1268호
2590,508,1,제정,1983-06-22,규정,310,제정 1983. 6. 22 규정 제310호
2591,508,2,개정,1984-01-27,규정,320,개정 1984. 1. 27 규정 제320호
2592,508,3,개정,1986-12-29,규정,483,개정 1986. 12. 29 규정 제483호
2593,508,4,개정,1993-10-20,규정,653,개정 1993. 10. 20 규정 제653호
2594,508,5,개정,1996-05-07,규정,809,개정 1996. 5. 7 규정 제809호
2595,508,6,개정,1996-12-30,규정,850,개정 1996. 12. 30 규정 제850호
2596,508,7,개정,2000-08-23,예규,237,개정 2000. 8. 23 예규 제237호
2597,509,1,제정,2005-08-22,규정,1267,제정 2005. 8.22. 규정 제1267호
2598,510,1,제정,2004-09-24,규정,1207,제정 2004. 9. 24 규정 제1207호
2599,511,1,제정,2012-02-29,규정,1775,제정 2012. 2. 29. 규정 제1775호
2600,511,2,개정,2013-02-28,규정,1838,개정 2013. 2. 28. 규정 제1838호
2601,512,1,제정,2002-09-27,규정,1089,제정 2002. 9. 27 규정 제1089호
2602,513,1,제정,1998-06-29,규정,931,제정 1998. 6. 29 규정 제931호
2603,514,1,제정,2005-07-20,예규,323,제정 2005. 7. 20. 예규 제323호
2604,514,2,개정,2006-03-22,예규,330,개정 2006. 3. 22. 예규 제330호
2605,515,1,제정,2002-12-24,규정,1103,제정 2002.12.24 규정 제1103호
2606,515,2,개정,2006-12-15,규정,1330,개정 2006.12.15 규정 제1330호
2607,515,3,개정,2007-08-29,규정,1378,개정 2007. 8.29 규정 제1378호
2608,515,4,개정,2007-11-28,규정,1400,개정 2007.11.28 규정 제1400호
2609,515,5,개정,2013-02-28,규정,1833,개정 2013. 2.28 규정 제1833호
2610,516,1,제정,1984-10-31,예규,48,제정 1984. 10. 31 예규 제 48호
2611,516,2,개정,1993-08-05,예규,155,개정 1993. 8. 5 예규 제155호
2612,516,3,개정,2001-01-17,예규,242,개정 2001. 1. 17 예규 제242호
2613,516,4,개정,2016-11-17,예규,620,개정 2016. 11. 17. 예규 제620호
2614,517,1,제정,1995-09-05,규정,762,제정 1995. 9. 5 규정 제762호
2615,518,1,제정,2005-02-16,예규,317,제정 2005. 2.16 예규 제317호
2616,519,1,제정,1996-05-07,,,제정 1996. 5. 7
2617,519,2,개정,1997-02-03,예규,197,개정 1997. 2. 3 예규 제197호
2618,520,1,제정,2012-05-31,예규,492,제정 2012. 5. 31. 예규 제492호
2619,520,2,개정,2016-11-16,예규,622,개정 2016. 11. 16. 예규 제622호
2620,521,1,제정,2009-08-14,예규,412,제정 2009. 8.14. 예규 제412호
2621,521,2,개정,2010-02-03,예규,423,개정 2010. 2. 3. 예규 제423호
2622,522,1,제정,2008-08-13,예규,395,제정 2008. 8. 13. 예규 제395호
2623,522,2,개정,2009-07-28,예규,410,개정 2009. 7. 28. 예규 제410호
2624,522,3,개정,2010-02-03,예규,424,개정 2010. 2. 3. 예규 제424호
2625,523,1,제정,2008-08-07,규정,1486,제정 2008. 8. 7. 규정 제1486호
2626,523,2,개정,2008-12-02,규정,1504,개정 2008.12. 2. 규정 제1504호
2627,523,3,개정,2010-08-27,규정,1634,개정 2010. 8.27. 규정 제1634호
2628,524,1,제정,2004-01-19,규정,1169,제정 2004. 1.19 규정 제1169호
2629,524,2,개정,2006-10-04,규정,1320,개정 2006.10. 4 규정 제1320호
2630,525,1,제정,1997-12-24,규정,905,제정 1997. 12. 24 규정 제905호
2631,526,1,제정,1974-10-01,규정,128,제정 1974. 10. 1 규정 제128호
2632,526,2,개정,1984-07-13,규정,351,개정 1984. 7. 13 규정 제351호
2633,527,1,제정,2003-05-13,예규,286,제정 2003. 5. 13. 예규 제286호
2634,528,1,제정,1984-06-19,예규,34,제정 1984. 6. 19 예규 제 34호
2635,528,2,개정,1985-12-05,예규,83,개정 1985. 12. 5 예규 제 83호
2636,528,3,개정,1998-01-31,예규,207,개정 1998. 1. 31 예규 제207호
2637,529,1,제정,2011-04-11,예규,453,제정 2011. 4. 11. 예규 제453호
2638,529,2,개정,2014-06-18,예규,551,개정 2014. 6. 18. 예규 제551호
2639,529,3,개정,2017-09-11,예규,653,개정 2017. 9. 11. 예규 제653호
2640,530,1,제정,1996-02-05,규정,785,제정 1996. 2. 5 규정 제785호
2641,531,1,제정,2010-08-27,규정,1641,제정 2010. 8.27. 규정 제1641호
2642,531,2,개정,2013-02-28,규정,1839,개정 2013. 2. 28. 규정 제1839호
2643,532,1,제정,1998-02-20,규정,908,제정 1998. 2. 20 규정 제908호
2644,533,1,제정,1995-05-18,예규,204,제정 1995. 5. 18 예규 제204호
2645,533,2,개정,2002-01-12,예규,260,개정 2002. 1. 12 예규 제260호
2646,533,3,개정,2003-04-29,예규,284,개정 2003. 4. 29 예규 제284호
2647,534,1,제정,1982-04-13,규정,289,제정 1982. 4. 13 규정 제289호
2648,534,2,개정,1996-11-02,규정,843,개정 1996. 11. 2 규정 제843호
2649,535,1,제정,2004-06-15,규정,1189,제정 2004. 6.15 규정 제1189호
2650,535,2,개정,2006-10-04,규정,1319,개정 2006.10. 4 규정 제1319호
2651,536,1,제정,2000-12-23,규정,1010,제정 2000. 12. 23 규정 제1010호
2652,537,1,제정,2004-08-11,규정,1194,제정 2004. 8. 11. 규정 제1194호
2653,538,1,제정,1996-09-24,예규,191,제정 1996. 9. 24 예규 제191호
2654,539,1,제정,1985-11-01,예규,80,제정 1985. 11. 1 예규 제80호
2655,540,1,제정,2007-01-10,예규,348,제정 2007. 1. 10 예규 제348호
2656,541,1,제정,2001-11-20,규정,1044,제정 2001. 11. 20 규정 제1044호
2657,542,1,제정,2004-09-24,규정,1211,제정 2004. 9. 24. 규정 제1211호
2658,542,2,개정,2006-01-17,규정,1291,개정 2006. 1. 17 규정 제1291호
2659,543,1,제정,1998-04-15,규정,922,제정 1998. 4. 15 규정 제 922호
2660,543,2,개정,2003-02-26,규정,1124,개정 2003. 2. 26 규정 제1124호
2661,543,3,개정,2006-08-07,규정,1308,개정 2006. 8. 7 규정 제1308호
2662,544,1,제정,1973-07-16,규정,112,제정 1973. 7. 16 규정 제112호
2663,544,2,개정,1979-12-05,규정,215,개정 1979. 12. 5 규정 제215호
2664,544,3,개정,1984-05-15,규정,342,개정 1984. 5. 15 규정 제342호
2665,544,4,개정,1985-03-05,규정,417,개정 1985. 3. 5 규정 제417호
2666,544,5,개정,1987-06-24,규정,496,개정 1987. 6. 24 규정 제496호
2667,544,6,개정,1996-05-07,규정,806,개정 1996. 5. 7 규정 제806호
2668,545,1,제정,1974-11-01,규정,129,제정 1974. 11. 1 규정 제129호
2669,545,2,개정,1984-03-06,규정,326,개정 1984. 3. 6 규정 제326호
2670,545,3,개정,1985-10-04,규정,453,개정 1985. 10. 4 규정 제453호
2671,545,4,개정,1994-07-05,규정,700,개정 1994. 7. 5 규정 제700호
2672,546,1,제정,2012-03-26,예규,485,제정 2012. 3. 26. 예규 제485호
2673,547,1,제정,2009-12-31,예규,422,제정 2009.12.31 예규 제422호
