doc_id,filename,title,kind,number_type,number,number_source,enacted_date,enacted_number_type,enacted_number,first_history_action,first_history_date,last_amended_date,last_amended_action,n_amendments,n_articles,n_chapters,n_appendices,n_attachments,n_chars,n_pua,hwp_format,extractor,extraction_note,status,error,hwp_created_utc,hwp_modified_utc,file_bytes,md5,is_duplicate,duplicate_of,text_path
1,(재)경북대학교 발전기금 정관(20230425).hwp,재단법인『경북대학교 발전기금』정관,정관,,,,,,,,,,,0,37,6,34,4,10213,0,hwp5,olefile+zlib (BodyText PARA_TEXT),,ok,,2002-11-08 03:07:08,2024-11-05 08:14:38,62464,8eb784f149942fe926f67fa87cab88fa,0,,text/(재)경북대학교 발전기금 정관(20230425).txt
2,00_경북대학교 산학협력단 정관_최종.hwp,경북대학교 산학협력단 정관,정관,규정,73,header,2003-10-16,규정,1165,제정,2003-10-16,2025-12-10,개정,23,48,8,23,0,12006,0,hwp5,olefile+zlib (BodyText PARA_TEXT),,ok,,2012-01-06 06:40:13,2025-12-08 06:19:33,100864,51ac2746d2109cd5ee67cda8cddab3ab,0,,text/00_경북대학교 산학협력단 정관_최종.txt
3,1. 경북대학교 강사 임용 및 운영에 관한 규정(규정 제2628호).hwp,경북대학교 강사 임용 및 운영에 관한 규정,규정,규정,2628,header,2019-10-13,규정,2322,제정,2019-10-13,2023-10-27,개정,4,19,0,4,0,3954,2,hwp5,olefile+zlib (BodyText PARA_TEXT),,ok,,2020-02-03 00:06:15,2023-10-27 01:51:16,83456,1e27655b25cf3a69ca1c86e394c41f41,0,,text/1. 경북대학교 강사 임용 및 운영에 관한 규정(규정 제2628호).txt
4,1. 경북대학교 강사 임용 및 운영에 관한 지침(예규 제1004호).hwp,경북대학교 강사 임용 및 운영에 관한 지침,지침,예규,1004,header,2019-10-16,예규,755,제정,2019-10-16,2024-05-14,개정,5,35,7,5,2,21734,83,hwp5,olefile+zlib (BodyText PARA_TEXT),,ok,,2019-04-18 08:40:47,2024-05-14 02:37:50,120832,5113b3e30f7c2b7b4992f2e19f397b21,0,,text/1. 경북대학교 강사 임용 및 운영에 관한 지침(예규 제1004호).txt
5,1. 경북대학교 개인정보 보호를 위한 기본 지침(예규 제1104호).hwp,경북대학교 개인정보 보호를 위한 기본 지침,지침,예규,1104,header,2002-10-22,예규,279,제정,2002-10-22,2025-10-10,개정,4,20,3,3,3,14088,0,hwp5,olefile+zlib (BodyText PARA_TEXT),,ok,,2007-01-26 01:47:51,2025-10-09 03:36:01,88576,22fb88e7e2c2fae8749a7317d1b07cfd,0,,text/1. 경북대학교 개인정보 보호를 위한 기본 지침(예규 제1104호).txt
6,1. 경북대학교 교원자격무시험검정 절차에 관한 지침(예규 제859호).hwp,경북대학교 교원자격무시험검정 절차에 관한 지침,지침,예규,859,header,2005-03-31,예규,319,제정,2005-03-31,2021-07-22,개정,4,5,0,4,4,3170,1,hwp5,olefile+zlib (BodyText PARA_TEXT),,ok,,2008-01-10 11:21:08,2021-07-22 08:51:24,20992,2ac68d97f12b163b16ba359a617f70ba,0,,text/1. 경북대학교 교원자격무시험검정 절차에 관한 지침(예규 제859호).txt
7,1. 경북대학교 교육공무원 공무국외출장 심사위원회 규정(규정 제2329호).hwp,경북대학교 교육공무원 공무국외출장 심사위원회 규정,규정,규정,2329,header,1988-11-10,규정,541,제정,1988-11-10,2019-12-27,개정,9,6,0,9,0,1530,0,hwp5,olefile+zlib (BodyText PARA_TEXT),,ok,,2019-12-30 01:46:32,2022-07-08 01:46:25,58368,01e83e86bec349017944ee7a4a261db9,0,,text/1. 경북대학교 교육공무원 공무국외출장 심사위원회 규정(규정 제2329호).txt
8,1. 경북대학교 교육연수원 규정(규정 제2427호).hwp,경북대학교 교육연수원 규정,규정,규정,2427,header,2003-06-13,규정,1131,제정,2003-06-13,2021-04-23,개정,7,14,5,7,0,3808,0,hwp5,olefile+zlib (BodyText PARA_TEXT),,ok,,2000-09-27 04:54:31,2021-04-22 02:45:08,20992,6f68bc308047bad2d5d1cc9778bda1be,0,,text/1. 경북대학교 교육연수원 규정(규정 제2427호).txt
9,1. 경북대학교 기업협업센터 운영지침(예규 제846호).hwp,경북대학교 기업협업센터 운영지침,운영지침,예규,846,header,2021-05-17,예규,846,제정,2021-05-17,2021-05-17,제정,1,9,5,1,0,1570,0,hwp5,olefile+zlib (BodyText PARA_TEXT),,ok,,2020-12-24 03:19:41,2021-05-17 05:58:10,15872,164c7b21fbf7e75c6ca44d0b2278601a,0,,text/1. 경북대학교 기업협업센터 운영지침(예규 제846호).txt
10,1. 경북대학교 대학교원 임용 양성평등 추진위원회 운영지침 (예규 제962호).hwp,경북대학교 대학교원 임용 양성평등 추진위원회 운영지침,운영지침,예규,962,header,2007-01-25,예규,350,제정,2007-01-25,2023-08-04,개정,5,7,0,5,0,1393,0,hwp5,olefile+zlib (BodyText PARA_TEXT),,ok,,2016-07-11 11:42:34,2023-08-04 06:46:10,61952,b874a85be928b7cc23644276038f412f,0,,text/1. 경북대학교 대학교원 임용 양성평등 추진위원회 운영지침 (예규 제962호).txt
11,1. 경북대학교 대학회계 직원 취업규칙.hwp,경북대학교 대학회계직원 취업규칙,취업규칙,예규,769,header,2020-02-28,예규,769,제정,2020-02-28,2020-02-28,제정,1,71,13,1,0,14255,0,hwp5,olefile+zlib (BodyText PARA_TEXT),,ok,,2009-10-12 01:40:52,2020-02-27 06:11:46,70656,dfc2e02e3acb3d14e2c25e6065c8fc0c,0,,text/1. 경북대학교 대학회계 직원 취업규칙.txt
12,1. 경북대학교 데이터기반지능형모빌리티ICT연구센터 규정(규정 제2710호).hwp,경북대학교 데이터기반지능형모빌리티ICT연구센터 규정,규정,규정,2710,header,2024-09-27,규정,2710,제정,2024-09-27,2024-09-27,제정,1,12,6,1,0,2819,0,hwp5,olefile+zlib (BodyText PARA_TEXT),,ok,,2020-02-03 00:06:15,2024-09-27 02:22:07,74752,82fb4d6a619cd5e627fe77bb9ab3fbc1,0,,text/1. 경북대학교 데이터기반지능형모빌리티ICT연구센터 규정(규정 제2710호).txt
13,1. 경북대학교 등록금심의위원회 운영지침(예규 제1084호).hwp,경북대학교 등록금심의위원회 운영지침,운영지침,예규,1084,header,2010-12-30,예규,449,제정,2010-12-30,2025-07-14,개정,10,10,0,10,0,3311,0,hwp5,olefile+zlib (BodyText PARA_TEXT),,ok,,2021-12-30 06:43:51,2025-07-14 07:23:31,53760,912c1895b978899b580573a70c762c4f,0,,text/1. 경북대학교 등록금심의위원회 운영지침(예규 제1084호).txt
14,1. 경북대학교 마이크로전공 이수 지침(예규 제965호).hwp,경북대학교 마이크로전공 이수 지침,지침,예규,965,header,2023-08-31,예규,965,제정,2023-08-31,2023-08-31,제정,1,7,0,1,2,1883,0,hwp5,olefile+zlib (BodyText PARA_TEXT),,ok,,2013-03-11 10:52:13,2023-08-30 22:29:39,63488,aa17a6102d407ab7a5892ef72a7fda0d,0,,text/1. 경북대학교 마이크로전공 이수 지침(예규 제965호).txt
15,1. 경북대학교 메디바이오핵심소재산업혁신기반구축사업단 규정(규정 제2619호).hwp,경북대학교 메디바이오핵심소재산업혁신기반구축사업단 규정,규정,규정,2619,header,2023-09-22,규정,2619,제정,2023-09-22,2023-09-22,제정,1,9,4,1,0,1675,0,hwp5,olefile+zlib (BodyText PARA_TEXT),,ok,,2020-02-03 00:06:15,2023-09-13 02:28:12,69632,a3f55926b4f71b290f7edf0f85ac7418,0,,text/1. 경북대학교 메디바이오핵심소재산업혁신기반구축사업단 규정(규정 제2619호).txt
16,1. 경북대학교 부속의원 의료비 징수 지침(예규 제949호).hwp,경북대학교 부속의원 의료비 징수 지침,지침,예규,949,header,1999-09-02,예규,223,제정,1999-09-02,2023-05-19,개정,11,6,0,11,0,2189,0,hwp5,olefile+zlib (BodyText PARA_TEXT),,ok,,2018-03-07 00:44:20,2023-05-18 23:53:48,65536,3fdb34983e9082b5ffe93aeeb2993fcf,0,,text/1. 경북대학교 부속의원 의료비 징수 지침(예규 제949호).txt
17,1. 경북대학교 사범대학 미래교육센터 운영 규정(규정 제2577호) (1).hwp,경북대학교 사범대학 미래교육센터 운영 규정,규정,규정,2577,header,2023-05-01,규정,2577,제정,2023-05-01,2023-05-01,제정,1,6,0,1,0,1065,0,hwp5,olefile+zlib (BodyText PARA_TEXT),,ok,,2020-02-03 00:06:15,2023-04-27 07:45:05,115200,44f6ceb9e25bbcdbaa0325fc3525a070,1,1. 경북대학교 사범대학 미래교육센터 운영 규정(규정 제2577호).hwp,text/1. 경북대학교 사범대학 미래교육센터 운영 규정(규정 제2577호) (1).txt
18,1. 경북대학교 사범대학 미래교육센터 운영 규정(규정 제2577호).hwp,경북대학교 사범대학 미래교육센터 운영 규정,규정,규정,2577,header,2023-05-01,규정,2577,제정,2023-05-01,2023-05-01,제정,1,6,0,1,0,1065,0,hwp5,olefile+zlib (BodyText PARA_TEXT),,ok,,2020-02-03 00:06:15,2023-04-27 07:45:05,115200,44f6ceb9e25bbcdbaa0325fc3525a070,0,,text/1. 경북대학교 사범대학 미래교육센터 운영 규정(규정 제2577호).txt
19,1. 경북대학교 석좌명예교수 운영에 관한 지침(예규 제967호).hwp,경북대학교 석좌명예교수 운영에 관한 지침,지침,예규,967,header,2023-09-08,예규,967,제정,2023-09-08,2023-09-08,제정,1,8,0,1,2,2059,0,hwp5,olefile+zlib (BodyText PARA_TEXT),,ok,,2019-07-09 03:47:20,2023-09-08 05:48:34,72192,e5c984c3410d7d24d17e1bebbfdb4b0f,0,,text/1. 경북대학교 석좌명예교수 운영에 관한 지침(예규 제967호).txt
20,1. 경북대학교 연구노트 관리 지침(예규 제920호).hwp,경북대학교 연구노트 관리 지침,지침,예규,920,header,2009-09-02,예규,413,제정,2009-09-02,2022-08-17,개정,2,13,0,2,4,4602,0,hwp5,olefile+zlib (BodyText PARA_TEXT),,ok,,2011-11-24 05:17:03,2022-08-16 02:47:34,80384,03de863efe11f4aebd8c94e87ff52281,0,,text/1. 경북대학교 연구노트 관리 지침(예규 제920호).txt
21,1. 경북대학교 외국인교수 정년보장 교원 임용을 위한 한국어능력 심사평정 지침.hwp,경북대학교외국인교수정년보장교원임용을위한한국어능력심사평정지침,지침,예규,718,header,2005-07-20,예규,322,제정,2005-07-20,2019-02-21,개정,3,4,0,3,1,1726,0,hwp5,olefile+zlib (BodyText PARA_TEXT),,ok,,2019-03-13 06:25:31,2019-03-13 08:19:35,19456,544057e51d1791939583953d191b1743,0,,text/1. 경북대학교 외국인교수 정년보장 교원 임용을 위한 한국어능력 심사평정 지침.txt
22,1. 경북대학교 외국인교수 특별채용 심사 지침(예규 제898호).hwp,경북대학교 외국인교수 특별채용 심사 지침,지침,예규,898,header,2008-04-30,예규,390,제정,2008-04-30,2022-04-25,개정,5,14,0,5,8,5637,2,hwp5,olefile+zlib (BodyText PARA_TEXT),,ok,,2014-11-19 08:09:52,2022-04-25 06:24:00,80384,eaa524ee96aeb4f3ca6b8dd6f09e145b,0,,text/1. 경북대학교 외국인교수 특별채용 심사 지침(예규 제898호).txt
23,1. 경북대학교 우수 강의상 지침(예규 제893호).hwp,경북대학교 우수 강의상 지침,지침,예규,893,header,2019-03-13,예규,725,제정,2019-03-13,2022-04-01,개정,2,10,0,2,0,1832,0,hwp5,olefile+zlib (BodyText PARA_TEXT),,ok,,2016-06-14 04:29:51,2022-04-01 07:25:13,66048,0ee8324db1314e956d3bf721414a91be,0,,text/1. 경북대학교 우수 강의상 지침(예규 제893호).txt
24,1. 경북대학교 의학전문대학원 및 치의학전문대학원 교실 규정(규정 제2388호).hwp,경북대학교 의과대학 및 치과대학 교실 규정,규정,규정,2388,header,1997-06-12,규정,873,제정,1997-06-12,2020-12-24,개정,6,6,0,6,0,1721,0,hwp5,olefile+zlib (BodyText PARA_TEXT),,ok,,2020-12-23 08:57:50,2022-07-07 02:39:00,64512,05cff64ba542e5a4c4a55d67d97ccc13,0,,text/1. 경북대학교 의학전문대학원 및 치의학전문대학원 교실 규정(규정 제2388호).txt
25,1. 경북대학교 인문학술원 동서사상연구소 운영 지침(예규 제875호).hwp,경북대학교 인문학술원 동서사상연구소 운영 지침,지침,예규,875,header,2020-05-14,예규,783,제정,2020-05-14,2021-12-27,개정,3,7,0,3,0,1818,0,hwp5,olefile+zlib (BodyText PARA_TEXT),,ok,,2019-04-18 08:40:47,2021-12-27 08:21:07,32768,cde7deac8f321edb4971119bb29e75ba,0,,text/1. 경북대학교 인문학술원 동서사상연구소 운영 지침(예규 제875호).txt
26,1. 경북대학교 인문학술원 디지털인문공학연구소 운영지침(예규 제1021호).hwp,경북대학교 인문학술원 디지털인문공학연구소 운영 지침,지침,예규,1021,header,2024-06-27,예규,1011,제정,2024-06-27,2024-09-03,개정,2,9,4,2,0,1465,0,hwp5,olefile+zlib (BodyText PARA_TEXT),,ok,,2019-04-18 08:40:47,2024-09-04 06:27:59,116224,73ad34235a1f37f7b3158c85f61dcc68,0,,text/1. 경북대학교 인문학술원 디지털인문공학연구소 운영지침(예규 제1021호).txt
27,1. 경북대학교 인문학술원 인문카운슬링센터 운영 지침(예규 제977호).hwp,경북대학교 인문학술원 인문카운슬링센터 운영 지침,지침,예규,977,header,2020-05-14,예규,787,제정,2020-05-14,2023-12-04,개정,3,10,0,3,0,3353,0,hwp5,olefile+zlib (BodyText PARA_TEXT),,ok,,2007-07-26 08:47:53,2023-12-04 06:35:29,73728,63307bfc2adf4cbcb3c492f567ed92dd,0,,text/1. 경북대학교 인문학술원 인문카운슬링센터 운영 지침(예규 제977호).txt
28,1. 경북대학교 입학전형 이의신청심사소위원회 운영지침(예규 제774호).hwp,경북대학교 입학전형 이의신청심사소위원회 운영지침,운영지침,예규,774,header,2009-09-14,예규,415,제정,2009-09-14,2020-04-14,개정,2,7,0,2,1,2597,0,hwp5,olefile+zlib (BodyText PARA_TEXT),,ok,,2008-05-20 08:05:29,2020-04-14 02:57:36,17408,a409361f090451d31af9d7d4d5d79176,0,,text/1. 경북대학교 입학전형 이의신청심사소위원회 운영지침(예규 제774호).txt
29,1. 경북대학교 전임교원 겸직에 관한 지침(예규 제988호).hwp,경북대학교 전임교원 겸직에 관한 지침,지침,예규,988,header,2016-08-26,예규,610,제정,2016-08-26,2024-02-20,개정,3,12,0,3,1,6497,0,hwp5,olefile+zlib (BodyText PARA_TEXT),,ok,,2014-11-19 08:09:52,2024-02-16 08:44:25,175616,3f8319eac859a6fc11a4fe9d3613c38f,0,,text/1. 경북대학교 전임교원 겸직에 관한 지침(예규 제988호).txt
30,1. 경북대학교 지역협업기술센터 지정 및 운영에 관한 지침(예규 1089호)1.hwp,경북대학교 지역협업기술센터 지정 및 운영에 관한 지침,지침,예규,1089,header,2025-08-18,예규,1089,제정,2025-08-18,2025-08-18,제정,1,9,0,1,0,2550,0,hwp5,olefile+zlib (BodyText PARA_TEXT),,ok,,2025-06-27 07:09:21,2025-08-17 02:05:37,67072,fdfb0010d682365ee39c59caa0c2446d,0,,text/1. 경북대학교 지역협업기술센터 지정 및 운영에 관한 지침(예규 1089호)1.txt
31,1. 경북대학교 진로탐색수업 운영 지침(예규 제1096호).hwp,경북대학교 진로탐색수업 운영 지침,지침,예규,1096,header,2021-08-30,예규,867,제정,2021-08-30,2025-09-18,개정,4,12,0,4,11,7532,0,hwp5,olefile+zlib (BodyText PARA_TEXT),,ok,,2020-01-08 10:39:28,2025-09-18 05:12:20,80384,a447fdfd27f161037ef80de2dc17190f,0,,text/1. 경북대학교 진로탐색수업 운영 지침(예규 제1096호).txt
32,1. 경북대학교 창업교육센터 운영 지침(예규 제1064호).hwp,경북대학교 창업교육센터 운영 지침,지침,예규,1064,header,2012-10-24,예규,502,제정,2012-10-24,2025-03-24,개정,10,19,4,10,0,4800,0,hwp5,olefile+zlib (BodyText PARA_TEXT),,ok,,2019-01-24 02:20:40,2025-03-23 05:12:54,120320,6d9fb4f5846b6c9d01c62468852ad1dd,0,,text/1. 경북대학교 창업교육센터 운영 지침(예규 제1064호).txt
33,1. 경북대학교 총장임용후보자 선정 규정(규정 제2656호).hwp,경북대학교 총장임용후보자 선정 규정,규정,규정,2656,header,2018-02-23,규정,2215,제정,2018-02-23,2024-02-26,개정,2,48,10,2,0,15537,0,hwp5,olefile+zlib (BodyText PARA_TEXT),,ok,,2020-02-03 00:06:15,2024-02-26 02:03:24,90112,97ca5d66c499e3dd381ffae8e4515b8f,0,,text/1. 경북대학교 총장임용후보자 선정 규정(규정 제2656호).txt
34,1. 경북대학교 학(원)장 임용절차에 관한 지침(예규 제1012호).hwp,경북대학교 학(원)장 임용절차에 관한 지침,지침,예규,1012,header,2012-02-10,예규,472,제정,2012-02-10,2024-07-03,개정,7,8,0,7,1,3121,0,hwp5,olefile+zlib (BodyText PARA_TEXT),,ok,,2014-11-19 08:09:52,2024-07-03 00:47:43,68608,7a862967ac756284729d6b22d5add0e9,0,,text/1. 경북대학교 학(원)장 임용절차에 관한 지침(예규 제1012호).txt
35,1. 경북대학교 학력증명서 발급 지침(예규 제1083호).hwp,경북대학교 학력증명서 발급 지침,지침,예규,1083,header,1996-11-04,예규,193,제정,1996-11-04,2025-07-11,개정,10,17,0,9,35,17421,0,hwp5,olefile+zlib (BodyText PARA_TEXT),,ok,,2021-02-04 05:17:46,2025-07-10 08:30:36,698368,1b4cf59f8640cd4ab3109eba7ba11937,0,,text/1. 경북대학교 학력증명서 발급 지침(예규 제1083호).txt
36,1. 경북대학교 학술총서 집필 및 출간지원사업 운영지침(예규 제903호).hwp,경북대학교 학술총서 집필 및 출간지원사업 운영 지침,지침,예규,903,header,2022-05-30,예규,903,제정,2022-05-30,2022-05-30,제정,1,7,0,1,0,1398,0,hwp5,olefile+zlib (BodyText PARA_TEXT),,ok,,2020-01-16 04:56:07,2022-05-30 01:47:17,65024,7e7b0b8b9b08c79fb40efab08056c42e,0,,text/1. 경북대학교 학술총서 집필 및 출간지원사업 운영지침(예규 제903호).txt
37,1. 경북대학교병원·치과병원 기금교수공채조정위원회 운영 지침(예규 제1007호).hwp,경북대학교병원·치과병원 기금교수공채조정위원회 운영 지침,지침,예규,1007,header,2011-10-28,예규,461,제정,2011-10-28,2024-06-14,개정,5,5,0,5,0,1162,0,hwp5,olefile+zlib (BodyText PARA_TEXT),,ok,,2010-09-10 06:53:33,2024-06-14 06:38:00,54784,02444197a402e86de6798f791a39695a,0,,text/1. 경북대학교병원·치과병원 기금교수공채조정위원회 운영 지침(예규 제1007호).txt
38,10. 경북대학교 난치성감염병연구소 규정(규정 제2637호).hwp,경북대학교 난치성감염병연구소 규정,규정,규정,2637,header,2023-10-27,규정,2637,제정,2023-10-27,2023-10-27,제정,1,9,4,1,0,1711,0,hwp5,olefile+zlib (BodyText PARA_TEXT),,ok,,2020-02-03 00:06:15,2023-10-27 04:30:32,71680,6403b6959a6c586aee455ed77a93373d,0,,text/10. 경북대학교 난치성감염병연구소 규정(규정 제2637호).txt
39,10. 경북대학교 대학일자리센터 규정(규정 제2495호).hwp,경북대학교 대학일자리센터 규정,규정,규정,2495,header,2019-05-21,규정,2306,제정,2019-05-21,2021-12-29,개정,2,12,5,2,0,2086,0,hwp5,olefile+zlib (BodyText PARA_TEXT),,ok,,2019-05-22 01:28:27,2022-06-30 00:40:40,64512,3b595ffa6fb04b8f6769f1dd0b2d9ed0,0,,text/10. 경북대학교 대학일자리센터 규정(규정 제2495호).txt
40,10. 경북대학교 세계원예센터 규정(규정 제2561호).hwp,경북대학교 세계원예센터 규정,규정,규정,2561,header,2022-12-19,규정,2561,제정,2022-12-19,2022-12-19,제정,1,9,5,1,0,1433,0,hwp5,olefile+zlib (BodyText PARA_TEXT),,ok,,2020-02-03 00:06:15,2022-12-16 08:06:16,127488,c65e66cf96e4de1abe125d3ff2037b0f,0,,text/10. 경북대학교 세계원예센터 규정(규정 제2561호).txt
41,10. 경북대학교 어린이집 운영 규정(규정 제2665호).hwp,경북대학교 어린이집 운영 규정,규정,규정,2665,header,2016-11-28,규정,2072,제정,2016-11-28,2024-02-26,개정,4,19,0,4,0,4409,0,hwp5,olefile+zlib (BodyText PARA_TEXT),,ok,,2020-02-03 00:06:15,2024-02-26 02:39:16,79360,c52b5a4eb1fbca6a61a2823b1e125cf3,0,,text/10. 경북대학교 어린이집 운영 규정(규정 제2665호).txt
42,10. 경북대학교 영남문화연구원 규정(규정 제2706호).hwp,경북대학교 영남문화연구원 규정,규정,규정,2706,header,2000-06-15,규정,998,제정,2000-06-15,2024-08-28,개정,7,12,6,7,0,4078,0,hwp5,olefile+zlib (BodyText PARA_TEXT),,ok,,2000-09-27 04:54:31,2024-08-27 08:54:18,134656,6bb13b853ea5dfe137693090b66e4d4f,0,,text/10. 경북대학교 영남문화연구원 규정(규정 제2706호).txt
43,10. 경북대학교 인문학술원 실크로드조사연구센터 운영 지침(예규 제789호).hwp,경북대학교 인문학술원 실크로드 조사연구센터 운영 지침,지침,예규,789,header,2020-05-14,예규,789,제정,2020-05-14,2020-05-14,제정,1,5,0,1,0,1281,0,hwp5,olefile+zlib (BodyText PARA_TEXT),,ok,,2019-03-28 03:59:04,2020-05-14 07:36:15,15360,8f7281b4f8146fc1b60fc302f316665a,0,,text/10. 경북대학교 인문학술원 실크로드조사연구센터 운영 지침(예규 제789호).txt
44,10. 경북대학교 지역개발연구소 규정(규정 제2461호).hwp,경북대학교 지역개발연구소 규정,규정,규정,2461,header,1981-06-24,규정,256,제정,1981-06-24,2021-10-06,개정,10,9,6,9,0,2605,0,hwp5,olefile+zlib (BodyText PARA_TEXT),,ok,,2020-02-03 00:06:15,2021-10-06 07:08:03,22016,c0361cca3a435acc6d151887177c6df8,0,,text/10. 경북대학교 지역개발연구소 규정(규정 제2461호).txt
45,10. 경북대학교 학사학위취득의 유예 운영 규정(제2305호).hwp,경북대학교 학사학위취득의 유예 운영 규정,규정,규정,2305,header,2019-05-21,규정,2305,제정,2019-05-21,2019-05-21,제정,1,10,0,1,2,3087,0,hwp5,olefile+zlib (BodyText PARA_TEXT),,ok,,2019-05-22 01:28:12,2019-05-22 02:03:22,24064,1a1f5553a625bf8e48de8c99973e52cc,0,,text/10. 경북대학교 학사학위취득의 유예 운영 규정(제2305호).txt
46,11. 경북대학교 G-램프(LAMP)사업단 규정(규정 제2707호).hwp,경북대학교 G-램프(LAMP)사업단 규정,규정,규정,2707,header,2023-10-27,규정,2632,제정,2023-10-27,2024-08-28,개정,2,14,7,1,2,6398,0,hwp5,olefile+zlib (BodyText PARA_TEXT),,ok,,2020-02-03 00:06:15,2024-08-27 08:54:33,155136,aa9ec610295889abb0bd344f7d34deda,0,,text/11. 경북대학교 G-램프(LAMP)사업단 규정(규정 제2707호).txt
47,11. 경북대학교 산학협력 선도대학(LINC) 사업단 규정(규정 제2533호).hwp,경북대학교 산학협력 선도대학(LINC) 사업단 규정,규정,규정,2533,header,2012-04-26,규정,1782,제정,2012-04-26,2022-06-24,개정,5,12,5,5,0,5589,0,hwp5,olefile+zlib (BodyText PARA_TEXT),,ok,,2020-02-03 00:06:15,2022-06-23 06:09:20,78336,76493ac1ab88e83daac52d1ff984a83d,0,,text/11. 경북대학교 산학협력 선도대학(LINC) 사업단 규정(규정 제2533호).txt
48,11. 경북대학교 인문학술원 역사문화아카이브연구센터 운영 지침(예규 제790호).hwp,경북대학교 인문학술원 역사문화아카이브연구센터 운영 지침,지침,예규,790,header,2020-05-14,예규,790,제정,2020-05-14,2020-05-14,제정,1,5,0,1,0,1257,0,hwp5,olefile+zlib (BodyText PARA_TEXT),,ok,,2008-11-18 08:42:47,2020-05-14 07:37:46,15872,00f2f3abe043c582cd158a2e1607e254,0,,text/11. 경북대학교 인문학술원 역사문화아카이브연구센터 운영 지침(예규 제790호).txt
49,11. 경북대학교 조직개편에 따른 직위 명칭 등 일괄개정 규정(규정 제2437호).hwp,경북대학교 조직개편에 따른 직위 명칭 등 일괄개정 규정,규정,규정,2437,header,2021-04-23,규정,2437,제정,2021-04-23,2021-04-23,제정,1,15,0,1,0,2012,0,hwp5,olefile+zlib (BodyText PARA_TEXT),,ok,,2020-02-03 00:06:15,2021-04-23 00:30:56,19968,8ff4ce7dc743a651f35023f2191b5fd7,0,,text/11. 경북대학교 조직개편에 따른 직위 명칭 등 일괄개정 규정(규정 제2437호).txt
50,11. 경북대학교 학연디지털융합스케일업플랫폼센터 규정(규정 제2638호).hwp,경북대학교 학연디지털융합스케일업플랫폼센터 규정,규정,규정,2638,header,2023-10-27,규정,2638,제정,2023-10-27,2023-10-27,제정,1,11,6,1,0,2246,0,hwp5,olefile+zlib (BodyText PARA_TEXT),,ok,,2020-02-03 00:06:15,2023-10-27 04:31:38,76288,8e43e0996640bdda52e8828233090dde,0,,text/11. 경북대학교 학연디지털융합스케일업플랫폼센터 규정(규정 제2638호).txt
51,12. 경북대학교 실험동물자원관리원추진단 운영 규정(규정 제2708호).hwp,경북대학교 실험동물자원관리원추진단 운영 규정,규정,규정,2708,header,2024-06-27,규정,2686,제정,2024-06-27,2024-08-28,개정,2,7,4,2,0,1964,0,hwp5,olefile+zlib (BodyText PARA_TEXT),,ok,,2020-02-03 00:06:15,2024-08-27 08:44:13,68096,baf54fe71fbac8fba71a6c6807e94f64,0,,text/12. 경북대학교 실험동물자원관리원추진단 운영 규정(규정 제2708호).txt
52,12. 경북대학교 연구윤리 규정(규정 제2563호).hwp,경북대학교 연구윤리 규정,규정,규정,2563,header,2022-12-19,규정,2563,제정,2022-12-19,2022-12-19,제정,1,32,8,1,0,9138,0,hwp5,olefile+zlib (BodyText PARA_TEXT),,ok,,2020-02-03 00:06:15,2022-12-16 08:07:41,181760,8801a3c5d655875249a3c93e41850a53,0,,text/12. 경북대학교 연구윤리 규정(규정 제2563호).txt
53,12. 경북대학교 행정감사 규정(규정 제2463호).hwp,경북대학교 행정감사 규정,규정,규정,2463,header,1996-09-24,규정,837,제정,1996-09-24,2021-10-06,개정,6,24,6,6,5,8517,0,hwp5,olefile+zlib (BodyText PARA_TEXT),,ok,,2020-02-03 00:06:15,2021-10-06 07:09:02,33280,2725b068f8f7a73c7a76132f685c2c36,0,,text/12. 경북대학교 행정감사 규정(규정 제2463호).txt
54,12. 경북대학교 현장실습지원센터 규정(규정 제2497호).hwp,경북대학교 현장실습지원센터 규정,규정,규정,2497,header,2012-11-28,규정,1812,제정,2012-11-28,2021-12-29,개정,3,6,0,3,0,1193,0,hwp5,olefile+zlib (BodyText PARA_TEXT),,ok,,2010-09-28 00:15:00,2021-12-30 00:54:07,15872,fdba9c2c529488f3398bae3e991effc3,0,,text/12. 경북대학교 현장실습지원센터 규정(규정 제2497호).txt
55,13. 경북대학교 인권센터 규정(규정 제2640호).hwp,경북대학교 인권센터 규정,규정,규정,2640,header,2016-11-28,규정,2069,제정,2016-11-28,2023-10-27,개정,6,33,5,6,0,12748,0,hwp5,olefile+zlib (BodyText PARA_TEXT),,ok,,2020-02-03 00:06:15,2023-10-27 04:44:18,90624,9ada86d5fd811a78a6e44eaf9498f015,0,,text/13. 경북대학교 인권센터 규정(규정 제2640호).txt
56,2. 경북대학교 AI·디지털융합교육혁신플랫폼사업단 규정(규정 제2678호).hwp,경북대학교 AI·디지털융합교육혁신플랫폼사업단 규정,규정,규정,2678,header,2024-05-20,규정,2678,제정,2024-05-20,2024-05-20,제정,1,9,4,1,0,1940,0,hwp5,olefile+zlib (BodyText PARA_TEXT),,ok,,2020-02-03 00:06:15,2024-05-20 04:53:23,73728,e0dfc1ff7b0b9710a6bbcc1dfcddd57e,0,,text/2. 경북대학교 AI·디지털융합교육혁신플랫폼사업단 규정(규정 제2678호).txt
57,2. 경북대학교 G-램프(LAMP)사업단 지침(예규 제1022호).hwp,경북대학교 G-램프(LAMP)사업단 지침,지침,예규,1022,header,2023-12-07,예규,979,제정,2023-12-07,2024-09-03,전부개정,2,19,5,1,0,3282,0,hwp5,olefile+zlib (BodyText PARA_TEXT),,ok,,2019-04-04 05:39:05,2024-09-03 00:12:44,76800,67eab23e151b2c9aee0fb509a45162dc,0,,text/2. 경북대학교 G-램프(LAMP)사업단 지침(예규 제1022호).txt
58,2. 경북대학교 LINC3.0사업단 가족회사 운영 지침(예규 제935호).hwp,경북대학교 LINC3.0사업단 가족회사 운영 지침,지침,예규,935,header,2023-01-30,예규,935,제정,2023-01-30,2023-01-30,제정,1,13,0,1,0,3318,0,hwp5,olefile+zlib (BodyText PARA_TEXT),,ok,,2019-04-18 08:40:47,2023-01-30 05:18:06,131072,9525782c415cfaa4958beee15aba6d55,0,,text/2. 경북대학교 LINC3.0사업단 가족회사 운영 지침(예규 제935호).txt
59,2. 경북대학교 UI 관리 지침(예규 제872호).hwp,경북대학교 UI 관리 지침,지침,예규,872,header,1999-10-27,예규,226,제정,1999-10-27,2021-10-20,개정,3,6,0,2,0,780,1,hwp5,olefile+zlib (BodyText PARA_TEXT),,ok,,2020-04-10 00:08:29,2021-10-20 02:12:09,14336,d1bcd8c5aa8c98c8ba53ea1bbd443370,0,,text/2. 경북대학교 UI 관리 지침(예규 제872호).txt
60,2. 경북대학교 과학기술대학공동훈련센터 규정(규정 제2620호).hwp,경북대학교 과학기술대학공동훈련센터 규정,규정,규정,2620,header,2023-09-22,규정,2620,제정,2023-09-22,2023-09-22,제정,1,15,7,1,0,3051,0,hwp5,olefile+zlib (BodyText PARA_TEXT),,ok,,2020-02-03 00:06:15,2023-09-24 23:38:37,76288,eb649d3c440efd8f1ee59e5e5283120d,0,,text/2. 경북대학교 과학기술대학공동훈련센터 규정(규정 제2620호).txt
61,2. 경북대학교 과학기술실용화연구센터 규정(규정 2547호).hwp,경북대학교 과학기술실용화연구센터 규정,규정,규정,2547,header,2011-02-28,규정,1692,제정,2011-02-28,2022-11-28,전부개정,3,14,5,1,0,1938,0,hwp5,olefile+zlib (BodyText PARA_TEXT),,ok,,2020-02-03 00:06:15,2022-11-28 06:05:20,69120,b643db33beac9f067d375843a9275bf0,0,,text/2. 경북대학교 과학기술실용화연구센터 규정(규정 2547호).txt
62,2. 경북대학교 교내연구비 연구결과물 관리 지침(예규 제1102호).hwp,경북대학교 교내연구비 연구결과물 관리 지침,지침,예규,1102,header,2021-02-26,예규,832,제정,2021-02-26,2025-09-29,개정,2,8,0,2,2,2523,0,hwp5,olefile+zlib (BodyText PARA_TEXT),,ok,,2019-04-18 08:40:47,2025-10-01 02:11:14,211456,881fc7e638877bf956b18351c96c2a79,0,,text/2. 경북대학교 교내연구비 연구결과물 관리 지침(예규 제1102호).txt
63,2. 경북대학교 교수회 규정(규정 제2442호).hwp,경북대학교 교수회 규정,규정,규정,2442,header,2001-03-24,규정,1024,제정,2001-03-24,2021-08-02,개정,11,14,0,11,0,4589,0,hwp5,olefile+zlib (BodyText PARA_TEXT),,ok,,2020-02-03 00:06:15,2021-07-30 06:27:29,23552,50da1ded8b27f45b996aeee1d797cb74,0,,text/2. 경북대학교 교수회 규정(규정 제2442호).txt
64,2. 경북대학교 교원양성위원회 규정(규정 제2698호).hwp,경북대학교 교원양성위원회 규정,규정,규정,2698,header,2008-02-29,규정,1426,제정,2008-02-29,2024-08-28,개정,3,6,0,3,0,1127,0,hwp5,olefile+zlib (BodyText PARA_TEXT),,ok,,2010-02-03 06:49:43,2024-08-27 08:52:27,108032,4f848587fc44214b944c50cca68ceb71,0,,text/2. 경북대학교 교원양성위원회 규정(규정 제2698호).txt
65,2. 경북대학교 교육공무원 공무국외출장 업무처리지침(예규 제902호).hwp,경북대학교 교육공무원 공무국외출장 업무처리지침,지침,예규,902,header,1989-08-31,예규,118,제정,1989-08-31,2022-05-12,개정,14,6,0,10,13,14806,6,hwp5,olefile+zlib (BodyText PARA_TEXT),,ok,,2008-01-10 11:21:08,2022-05-12 00:52:36,99840,84228aa813f09c01659353e60f3dd79b,0,,text/2. 경북대학교 교육공무원 공무국외출장 업무처리지침(예규 제902호).txt
66,2. 경북대학교 뇌과학연구소 규정(규정 제2672호).hwp,경북대학교 뇌과학연구소 규정,규정,규정,2672,header,2007-07-24,규정,1368,제정,2007-07-24,2024-03-25,전부개정,3,11,6,3,0,2219,0,hwp5,olefile+zlib (BodyText PARA_TEXT),,ok,,2020-02-03 00:06:15,2024-03-25 04:51:49,73216,e6e0ad2bc020cbfafe451304b3d96ee6,0,,text/2. 경북대학교 뇌과학연구소 규정(규정 제2672호).txt
67,2. 경북대학교 보건진료소 규정.hwp,경북대학교 보건진료소 규정,규정,규정,2310,header,1963-03-01,규정,17,제정,1963-03-01,2019-07-02,개정,12,7,0,12,0,1984,0,hwp5,olefile+zlib (BodyText PARA_TEXT),,ok,,2019-07-03 00:47:40,2019-07-03 06:51:26,20480,7f51281ec8f74b61510b40df5191ca38,0,,text/2. 경북대학교 보건진료소 규정.txt
68,2. 경북대학교 부설 평생교육원 규정(2019.02.28.).hwp,경북대학교 부설 평생교육원 규정,규정,규정,2265,header,1996-08-22,규정,824,제정,1996-08-22,2019-02-28,개정,13,23,6,13,0,3282,0,hwp5,olefile+zlib (BodyText PARA_TEXT),,ok,,2019-02-28 09:05:14,2019-02-28 09:05:14,19968,54598d690aceb82b885ca235cc95c31f,0,,text/2. 경북대학교 부설 평생교육원 규정(2019.02.28.).txt
69,2. 경북대학교 산업안전보건위원회 운영지침(예규 제891호).hwp,경북대학교 산업안전보건위원회 운영지침,운영지침,예규,891,header,2022-02-22,예규,891,제정,2022-02-22,2022-02-22,제정,1,11,0,1,1,2736,0,hwp5,olefile+zlib (BodyText PARA_TEXT),,ok,,2021-12-28 02:00:06,2022-02-22 02:36:26,18944,1ccbbed691cff2954209ef7d83034b29,0,,text/2. 경북대학교 산업안전보건위원회 운영지침(예규 제891호).txt
70,2. 경북대학교 상주캠퍼스 교수아파트 관리지침(예규 제1097호).hwp,경북대학교 상주캠퍼스 교수아파트 관리지침,지침,예규,1097,header,2019-08-26,예규,745,제정,2019-08-26,2025-09-18,개정,2,13,0,2,1,3500,0,hwp5,olefile+zlib (BodyText PARA_TEXT),,ok,,2019-03-07 08:35:28,2025-09-18 02:27:41,57344,2a1ec2fe5c95bd6ed8984238a90965f8,0,,text/2. 경북대학교 상주캠퍼스 교수아파트 관리지침(예규 제1097호).txt
71,2. 경북대학교 세계대학평가 자문위원회 지침(예규 제855호).hwp,경북대학교 세계대학평가 자문위원회 지침,지침,예규,855,header,2021-06-25,예규,855,제정,2021-06-25,2021-06-25,제정,1,7,0,1,0,989,0,hwp5,olefile+zlib (BodyText PARA_TEXT),,ok,,2019-07-04 05:48:48,2021-06-25 04:28:03,49664,7baee15b7af7304f9e5e3a629fb7b7b2,0,,text/2. 경북대학교 세계대학평가 자문위원회 지침(예규 제855호).txt
72,2. 경북대학교 연구비카드제 관리운영 지침(예규 제925호).hwp,경북대학교 연구비카드제 관리․운영 지침,지침,예규,925,header,2010-10-05,지침,445,제정,2010-10-05,2022-09-21,전부개정,4,7,0,4,1,2247,0,hwp5,olefile+zlib (BodyText PARA_TEXT),,ok,,2021-07-09 01:32:39,2022-09-21 01:28:39,74752,7da5c519b67f22f8e4d415c6c669c4b4,0,,text/2. 경북대학교 연구비카드제 관리운영 지침(예규 제925호).txt
73,2. 경북대학교 융합의료기기·로봇연구소 규정(규정 제2335호).hwp,경북대학교 융합의료기기·로봇연구소 규정,규정,규정,2335,header,2012-11-28,규정,1818,제정,2012-11-28,2020-01-20,개정,3,9,4,3,0,1766,0,hwp5,olefile+zlib (BodyText PARA_TEXT),,ok,,2020-01-19 08:44:26,2020-01-20 07:39:07,19968,94a5c5dc3fdbb8405271684aa0826ee5,0,,text/2. 경북대학교 융합의료기기·로봇연구소 규정(규정 제2335호).txt
74,2. 경북대학교 인문사회융합인재양성사업단 규정(규정 제2694호).hwp,경북대학교 인문사회융합인재양성사업단 규정,규정,규정,2694,header,2024-07-26,규정,2694,제정,2024-07-26,2024-07-26,제정,1,9,0,1,0,2905,0,hwp5,olefile+zlib (BodyText PARA_TEXT),,ok,,2020-02-03 00:06:15,2024-07-26 00:00:57,145920,51144324f4ce93698406c6e4d7633904,0,,text/2. 경북대학교 인문사회융합인재양성사업단 규정(규정 제2694호).txt
75,2. 경북대학교 일상감사 지침(예규 제970호).hwp,경북대학교 일상감사 지침,지침,예규,970,header,2015-12-18,예규,585,제정,2015-12-18,2023-09-27,개정,5,11,0,5,4,4064,1,hwp5,olefile+zlib (BodyText PARA_TEXT),,ok,,2016-07-11 11:42:34,2023-09-27 04:51:06,79360,d2ae3431daedf414707dc18549ef8f73,0,,text/2. 경북대학교 일상감사 지침(예규 제970호).txt
76,2. 경북대학교 임상오믹스연구소 규정(규정 제2318호).hwp,경북대학교 임상오믹스연구소 규정,규정,규정,2318,header,2005-02-15,규정,1229,제정,2005-02-15,2019-07-24,개정,3,10,5,3,0,1505,0,hwp5,olefile+zlib (BodyText PARA_TEXT),,ok,,2019-08-01 07:47:46,2019-08-02 07:34:24,18944,5f1118bf0a458c6623da06e4aa834686,0,,text/2. 경북대학교 임상오믹스연구소 규정(규정 제2318호).txt
77,2. 경북대학교 전임교원 JA(Joint Appointment) 교수 운영 지침(예규 1091호).hwp,경북대학교 전임교원 JA(Joint Appointment) 교수 운영 지침,지침,예규,1091,header,2025-08-18,예규,1091,제정,2025-08-18,2025-08-18,제정,1,8,0,1,2,2918,0,hwp5,olefile+zlib (BodyText PARA_TEXT),머리말/꼬리말 문단 1개 본문에서 제외,ok,,2016-06-14 04:29:51,2025-08-21 00:55:22,64512,0ca203336d8713c7fddea8cf8a4b5e95,0,,text/2. 경북대학교 전임교원 JA(Joint Appointment) 교수 운영 지침(예규 1091호).txt
78,2. 경북대학교 조기취업자 출석인정에 관한 시행세칙(예규 제800호).hwp,경북대학교 조기취업자 출석인정에 관한 시행세칙,시행세칙,예규,800,header,2018-03-20,예규,682,제정,2018-03-20,2020-08-19,개정,2,8,0,2,2,3268,0,hwp5,olefile+zlib (BodyText PARA_TEXT),,ok,,2019-04-18 08:40:47,2020-08-19 09:25:56,24064,00ed429dc84413f842e9670ebf0feb83,0,,text/2. 경북대학교 조기취업자 출석인정에 관한 시행세칙(예규 제800호).txt
79,2. 경북대학교 지식재산권에 관한 규정 운영세칙(예규 제887호).hwp,경북대학교 지식재산권에 관한 규정 운영세칙,세칙,예규,887,header,2019-04-09,예규,728,제정,2019-04-09,2022-01-17,개정,3,18,6,3,8,11232,0,hwp5,olefile+zlib (BodyText PARA_TEXT),,ok,,2011-11-24 05:17:03,2022-01-17 05:16:06,49152,9437221350a61a0d3633c95ec5d14278,0,,text/2. 경북대학교 지식재산권에 관한 규정 운영세칙(예규 제887호).txt
80,2. 경북대학교 지역성장협력센터 운영지침(예규 제847호).hwp,경북대학교 지역성장협력센터 운영지침,운영지침,예규,847,header,2021-05-17,예규,847,제정,2021-05-17,2021-05-17,제정,1,10,5,1,0,1638,0,hwp5,olefile+zlib (BodyText PARA_TEXT),,ok,,2021-03-22 03:35:29,2021-05-17 06:01:15,15872,81a52691344cb13af5057c32c8f2a881,0,,text/2. 경북대학교 지역성장협력센터 운영지침(예규 제847호).txt
81,2. 경북대학교 창업교육학사제도 운영지침(예규 제1065호).hwp,경북대학교 창업교육학사제도 운영 지침,지침,예규,1065,header,2014-10-31,예규,558,제정,2014-10-31,2025-03-24,개정,13,20,6,13,13,15883,0,hwp5,olefile+zlib (BodyText PARA_TEXT),,ok,,2017-01-23 08:23:22,2025-03-25 00:31:40,103936,5652168e475360cb081e85e58e8b5250,0,,text/2. 경북대학교 창업교육학사제도 운영지침(예규 제1065호).txt
82,2. 경북대학교 체육진흥센터 체육시설 운영 관리 지침(예규 제984호).hwp,경북대학교 체육진흥센터 체육시설 운영 관리 지침,지침,예규,984,header,2024-01-05,예규,984,제정,2024-01-05,2024-01-05,제정,1,24,0,1,6,14715,0,hwp5,olefile+zlib (BodyText PARA_TEXT),,ok,,2020-02-03 00:06:15,2024-01-05 06:36:40,111616,e632cc931a0d53d35df6b670ff58cb74,0,,text/2. 경북대학교 체육진흥센터 체육시설 운영 관리 지침(예규 제984호).txt
83,2. 경북대학교 취업동아리 운영지침(예규 제1013호).hwp,경북대학교 취업동아리 운영지침,운영지침,예규,1013,header,2003-06-26,예규,290,제정,2003-06-26,2024-07-03,개정,4,13,4,4,11,6161,0,hwp5,olefile+zlib (BodyText PARA_TEXT),,ok,,2020-01-08 10:39:28,2024-07-03 05:18:40,75776,7a2950d1cb20dc056a9fbfbdfb16f87d,0,,text/2. 경북대학교 취업동아리 운영지침(예규 제1013호).txt
84,2. 경북대학교 특수대학원의 무논문 석사 학위 수여에 관한 업무처리 지침(예규 제944호).hwp,경북대학교 특수대학원의 무논문 석사 학위 수여에 관한 업무처리 지침,지침,예규,944,header,2001-09-10,예규,253,제정,2001-09-10,2023-04-20,개정,5,6,0,5,4,3028,0,hwp5,olefile+zlib (BodyText PARA_TEXT),,ok,,2006-11-01 06:23:56,2023-04-20 07:14:23,68608,a33a69f2c0fc8c38fb9ad1de247c432a,0,,text/2. 경북대학교 특수대학원의 무논문 석사 학위 수여에 관한 업무처리 지침(예규 제944호).txt
85,2. 경북대학교 특정장학금 관리 지침(예규 제814호).hwp,경북대학교 특정장학금 관리 지침,지침,예규,814,header,1994-07-04,예규,165,제정,1994-07-04,2021-01-20,개정,3,8,0,3,0,1086,0,hwp5,olefile+zlib (BodyText PARA_TEXT),,ok,,2011-10-12 01:46:49,2021-01-20 01:22:35,16384,7476cc3c7eee9c58a4d85f160066963c,0,,text/2. 경북대학교 특정장학금 관리 지침(예규 제814호).txt
86,2. 경북대학교 프로젝트(PROJECT) 교수 운영지침(예규 제950호).hwp,경북대학교 프로젝트(PROJECT) 교수 운영지침,운영지침,예규,950,header,2018-08-20,예규,705,제정,2018-08-20,2023-05-19,전부개정,2,8,0,2,0,1596,0,hwp5,olefile+zlib (BodyText PARA_TEXT),,ok,,2007-07-26 08:47:53,2023-05-18 23:57:39,72704,e88b266fb2bf8415b05a7c2a85d97fd4,0,,text/2. 경북대학교 프로젝트(PROJECT) 교수 운영지침(예규 제950호).txt
87,2. 경북대학교 플랜트기술연구소 규정(규정 제2711호).hwp,경북대학교 플랜트기술연구소 규정,규정,규정,2711,header,2024-09-27,규정,2711,제정,2024-09-27,2024-09-27,제정,1,9,4,1,0,1495,0,hwp5,olefile+zlib (BodyText PARA_TEXT),,ok,,2020-02-03 00:06:15,2024-09-27 02:42:42,65024,d2696063bdf44ba4f7c26ff167fb8782,0,,text/2. 경북대학교 플랜트기술연구소 규정(규정 제2711호).txt
88,2. 경북대학교 플립드러닝 수업 운영에 관한 지침.hwp,경북대학교 플립드러닝 수업 운영 지침,지침,예규,863,header,2018-08-01,예규,702,제정,2018-08-01,2021-08-30,개정,3,12,2,3,1,3452,0,hwp5,olefile+zlib (BodyText PARA_TEXT),,ok,,2019-04-18 08:40:47,2021-08-30 00:41:24,24576,bee41ed56688229e57c291e726d188ec,0,,text/2. 경북대학교 플립드러닝 수업 운영에 관한 지침.txt
89,2. 경북대학교 학생 상벌에 관한 규정(규정 제2607호).hwp,경북대학교 학생 상벌에 관한 규정,규정,규정,2607,header,1998-11-07,규정,950,제정,1998-11-07,2023-07-20,개정,7,11,0,7,3,4679,0,hwp5,olefile+zlib (BodyText PARA_TEXT),,ok,,2000-09-27 04:54:31,2023-07-20 05:39:31,158208,c01f371827ed9afa3b2421fd5f469a37,0,,text/2. 경북대학교 학생 상벌에 관한 규정(규정 제2607호).txt
90,2. 경북대학교 한국어문화원 규정(규정 제2592호).hwp,경북대학교 한국어문화원 규정,규정,규정,2592,header,2005-06-30,규정,1256,제정,2005-06-30,2023-06-23,개정,6,17,5,6,0,3628,0,hwp5,olefile+zlib (BodyText PARA_TEXT),,ok,,2000-09-27 04:54:31,2023-06-22 04:46:24,60928,103cca1b382cdbc24caffeb701174b96,0,,text/2. 경북대학교 한국어문화원 규정(규정 제2592호).txt
91,2. 경북대학교.경북대학교병원 인재원 운영 세칙(예규 제899호).hwp,경북대학교․경북대학교병원 인재원 운영 세칙,세칙,예규,899,header,2022-04-25,예규,899,제정,2022-04-25,2022-04-25,제정,1,15,0,1,2,7445,8,hwp5,olefile+zlib (BodyText PARA_TEXT),,ok,,2016-06-14 04:29:51,2022-04-25 07:02:04,171520,da25e5bbc1f2eeee7102443dd88ab521,0,,text/2. 경북대학교.경북대학교병원 인재원 운영 세칙(예규 제899호).txt
92,2. 경북대학교와 전문대학 간 연계교육과정 운영 지침(예규 제1086호).hwp,경북대학교와 전문대학 간 연계교육과정 운영 지침,지침,예규,1086,header,2025-07-17,예규,1086,제정,2025-07-17,2025-07-17,제정,1,12,0,1,2,3941,0,hwp5,olefile+zlib (BodyText PARA_TEXT),,ok,,2019-04-18 08:40:47,2025-07-17 06:39:36,75264,945a8dcbcd6d30d514fc3faefd097486,0,,text/2. 경북대학교와 전문대학 간 연계교육과정 운영 지침(예규 제1086호).txt
93,20. 경북대학교 학생증 발급 규정(규정 제2437호).hwp,경북대학교 학생증 발급 규정,규정,규정,2437,header,2009-02-27,규정,1521,제정,2009-02-27,2021-04-23,개정,4,11,0,4,1,2245,0,hwp5,olefile+zlib (BodyText PARA_TEXT),,ok,,2020-11-23 08:05:02,2021-04-23 01:34:48,22528,2b4dce38977a9501fb7d2546b13db024,0,,text/20. 경북대학교 학생증 발급 규정(규정 제2437호).txt
94,25. 경북대학교 기자재 도입 심의위원회 규정(규정 제2437호).hwp,경북대학교 기자재 도입 심의위원회 규정,규정,규정,2437,header,1981-02-25,규정,241,제정,1981-02-25,2021-04-23,개정,8,10,0,8,0,2053,0,hwp5,olefile+zlib (BodyText PARA_TEXT),,ok,,2009-10-12 01:40:52,2021-04-23 01:21:43,17408,2140b2a3f147dab0996a5d622b1cfc5c,0,,text/25. 경북대학교 기자재 도입 심의위원회 규정(규정 제2437호).txt
95,2경북대학교 환경과학기술연구소규정.hwp,경북대학교 환경과학기술연구소규정,규정,규정,2258,header,1986-12-29,규정,482,제정,1986-12-29,2019-01-04,개정,5,10,6,5,0,2417,0,hwp5,olefile+zlib (BodyText PARA_TEXT),,ok,,2019-01-22 11:56:08,2019-01-22 11:56:08,19456,2d2016389a20a7e96e5ce27b99fdee6a,0,,text/2경북대학교 환경과학기술연구소규정.txt
96,3. 경북대학교 G-램프(LAMP)사업단 전임교원 선발 및 인사관리 지침(예규 제1023호).hwp,경북대학교 G-램프(LAMP)사업단 전임교원 선발 및 인사관리 지침,지침,예규,1023,header,2023-12-07,예규,980,제정,2023-12-07,2024-09-03,전부개정,2,10,0,1,1,3368,0,hwp5,olefile+zlib (BodyText PARA_TEXT),,ok,,2019-04-04 05:39:05,2024-09-03 00:18:51,75776,e8faf042e1bc1c63e13a19cc70c52bb5,0,,text/3. 경북대학교 G-램프(LAMP)사업단 전임교원 선발 및 인사관리 지침(예규 제1023호).txt
97,3. 경북대학교 공과대학 부속산업현장기술지원단 규정(규정 제2327호).hwp,경북대학교 공과대학 부속 산업현장기술지원단 규정,규정,규정,2327,header,2008-02-29,규정,1448,제정,2008-02-29,2019-11-27,개정,4,9,4,4,0,2574,0,hwp5,olefile+zlib (BodyText PARA_TEXT),,ok,,2019-11-27 05:43:32,2019-11-27 05:59:31,17408,577f56040aaaa33d21c3d99458b8378a,0,,text/3. 경북대학교 공과대학 부속산업현장기술지원단 규정(규정 제2327호).txt
98,3. 경북대학교 관사관리 지침(예규 제1028호).hwp,경북대학교 관사관리 지침,지침,예규,1028,header,2012-03-29,예규,486,제정,2012-03-29,2024-10-21,전부개정,2,11,0,1,3,3151,2,hwp5,olefile+zlib (BodyText PARA_TEXT),,ok,,2020-02-03 00:06:15,2024-10-20 23:32:27,153088,fc2198ee168ac3ceab8b296dcf8024b6,0,,text/3. 경북대학교 관사관리 지침(예규 제1028호).txt
99,3. 경북대학교 금연및흡연구역지정운영지침(예규 제1106호).hwp,경북대학교금연및흡연구역지정‧운영지침,운영지침,예규,1106,header,2004-07-06,예규,309,제정,2004-07-06,2025-10-10,전부개정,2,6,0,2,0,966,0,hwp5,olefile+zlib (BodyText PARA_TEXT),,ok,,2004-07-03 02:34:10,2025-10-09 03:41:47,46592,b399c0ac81fa971ed72f5dc52564bfc3,0,,text/3. 경북대학교 금연및흡연구역지정운영지침(예규 제1106호).txt
100,3. 경북대학교 기초과학연구원 규정(규정 2548호).hwp,경북대학교 기초과학연구원 규정,규정,규정,2548,header,1979-12-05,규정,220,제정,1979-12-05,2022-11-28,전부개정,11,10,6,1,0,2735,0,hwp5,olefile+zlib (BodyText PARA_TEXT),,ok,,2020-02-03 00:06:15,2022-11-28 06:08:36,65536,8ad9608fed47692c84bf66d7672f7630,0,,text/3. 경북대학교 기초과학연구원 규정(규정 2548호).txt
101,3. 경북대학교 기후위기재난대응연구소 규정(규정 제2675호).hwp,경북대학교 기후위기재난대응연구소 규정,규정,규정,2675,header,2019-02-28,규정,2268,제정,2019-02-28,2024-04-29,개정,2,10,5,2,0,2167,0,hwp5,olefile+zlib (BodyText PARA_TEXT),,ok,,2019-02-28 09:06:13,2024-04-26 05:03:45,139776,45c941e3499249c5e71f3f7cd0a6aa16,0,,text/3. 경북대학교 기후위기재난대응연구소 규정(규정 제2675호).txt
102,3. 경북대학교 농업생명과학대학 부속실험실습장 규정(규정 제2593호).hwp,경북대학교 농업생명과학대학 부속실험실습장 규정,규정,규정,2593,header,2003-06-13,규정,1130,제정,2003-06-13,2023-06-23,개정,5,9,3,5,0,2142,0,hwp5,olefile+zlib (BodyText PARA_TEXT),,ok,,2000-09-27 04:54:31,2023-06-22 04:54:49,61952,d815e2f1b1a432286da4fdde5a2db609,0,,text/3. 경북대학교 농업생명과학대학 부속실험실습장 규정(규정 제2593호).txt
103,3. 경북대학교 대학원 석·박사통합학위과정으로 학위과정 변경에 대한 지침(예규 제1098호).hwp,경북대학교 대학원 석‧박사통합학위과정으로 학위과정 변경에 대한 지침,지침,예규,1098,header,2023-05-30,예규,953,제정,2023-05-30,2025-09-18,개정,2,9,0,2,2,1593,0,hwp5,olefile+zlib (BodyText PARA_TEXT),,ok,,2022-11-09 05:53:48,2025-09-18 02:40:41,56832,c10de015072d950404880c05d4e08a05,0,,text/3. 경북대학교 대학원 석·박사통합학위과정으로 학위과정 변경에 대한 지침(예규 제1098호).txt
104,3. 경북대학교 대학입학전형관리위원회 규정(규정 제2373호).hwp,경북대학교 대학입학전형관리위원회 규정,규정,규정,2373,header,2007-08-29,규정,1375,제정,2007-08-29,2020-09-15,개정,3,5,0,3,0,786,0,hwp5,olefile+zlib (BodyText PARA_TEXT),,ok,,2020-09-15 02:23:32,2020-09-15 02:34:24,16896,3ba3c577229fec308877c714c1c6874a,0,,text/3. 경북대학교 대학입학전형관리위원회 규정(규정 제2373호).txt
105,3. 경북대학교 동물의과학연구소 규정(규정 제2621호).hwp,경북대학교 동물의과학연구소 규정,규정,규정,2621,header,2023-09-22,규정,2621,제정,2023-09-22,2023-09-22,제정,1,9,4,1,0,1719,0,hwp5,olefile+zlib (BodyText PARA_TEXT),,ok,,2020-02-03 00:06:15,2023-09-13 02:31:59,70656,92ae924174cdb17ea60eeecc85614947,0,,text/3. 경북대학교 동물의과학연구소 규정(규정 제2621호).txt
106,3. 경북대학교 두뇌한국(BK)21사업 산학협력 전담인력 지침(예규 제841호).hwp,경북대학교 두뇌한국(BK)21사업 산학협력 전담인력 지침,지침,예규,841,header,2021-04-28,예규,841,제정,2021-04-28,2021-04-28,제정,1,9,0,1,0,6813,2,hwp5,olefile+zlib (BodyText PARA_TEXT),,ok,,2020-03-17 01:07:01,2021-04-28 01:38:25,33280,ae38e0e7f23207b6c8f90d951758619a,0,,text/3. 경북대학교 두뇌한국(BK)21사업 산학협력 전담인력 지침(예규 제841호).txt
107,3. 경북대학교 디지털설계 및 생산기술연구소 규정(규정 제2579호).hwp,경북대학교 디지털설계 및 생산기술연구소 규정,규정,규정,2579,header,2013-09-25,규정,1869,제정,2013-09-25,2023-05-01,개정,2,10,5,2,0,2175,0,hwp5,olefile+zlib (BodyText PARA_TEXT),,ok,,2020-02-03 00:06:15,2023-04-27 07:46:03,151040,82383fdc1aec4a8ede10e96608094899,0,,text/3. 경북대학교 디지털설계 및 생산기술연구소 규정(규정 제2579호).txt
108,3. 경북대학교 미래형자동차기술융합혁신인재양성사업단 규정(규정 제2695호).hwp,경북대학교 미래형자동차기술융합혁신인재양성사업단 규정,규정,규정,2695,header,2024-07-26,규정,2695,제정,2024-07-26,2024-07-26,제정,1,9,4,1,0,1999,0,hwp5,olefile+zlib (BodyText PARA_TEXT),,ok,,2020-02-03 00:06:15,2024-07-26 00:01:15,145920,c3e94c4f25acc1edf876e0e72b077938,0,,text/3. 경북대학교 미래형자동차기술융합혁신인재양성사업단 규정(규정 제2695호).txt
109,3. 경북대학교 반도체특성화대학사업단 규정(규정 제2712호).hwp,경북대학교 반도체특성화대학사업단 규정,규정,규정,2712,header,2023-08-25,규정,2613,제정,2023-08-25,2024-09-27,개정,2,10,5,2,0,2038,0,hwp5,olefile+zlib (BodyText PARA_TEXT),,ok,,2020-02-03 00:06:15,2024-09-27 02:44:37,69632,fc42bd3629800d013a55ca19379b42f9,0,,text/3. 경북대학교 반도체특성화대학사업단 규정(규정 제2712호).txt
110,3. 경북대학교 빅데이터 기반 글로컬 Forest Science 4.0 전문인력양성센터 규정(규정 제2382호).hwp,경북대학교 빅데이터 기반 글로컬 Forest Science 4.0 전문인력양성센터 규정,규정,규정,2382,header,2020-11-26,규정,2382,제정,2020-11-26,2020-11-26,제정,1,10,5,1,0,2232,0,hwp5,olefile+zlib (BodyText PARA_TEXT),,ok,,2020-11-23 08:05:29,2020-11-26 07:39:45,20992,d33efbc98c238b7c7c6d7610ba7b5e22,0,,text/3. 경북대학교 빅데이터 기반 글로컬 Forest Science 4.0 전문인력양성센터 규정(규정 제2382호).txt
111,3. 경북대학교 산학단지조성센터 운영 지침(예규 제856호).hwp,경북대학교 산학단지조성센터 운영지침,운영지침,예규,856,header,2021-06-25,예규,856,제정,2021-06-25,2021-06-25,제정,1,8,4,1,0,1399,0,hwp5,olefile+zlib (BodyText PARA_TEXT),,ok,,2020-12-24 03:19:41,2021-06-25 04:48:51,54272,08adde2732db263d353f651612d95bdf,0,,text/3. 경북대학교 산학단지조성센터 운영 지침(예규 제856호).txt
112,3. 경북대학교 연구윤리센터 규정(규정 제2488호).hwp,경북대학교 연구윤리센터 규정,규정,규정,2488,header,2021-12-29,규정,2488,제정,2021-12-29,2021-12-29,제정,1,12,0,1,0,1611,0,hwp5,olefile+zlib (BodyText PARA_TEXT),,ok,,2020-02-03 00:06:15,2021-12-30 00:01:35,20992,451f5c608776fd61dcf53d45e3742e55,0,,text/3. 경북대학교 연구윤리센터 규정(규정 제2488호).txt
113,3. 경북대학교 인공지능혁신융합대학사업단 규정(규정 제2670호).hwp,경북대학교 인공지능혁신융합대학사업단 규정,규정,규정,2670,header,2021-12-28,규정,2485,제정,2021-12-28,2024-02-29,개정,2,16,5,2,0,3979,0,hwp5,olefile+zlib (BodyText PARA_TEXT),,ok,,2020-02-03 00:06:15,2024-03-14 06:30:24,139776,5b0fed47fd7e8515742baf8db5b8575c,0,,text/3. 경북대학교 인공지능혁신융합대학사업단 규정(규정 제2670호).txt
114,3. 경북대학교 창업지원단 규정(규정 제2685호).hwp,경북대학교 창업지원단 규정,규정,규정,2685,header,2018-02-07,규정,2211,제정,2018-02-07,2024-06-27,전부개정,3,10,6,1,0,3093,0,hwp5,olefile+zlib (BodyText PARA_TEXT),,ok,,2020-02-03 00:06:15,2024-06-27 07:39:07,510976,317046b1bd14e188a187f3afc385b628,0,,text/3. 경북대학교 창업지원단 규정(규정 제2685호).txt
115,3. 경북대학교 청렴시민감사관 설치 및 운영 지침(예규 757호).hwp,경북대학교 청렴시민감사관 설치 및 운영 지침,지침,예규,757,header,2019-10-16,예규,757,미표기,2019-10-16,2019-10-16,미표기,1,12,4,1,0,6260,0,hwp5,olefile+zlib (BodyText PARA_TEXT),,ok,,2006-11-20 05:45:19,2019-11-04 02:46:23,26112,0ec4d49896eacecbc7bad2490ac23c16,0,,text/3. 경북대학교 청렴시민감사관 설치 및 운영 지침(예규 757호).txt
116,3. 경북대학교 특수식품연구소 규정(규정 제2484호).hwp,경북대학교 특수식품연구소 규정,규정,규정,2484,header,2021-12-28,규정,2484,제정,2021-12-28,2021-12-28,제정,1,9,4,1,0,1542,0,hwp5,olefile+zlib (BodyText PARA_TEXT),,ok,,2020-02-03 00:06:15,2021-12-28 00:38:50,20992,9993cb0b949a39b9d3fa3c66ff0d1834,0,,text/3. 경북대학교 특수식품연구소 규정(규정 제2484호).txt
117,3. 경북대학교 포털시스템 운영지침(예규 제1103호).hwp,경북대학교 포털시스템 운영 지침,지침,예규,1103,header,2021-04-29,예규,845,제정,2021-04-29,2025-09-29,개정,2,9,0,2,0,3939,0,hwp5,olefile+zlib (BodyText PARA_TEXT),,ok,,2014-10-28 06:53:43,2025-09-29 05:25:43,58368,ed5249066eb931e9ee46e5134beda45f,0,,text/3. 경북대학교 포털시스템 운영지침(예규 제1103호).txt
118,3. 경북대학교 학력증명서 발급 규정(규정 제2658호).hwp,경북대학교 학력증명서 발급 규정,규정,규정,2658,header,1972-02-15,규정,80,제정,1972-02-15,2024-02-26,개정,9,10,0,9,4,3868,0,hwp5,olefile+zlib (BodyText PARA_TEXT),,ok,,2020-02-03 00:06:15,2025-07-14 06:47:57,73216,685119e4670adca5fd36fc8a475cd0b9,0,,text/3. 경북대학교 학력증명서 발급 규정(규정 제2658호).txt
119,3. 경북대학교 학생 활동 및 지도 규정(규정 제2608호) (1).hwp,경북대학교 학생 활동 및 지도 규정,규정,규정,2608,header,1998-11-07,규정,947,제정,1998-11-07,2023-07-20,개정,6,15,5,6,0,2721,0,hwp5,olefile+zlib (BodyText PARA_TEXT),,ok,,2020-02-03 00:06:15,2023-07-20 05:40:04,139776,28851b71ea7074ed51f5a5d033268bc2,1,3. 경북대학교 학생 활동 및 지도 규정(규정 제2608호).hwp,text/3. 경북대학교 학생 활동 및 지도 규정(규정 제2608호) (1).txt
120,3. 경북대학교 학생 활동 및 지도 규정(규정 제2608호).hwp,경북대학교 학생 활동 및 지도 규정,규정,규정,2608,header,1998-11-07,규정,947,제정,1998-11-07,2023-07-20,개정,6,15,5,6,0,2721,0,hwp5,olefile+zlib (BodyText PARA_TEXT),,ok,,2020-02-03 00:06:15,2023-07-20 05:40:04,139776,28851b71ea7074ed51f5a5d033268bc2,0,,text/3. 경북대학교 학생 활동 및 지도 규정(규정 제2608호).txt
121,3. 경북대학교 학생의료공제회 규정(규정 제2588호).hwp,경북대학교 학생의료공제회 규정,규정,규정,2588,header,1995-02-11,규정,741,제정,1995-02-11,2023-05-30,개정,13,31,5,13,0,7266,0,hwp5,olefile+zlib (BodyText PARA_TEXT),,ok,,2020-02-03 00:06:15,2023-07-03 08:31:50,79360,a7a65cfae9281576fffdd8c9ecc47ad1,0,,text/3. 경북대학교 학생의료공제회 규정(규정 제2588호).txt
122,3. 경북대학교 해안농업연구소 규정(규정 제2336호).hwp,경북대학교 해안농업연구소 규정,규정,규정,2336,header,2020-01-20,규정,2336,제정,2020-01-20,2020-01-20,제정,1,10,5,1,0,1768,0,hwp5,olefile+zlib (BodyText PARA_TEXT),,ok,,2020-01-19 08:41:01,2020-01-20 07:40:17,19968,47f3b8f0076762d20a85bb174e1e02e8,0,,text/3. 경북대학교 해안농업연구소 규정(규정 제2336호).txt
123,3. 경북대학교 현장실습교육과정 운영 지침(예규 제1066호).hwp,경북대학교 현장실습교육과정 운영 지침,지침,예규,1066,header,1999-01-01,예규,213,제정,1999-01-01,2025-03-24,개정,24,16,7,24,5,17352,55,hwp5,olefile+zlib (BodyText PARA_TEXT),,ok,,2022-10-31 00:29:59,2025-03-25 07:34:29,100864,9fb6bfa69a26bfbc8b1293b18923df15,0,,text/3. 경북대학교 현장실습교육과정 운영 지침(예규 제1066호).txt
124,3. 경북대학교 혈관 장기 상호작용 제어연구센터 규정(규정 제2377호).hwp,경북대학교 혈관 장기 상호작용 제어연구센터 규정,규정,규정,2377,header,2020-10-16,규정,2377,제정,2020-10-16,2020-10-16,제정,1,11,5,1,0,2322,0,hwp5,olefile+zlib (BodyText PARA_TEXT),,ok,,2020-10-15 11:54:46,2020-10-16 06:12:36,20992,b626adb51a20d9175840fbf51c1c1f65,0,,text/3. 경북대학교 혈관 장기 상호작용 제어연구센터 규정(규정 제2377호).txt
125,4. 경북대학교 G-램프(LAMP)사업단 포닥 지원·선발 및 인사관리 지침(예규 제1024호).hwp,경북대학교 G-램프(LAMP)사업단 포닥 지원·선발 및 인사관리 지침,지침,예규,1024,header,2023-12-07,예규,981,제정,2023-12-07,2024-09-03,전부개정,2,16,0,1,1,5395,0,hwp5,olefile+zlib (BodyText PARA_TEXT),,ok,,2019-04-04 05:39:05,2024-09-03 00:23:15,84480,ce4951026c188d0d357462f98a063326,0,,text/4. 경북대학교 G-램프(LAMP)사업단 포닥 지원·선발 및 인사관리 지침(예규 제1024호).txt
126,4. 경북대학교 강사징계규정(규정 제 2651호).hwp,경북대학교 강사징계규정,규정,규정,2629,header,2023-10-27,규정,2629,제정,2023-10-27,2023-10-27,제정,2,11,0,2,6,6611,0,hwp5,olefile+zlib (BodyText PARA_TEXT),,ok,,2020-02-03 00:06:15,2024-01-05 05:34:27,95744,5785c448967a20985a17248ec2cde550,0,,text/4. 경북대학교 강사징계규정(규정 제 2651호).txt
127,4. 경북대학교 건설환경에너지융합기술원 규정(규정 제2622호).hwp,경북대학교 건설환경에너지융합기술원 규정,규정,규정,2622,header,2017-11-27,규정,2174,제정,2017-11-27,2023-09-22,개정,2,11,6,2,0,2534,0,hwp5,olefile+zlib (BodyText PARA_TEXT),,ok,,2020-02-03 00:06:15,2023-09-24 23:40:37,73216,dc2fa414a8b2f3ffdf09ca2ad9f5294d,0,,text/4. 경북대학교 건설환경에너지융합기술원 규정(규정 제2622호).txt
128,4. 경북대학교 경북해양과학연구소 규정(규정 제2391호).hwp,경북대학교 경북해양과학연구소 규정,규정,규정,2391,header,2014-08-26,규정,1925,제정,2014-08-26,2020-12-24,개정,2,9,4,2,0,1981,0,hwp5,olefile+zlib (BodyText PARA_TEXT),,ok,,2020-12-24 05:59:17,2020-12-24 06:27:25,20480,434e571bfd65d66ac47faede05b4b9a7,0,,text/4. 경북대학교 경북해양과학연구소 규정(규정 제2391호).txt
129,4. 경북대학교 공과대학 기술지원센터 규정(규정 제2542호).hwp,경북대학교 공과대학 기술지원센터 규정,규정,규정,2542,header,1981-05-21,규정,250,제정,1981-05-21,2022-09-26,개정,7,13,4,7,0,2195,0,hwp5,olefile+zlib (BodyText PARA_TEXT),,ok,,2020-02-03 00:06:15,2022-09-26 04:29:35,63488,e6a20c0c9f0b5a41ec521ccaf9d70856,0,,text/4. 경북대학교 공과대학 기술지원센터 규정(규정 제2542호).txt
130,4. 경북대학교 교육환경개선위원회 규정(규정 제2444호).hwp,경북대학교 교육환경개선위원회 규정,규정,규정,2444,header,2005-11-28,규정,1273,제정,2005-11-28,2021-08-02,개정,2,5,0,2,0,1152,0,hwp5,olefile+zlib (BodyText PARA_TEXT),,ok,,2020-02-03 00:06:15,2021-07-30 06:29:45,18432,8f49d792fe4161706e675203a14d4534,0,,text/4. 경북대학교 교육환경개선위원회 규정(규정 제2444호).txt
131,4. 경북대학교 글로벌플라자·대강당 운영지침(예규 제952호).hwp,경북대학교 글로벌플라자․대강당 운영지침,운영지침,예규,952,header,2017-12-05,예규,668,제정,2017-12-05,2023-05-19,개정,2,16,5,2,4,18956,1,hwp5,olefile+zlib (BodyText PARA_TEXT),머리말/꼬리말 문단 4개 본문에서 제외,ok,,2019-04-18 08:40:47,2023-05-19 08:29:58,207360,453a937be6b7d59f0be8bb76b9f7f254,0,,text/4. 경북대학교 글로벌플라자·대강당 운영지침(예규 제952호).txt
132,4. 경북대학교 농업생명과학대학 부속학술림 규정(규정 제2594호).hwp,경북대학교 농업생명과학대학 부속학술림 규정,규정,규정,2594,header,2023-06-23,규정,2594,제정,2023-06-23,2023-06-23,제정,1,9,3,1,0,1216,0,hwp5,olefile+zlib (BodyText PARA_TEXT),,ok,,2020-02-03 00:06:15,2023-06-22 04:57:18,66048,a5d4916186c60634b465c2571a1a5b07,0,,text/4. 경북대학교 농업생명과학대학 부속학술림 규정(규정 제2594호).txt
133,4. 경북대학교 법학연구원 규정(규정 제2570호).hwp,경북대학교 법학연구원 규정,규정,규정,2570,header,2005-03-30,규정,1240,제정,2005-03-30,2023-02-27,개정,9,13,0,9,0,3410,0,hwp5,olefile+zlib (BodyText PARA_TEXT),,ok,,2020-02-03 00:06:15,2023-02-27 00:17:00,120320,3c7e0d46ce852094bc6f6a6839fef2a8,0,,text/4. 경북대학교 법학연구원 규정(규정 제2570호).txt
134,4. 경북대학교 복합지능ICT연구센터 규정 제정(규정 제2378호).hwp,경북대학교 복합지능ICT연구센터 규정,규정,규정,2378,header,2020-10-16,규정,2378,제정,2020-10-16,2020-10-16,제정,1,12,6,1,0,2458,0,hwp5,olefile+zlib (BodyText PARA_TEXT),,ok,,2020-10-15 11:55:06,2020-10-16 05:52:29,20992,a509dd276f344286360fa2ec63d12d38,0,,text/4. 경북대학교 복합지능ICT연구센터 규정 제정(규정 제2378호).txt
135,4. 경북대학교 부패행위 신고 처리 및 신고자보호에 관한 운영 지침(예규 제753호).hwp,경북대학교 부패행위신고·처리 및 신고자보호에 관한 운영 지침,지침,예규,753,header,2015-10-30,예규,583,제정,2015-10-30,2019-09-18,개정,3,15,0,3,3,4782,0,hwp5,olefile+zlib (BodyText PARA_TEXT),,ok,,2016-07-11 11:42:34,2019-09-17 11:11:48,25600,856b522757f69e82e78adf25f0ea6fd0,0,,text/4. 경북대학교 부패행위 신고 처리 및 신고자보호에 관한 운영 지침(예규 제753호).txt
136,4. 경북대학교 세포소기관연구소 규정(규정 제2614호).hwp,경북대학교 세포소기관연구소 규정,규정,규정,2614,header,2023-08-25,규정,2614,제정,2023-08-25,2023-08-25,제정,1,9,4,1,0,1602,0,hwp5,olefile+zlib (BodyText PARA_TEXT),,ok,,2020-02-03 00:06:15,2023-08-24 08:49:31,136704,a127ea7303afeb8946c9c747ec8a21a8,0,,text/4. 경북대학교 세포소기관연구소 규정(규정 제2614호).txt
137,4. 경북대학교 연구감사위원회 규정(규정 제2631호).hwp,경북대학교 연구감사위원회 규정,규정,규정,2631,header,2006-11-16,규정,1323,제정,2006-11-16,2023-10-27,전부개정,5,25,4,5,6,7188,0,hwp5,olefile+zlib (BodyText PARA_TEXT),,ok,,2020-02-03 00:06:15,2023-10-27 02:41:45,87552,9a38b54632c2d00881af0e314b0bbcf8,0,,text/4. 경북대학교 연구감사위원회 규정(규정 제2631호).txt
138,4. 경북대학교 일반쓰레기 수거료 징수지침(예규 제1107호).hwp,경북대학교 일반쓰레기 수거료 징수지침,지침,예규,1107,header,1995-12-28,예규,185,제정,1995-12-28,2025-10-10,전부개정,4,5,0,4,0,1547,0,hwp5,olefile+zlib (BodyText PARA_TEXT),,ok,,2025-10-05 04:52:54,2025-10-09 03:46:18,103936,d75d56bef9ff44e30c7226506460d8c1,0,,text/4. 경북대학교 일반쓰레기 수거료 징수지침(예규 제1107호).txt
139,4. 경북대학교 지식재산권에 관한 규정(규정 제2365호).hwp,경북대학교 지식재산권에 관한 규정,규정,규정,2365,header,2003-10-02,규정,1160,제정,2003-10-02,2020-07-14,개정,9,36,8,9,0,11753,0,hwp5,olefile+zlib (BodyText PARA_TEXT),,ok,,2020-07-08 00:50:28,2020-07-14 05:56:51,33792,ef0047aa4f72944b0c882e2f99f3453b,0,,text/4. 경북대학교 지식재산권에 관한 규정(규정 제2365호).txt
140,4. 경북대학교 지역사회공헌센터 운영 규정(규정 제2489호) (1).hwp,경북대학교 지역사회공헌센터 운영 규정,규정,규정,2489,header,2021-12-29,규정,2489,제정,2021-12-29,2021-12-29,제정,1,10,4,1,0,1094,0,hwp5,olefile+zlib (BodyText PARA_TEXT),,ok,,2020-02-03 00:06:15,2021-12-30 00:02:54,19456,ffdb710992281a0de2e40b6328de68c8,1,4. 경북대학교 지역사회공헌센터 운영 규정(규정 제2489호).hwp,text/4. 경북대학교 지역사회공헌센터 운영 규정(규정 제2489호) (1).txt
141,4. 경북대학교 지역사회공헌센터 운영 규정(규정 제2489호).hwp,경북대학교 지역사회공헌센터 운영 규정,규정,규정,2489,header,2021-12-29,규정,2489,제정,2021-12-29,2021-12-29,제정,1,10,4,1,0,1094,0,hwp5,olefile+zlib (BodyText PARA_TEXT),,ok,,2020-02-03 00:06:15,2021-12-30 00:02:54,19456,ffdb710992281a0de2e40b6328de68c8,0,,text/4. 경북대학교 지역사회공헌센터 운영 규정(규정 제2489호).txt
142,4. 경북대학교 질량분석융복합연구소.hwp,경북대학교 질량분석융복합연구소 규정,규정,규정,2312,header,2019-07-02,규정,2312,제정,2019-07-02,2019-07-02,제정,1,10,4,1,0,1632,0,hwp5,olefile+zlib (BodyText PARA_TEXT),,ok,,2019-07-03 00:55:58,2019-07-03 00:55:58,19456,1244f5b4cd4fe7372dba6e0eb5d1f170,0,,text/4. 경북대학교 질량분석융복합연구소.txt
143,"4. 경북대학교 홈페이지 운영 지침(예규 제842호, 제844호).hwp",경북대학교 홈페이지구축 운영 지침,지침,예규,844,header,2005-11-01,예규,326,제정,2005-11-01,2021-04-28,개정,8,5,0,8,0,7235,0,hwp5,olefile+zlib (BodyText PARA_TEXT),,ok,,2019-04-18 08:40:47,2021-04-28 05:54:05,25600,93211510bc3c05d3d095f829754d1f0f,0,,"text/4. 경북대학교 홈페이지 운영 지침(예규 제842호, 제844호).txt"
144,5. 경북대학교 금고지정 및 운영 지침(예규 제1100호).hwp,경북대학교 금고지정 및 운영 지침,지침,예규,1100,header,2018-05-18,예규,695,제정,2018-05-18,2025-09-18,개정,3,15,6,3,5,14097,48,hwp5,olefile+zlib (BodyText PARA_TEXT),,ok,,2019-04-18 08:40:47,2025-09-18 05:12:01,109056,0d824fe89c46f3c29442699fbb93a25b,0,,text/5. 경북대학교 금고지정 및 운영 지침(예규 제1100호).txt
145,5. 경북대학교 대응자금 관리 집행 지침 개정(안).hwp,경북대학교 대응자금 관리․집행 지침,지침,예규,866,header,2003-02-21,예규,282,제정,2003-02-21,2021-08-30,개정,5,9,0,5,3,3837,0,hwp5,olefile+zlib (BodyText PARA_TEXT),,ok,,2007-07-26 08:47:53,2021-08-30 00:44:46,27136,e2e212ceb6806ea2519a0cd45ebe35e9,0,,text/5. 경북대학교 대응자금 관리 집행 지침 개정(안).txt
146,5. 경북대학교 대학입학전형 공정관리위원회 규정(규정 제2338호).hwp,경북대학교 대학입학전형 공정관리위원회 규정,규정,규정,2338,header,1993-06-23,규정,643,제정,1993-06-23,2020-01-20,전부개정,3,8,0,3,0,1228,0,hwp5,olefile+zlib (BodyText PARA_TEXT),,ok,,2020-01-19 08:42:55,2020-03-12 07:40:21,18432,e70c64a48348c116426878b71cf8c4e7,0,,text/5. 경북대학교 대학입학전형 공정관리위원회 규정(규정 제2338호).txt
147,5. 경북대학교 미래동물자원연구원 규정(규정 제2623호).hwp,경북대학교 미래동물자원연구원 규정,규정,규정,2623,header,2008-09-01,규정,1499,제정,2008-09-01,2023-09-22,전부개정,2,12,6,1,0,2016,0,hwp5,olefile+zlib (BodyText PARA_TEXT),,ok,,2020-02-03 00:06:15,2023-09-13 02:39:40,75776,cc3000f792649904bc7de19d70480f9a,0,,text/5. 경북대학교 미래동물자원연구원 규정(규정 제2623호).txt
148,5. 경북대학교 소프트웨어재난연구센터 규정(규정 제2456호).hwp,경북대학교 소프트웨어재난연구센터 규정,규정,규정,2456,header,2021-10-06,규정,2456,제정,2021-10-06,2021-10-06,제정,1,10,5,1,0,3022,0,hwp5,olefile+zlib (BodyText PARA_TEXT),,ok,,2020-02-03 00:06:15,2021-10-06 07:03:59,22528,c71d9d2fbac4f26b884f1502267f5006,0,,text/5. 경북대학교 소프트웨어재난연구센터 규정(규정 제2456호).txt
149,5. 경북대학교 인문학술원 한중교류연구소 운영 지침(예규 제784호).hwp,경북대학교 인문학술원 한중교류연구소 운영 지침,지침,예규,784,header,2020-05-14,예규,784,제정,2020-05-14,2020-05-14,제정,1,4,0,1,0,1062,0,hwp5,olefile+zlib (BodyText PARA_TEXT),,ok,,2008-11-18 08:42:47,2020-05-14 07:30:59,15360,f8f17eb1d818d6089e39da5736c3f25a,0,,text/5. 경북대학교 인문학술원 한중교류연구소 운영 지침(예규 제784호).txt
150,5. 경북대학교 임베디드소프트웨어연구센터 규정(규정 제2571호).hwp,경북대학교 임베디드소프트웨어연구센터 규정,규정,규정,2571,header,2004-09-24,규정,1212,제정,2004-09-24,2023-02-27,개정,10,33,7,10,0,5245,0,hwp5,olefile+zlib (BodyText PARA_TEXT),,ok,,2020-02-03 00:06:15,2023-02-27 00:18:19,67072,ab7d37eb1c650a0de44b522cddc73c4c,0,,text/5. 경북대학교 임베디드소프트웨어연구센터 규정(규정 제2571호).txt
151,5. 경북대학교 장애학생지원센터 규정(규정 제2520호).hwp,경북대학교 장애학생지원센터 규정,규정,규정,2520,header,2008-12-02,규정,1502,제정,2008-12-02,2022-05-30,개정,5,6,0,5,0,1413,0,hwp5,olefile+zlib (BodyText PARA_TEXT),,ok,,2012-05-31 08:00:03,2022-05-30 00:40:56,56320,9aacd817eee1036b23f2dd3322062afd,0,,text/5. 경북대학교 장애학생지원센터 규정(규정 제2520호).txt
152,5. 경북대학교 장애학생특별지원위원회 규정(규정 제2660호).hwp,경북대학교 장애학생특별지원위원회 규정,규정,규정,2660,header,2009-02-27,규정,1519,제정,2009-02-27,2024-02-26,개정,5,5,0,5,2,2558,0,hwp5,olefile+zlib (BodyText PARA_TEXT),,ok,,2020-02-03 00:06:15,2024-02-26 02:22:59,71680,dac1f2da3c7c306fc6971a90af578fa2,0,,text/5. 경북대학교 장애학생특별지원위원회 규정(규정 제2660호).txt
153,5. 경북대학교 졸업자격 인정 규정(규정 제2595호).hwp,경북대학교 졸업자격 인정 규정,규정,규정,2595,header,1999-02-12,규정,962,제정,1999-02-12,2023-06-23,개정,15,6,0,15,4,6383,0,hwp5,olefile+zlib (BodyText PARA_TEXT),,ok,,2020-02-03 00:06:15,2023-06-23 04:24:12,162304,7f9e29761a9c3f6af1efc91214dc9f68,0,,text/5. 경북대학교 졸업자격 인정 규정(규정 제2595호).txt
154,5. 경북대학교 직원 공무국외출장 허가 지침(예규 제754호).hwp,경북대학교 직원 공무국외출장 허가 지침,지침,예규,754,header,2010-02-10,예규,425,제정,2010-02-10,2019-09-18,개정,4,8,0,4,5,5106,56,hwp5,olefile+zlib (BodyText PARA_TEXT),,ok,,2016-07-11 11:42:34,2019-09-17 11:11:58,29696,08ea99ee72fe6f912b3537644a32568f,0,,text/5. 경북대학교 직원 공무국외출장 허가 지침(예규 제754호).txt
155,5. 경북대학교 특수대학원 수료자의 무논문 학위취득을 위한 규정(규정 제2445호).hwp,경북대학교 특수대학원 수료자의 무논문 학위취득을 위한 규정,규정,규정,2445,header,2010-02-25,규정,1586,제정,2010-02-25,2021-08-02,개정,3,10,0,3,2,2785,0,hwp5,olefile+zlib (BodyText PARA_TEXT),,ok,,2020-02-03 00:06:15,2021-07-30 06:30:34,24576,72a591299f6659c4a01d3b739b7d8e6a,0,,text/5. 경북대학교 특수대학원 수료자의 무논문 학위취득을 위한 규정(규정 제2445호).txt
156,5. 경북대학교 폐기물처리지침(예규 제1108호).hwp,경북대학교 폐기물 처리 지침,지침,예규,1108,header,2009-01-05,예규,402,제정,2009-01-05,2025-10-10,전부개정,2,9,0,2,1,2019,0,hwp5,olefile+zlib (BodyText PARA_TEXT),,ok,,2008-12-30 05:19:30,2025-10-09 03:56:01,66560,e47ace7b344a7c0e38d7192d18a81447,0,,text/5. 경북대학교 폐기물처리지침(예규 제1108호).txt
157,6. 경북대학교 A3 건축연구소 규정(규정 제2476호).hwp,경북대학교 A3 건축연구소 규정,규정,규정,2476,header,2021-10-06,규정,2455,제정,2021-10-06,2021-11-26,개정,2,9,4,2,0,2245,0,hwp5,olefile+zlib (BodyText PARA_TEXT),,ok,,2020-02-03 00:06:15,2021-11-24 08:58:20,21504,614cccfe5760c505e62513d3d11802a2,0,,text/6. 경북대학교 A3 건축연구소 규정(규정 제2476호).txt
158,6. 경북대학교 K-DS융합인재양성사업단 규정(규정 제2633호).hwp,경북대학교 K-DS융합인재양성사업단 규정,규정,규정,2633,header,2023-10-27,규정,2633,제정,2023-10-27,2023-10-27,제정,1,9,4,1,0,1915,0,hwp5,olefile+zlib (BodyText PARA_TEXT),,ok,,2020-02-03 00:06:15,2023-10-27 02:44:37,75264,1000416de0959982393cea67af8c189f,0,,text/6. 경북대학교 K-DS융합인재양성사업단 규정(규정 제2633호).txt
159,6. 경북대학교 간호혁신연구소 규정(규정 제2624호).hwp,경북대학교 간호혁신연구소 규정,규정,규정,2624,header,1996-12-30,규정,846,제정,1996-12-30,2023-09-22,개정,6,10,6,5,0,2090,0,hwp5,olefile+zlib (BodyText PARA_TEXT),,ok,,2020-02-03 00:06:15,2023-09-13 04:19:32,69120,0a82d13d32ad9bddc0a82cdf70286b68,0,,text/6. 경북대학교 간호혁신연구소 규정(규정 제2624호).txt
160,6. 경북대학교 경제경영연구소 규정.hwp,경북대학교 경제경영연구소 규정,규정,규정,2278,header,1985-04-02,규정,437,제정,1985-04-02,2019-04-04,개정,5,8,0,5,0,2374,0,hwp5,olefile+zlib (BodyText PARA_TEXT),,ok,,2019-04-04 05:34:05,2019-04-04 07:17:10,19968,2fa373500a4c77d0896a282d7da63fb3,0,,text/6. 경북대학교 경제경영연구소 규정.txt
161,6. 경북대학교 고에너지물리연구소 규정(규정 제2314호).hwp,경북대학교 고에너지물리연구소 규정,규정,규정,2314,header,1998-12-12,규정,953,제정,1998-12-12,2019-07-02,개정,4,11,6,4,0,3368,0,hwp5,olefile+zlib (BodyText PARA_TEXT),,ok,,2019-07-03 01:03:52,2022-07-11 04:28:01,71680,75266fb618ba00f4f7e0c0f187edfe71,0,,text/6. 경북대학교 고에너지물리연구소 규정(규정 제2314호).txt
162,6. 경북대학교 미주·유럽연구소 규정(규정 제2688호).hwp,경북대학교 미주·유럽연구소 규정,규정,규정,2688,header,2024-06-27,규정,2688,제정,2024-06-27,2024-06-27,제정,1,10,5,1,0,2163,0,hwp5,olefile+zlib (BodyText PARA_TEXT),,ok,,2020-02-03 00:06:15,2024-06-27 07:44:42,518144,f57dde31e9bf06491fe6e8a463d709f7,0,,text/6. 경북대학교 미주·유럽연구소 규정(규정 제2688호).txt
163,6. 경북대학교 연계전공 이수 규정(제2702호).hwp,경북대학교 연계전공 이수 규정,규정,규정,2702,header,2005-05-25,규정,1244,제정,2005-05-25,2024-08-28,개정,12,12,0,12,3,7091,0,hwp5,olefile+zlib (BodyText PARA_TEXT),,ok,,2019-05-22 01:25:22,2024-08-27 08:53:23,159232,51af39cd3e543fe180ea6af010007ab6,0,,text/6. 경북대학교 연계전공 이수 규정(제2702호).txt
164,6. 경북대학교 연구실 안전관리 규정(규정 제2781호).hwp,경북대학교 연구실 안전관리 규정,규정,규정,2781,header,2008-07-23,규정,1482,제정,2008-07-23,2025-05-22,개정,9,27,4,9,8,15081,0,hwp5,olefile+zlib (BodyText PARA_TEXT),,ok,,2020-02-03 00:06:15,2025-05-22 08:22:52,187904,2263a29993f27f72aed25d0186445ee2,0,,text/6. 경북대학교 연구실 안전관리 규정(규정 제2781호).txt
165,6. 경북대학교 위험성평가 지침(예규 제908호).hwp,경북대학교 위험성평가 지침,지침,예규,908,header,2022-05-30,예규,908,제정,2022-05-30,2022-05-30,제정,1,16,0,1,0,6855,1,hwp5,olefile+zlib (BodyText PARA_TEXT),,ok,,2022-04-29 04:58:26,2022-05-30 07:31:59,174592,bb900018d6613a0f353e1cbe644fa092,0,,text/6. 경북대학교 위험성평가 지침(예규 제908호).txt
166,6. 경북대학교 인문학술원 열린인문학센터 운영 지침(예규 제785호).hwp,경북대학교 인문학술원 열린인문학센터 운영 지침,지침,예규,785,header,2020-05-14,예규,785,제정,2020-05-14,2020-05-14,제정,1,6,0,1,0,1298,0,hwp5,olefile+zlib (BodyText PARA_TEXT),,ok,,2019-04-18 08:40:47,2020-05-14 07:31:54,16384,63b14610b6edaa20c98987ee0b352795,0,,text/6. 경북대학교 인문학술원 열린인문학센터 운영 지침(예규 제785호).txt
167,6. 경북대학교 조직개편에 따른 직위 명칭 등 일괄개정 지침(예규 제844호).hwp,경북대학교 조직개편에 따른 직위 명칭 등 일괄개정 지침,지침,예규,844,header,2021-04-28,예규,844,제정,2021-04-28,2021-04-28,제정,1,7,0,1,0,1050,0,hwp5,olefile+zlib (BodyText PARA_TEXT),,ok,,2021-01-14 08:58:12,2021-04-28 05:57:35,17408,c2e57653531b1b323dde2bd65c033b0b,0,,text/6. 경북대학교 조직개편에 따른 직위 명칭 등 일괄개정 지침(예규 제844호).txt
168,6. 경북대학교 지식재산전문인력양성사업단 규정(규정 제2596호).hwp,경북대학교 지식재산전문인력양성사업단 규정,규정,규정,2596,header,2023-06-23,규정,2596,제정,2023-06-23,2023-06-23,제정,1,12,6,1,0,2385,0,hwp5,olefile+zlib (BodyText PARA_TEXT),,ok,,2020-02-03 00:06:15,2023-06-23 04:24:28,141824,fb7c8fb55d1ca21720abff2ade5b1f90,0,,text/6. 경북대학교 지식재산전문인력양성사업단 규정(규정 제2596호).txt
169,6. 경북대학교 질병매개무척추동물연구소 규정(규정 제2557호).hwp,경북대학교 질병매개무척추동물연구소 규정,규정,규정,2557,header,2022-12-19,규정,2557,제정,2022-12-19,2022-12-19,제정,1,9,4,1,0,1897,0,hwp5,olefile+zlib (BodyText PARA_TEXT),,ok,,2020-02-03 00:06:15,2022-12-16 08:02:49,138752,ffdeabe05bb3188f696ff20e921c65c6,0,,text/6. 경북대학교 질병매개무척추동물연구소 규정(규정 제2557호).txt
170,6. 경북대학교 차세대시퀀싱 핵심연구지원센터 규정(규정 제2457호).hwp,경북대학교 차세대시퀀싱 핵심연구지원센터 규정,규정,규정,2457,header,2021-10-06,규정,2457,제정,2021-10-06,2021-10-06,제정,1,10,5,1,0,1590,0,hwp5,olefile+zlib (BodyText PARA_TEXT),,ok,,2020-02-03 00:06:15,2021-10-06 07:04:30,20480,945b8f5db7fcccc1d0592f12c38af815,0,,text/6. 경북대학교 차세대시퀀싱 핵심연구지원센터 규정(규정 제2457호).txt
171,6. 경북대학교 학생군사교육단 운영 규정(규정 제2653호).hwp,경북대학교 학생군사교육단 운영 규정,규정,규정,2653,header,2011-02-28,규정,1689,제정,2011-02-28,2024-01-05,개정,3,18,6,3,0,4327,0,hwp5,olefile+zlib (BodyText PARA_TEXT),,ok,,2020-02-03 00:06:15,2024-01-05 06:18:06,78848,e6a8c3b72ce4464c413f63624f25f5b3,0,,text/6. 경북대학교 학생군사교육단 운영 규정(규정 제2653호).txt
172,7. 경북대학교 국방ICT전략연구소 규정(규정 제2689호).hwp,경북대학교 국방ICT전략연구소 규정,규정,규정,2689,header,2024-06-27,규정,2689,제정,2024-06-27,2024-06-27,제정,1,12,6,1,0,1744,0,hwp5,olefile+zlib (BodyText PARA_TEXT),,ok,,2020-02-03 00:06:15,2024-06-27 07:45:24,512512,00c2058531f77b6e50c119c5a9829058,0,,text/7. 경북대학교 국방ICT전략연구소 규정(규정 제2689호).txt
173,7. 경북대학교 국제농업교육원 규정(규정 제2634호).hwp,경북대학교 국제농업교육원 규정,규정,규정,2634,header,1988-11-01,규정,539,제정,1988-11-01,2023-10-27,전부개정,5,8,4,5,0,2076,0,hwp5,olefile+zlib (BodyText PARA_TEXT),,ok,,2020-02-03 00:06:15,2023-10-27 04:19:46,67072,f6689adda3470c0dc1601ae23f85da40,0,,text/7. 경북대학교 국제농업교육원 규정(규정 제2634호).txt
174,7. 경북대학교 박사 후 연수(Post-Doc.) 연구원 규정(규정 제2662호).hwp,경북대학교 박사 후 연수(Post-Doc.) 연구원 규정,규정,규정,2662,header,1998-06-29,규정,929,제정,1998-06-29,2024-02-26,개정,8,14,0,8,0,7894,0,hwp5,olefile+zlib (BodyText PARA_TEXT),,ok,,2020-02-03 00:06:15,2024-02-26 02:30:58,100864,1052b5c81c6524a097abee35b13f2df8,0,,text/7. 경북대학교 박사 후 연수(Post-Doc.) 연구원 규정(규정 제2662호).txt
175,7. 경북대학교 인문학술원 일본연구센터 운영 지침(예규 제786호).hwp,경북대학교 인문학술원 일본연구센터 운영 지침,지침,예규,786,header,2020-05-14,예규,786,제정,2020-05-14,2020-05-14,제정,1,5,0,1,0,1292,0,hwp5,olefile+zlib (BodyText PARA_TEXT),,ok,,2019-09-17 02:08:17,2020-05-14 07:32:34,14848,d1f3901662856fa9b2dfad8ab514d7f7,0,,text/7. 경북대학교 인문학술원 일본연구센터 운영 지침(예규 제786호).txt
176,7. 경북대학교 정보영재교육원 규정(규정 제2477호).hwp,경북대학교 정보영재교육원 규정,규정,규정,2477,header,2008-07-23,규정,1485,제정,2008-07-23,2021-11-26,개정,4,21,8,4,0,4435,0,hwp5,olefile+zlib (BodyText PARA_TEXT),,ok,,2020-02-03 00:06:15,2021-11-24 09:01:28,24064,c65a9289dcb2e1aff86dd36e2e1e2cde,0,,text/7. 경북대학교 정보영재교육원 규정(규정 제2477호).txt
177,7. 경북대학교 첨단섬유융합소재연구소 규정(규정 제2597호).hwp,경북대학교 첨단섬유융합소재연구소 규정,규정,규정,2597,header,2023-06-23,규정,2597,제정,2023-06-23,2023-06-23,제정,1,10,5,1,0,1713,0,hwp5,olefile+zlib (BodyText PARA_TEXT),,ok,,2020-02-03 00:06:15,2023-06-23 04:24:42,135680,ada2d51e4f011709d7ffd07f689f1861,0,,text/7. 경북대학교 첨단섬유융합소재연구소 규정(규정 제2597호).txt
178,7. 경북대학교 체육진흥센터 규정(규정 제2654호).hwp,경북대학교 체육진흥센터 규정,규정,규정,2654,header,2005-06-30,규정,1258,제정,2005-06-30,2024-01-05,개정,5,17,5,5,0,3444,0,hwp5,olefile+zlib (BodyText PARA_TEXT),,ok,,2020-02-03 00:06:15,2024-01-05 06:21:16,70656,6e5fc9a00e2ca21742a8f4b3c3d1b21f,0,,text/7. 경북대학교 체육진흥센터 규정(규정 제2654호).txt
179,7. 경북대학교 치의학중개연구소 규정.hwp,경북대학교 치의학중개연구소 규정,규정,규정,2279,header,2019-04-04,규정,2279,제정,2019-04-04,2019-04-04,제정,1,10,4,1,0,1696,0,hwp5,olefile+zlib (BodyText PARA_TEXT),,ok,,2019-04-04 05:37:56,2022-07-11 07:09:37,65024,7c8b96b02a1bc6169a6a75c37c8fab8c,0,,text/7. 경북대학교 치의학중개연구소 규정.txt
180,7. 경북대학교 탄소중립 지능형 에너지시스템 지역혁신 선도연구센터 규정(규정 제2458호).hwp,경북대학교 탄소중립 지능형 에너지시스템 지역혁신 선도연구센터 규정,규정,규정,2458,header,2021-10-06,규정,2458,제정,2021-10-06,2021-10-06,제정,1,10,5,1,0,1850,0,hwp5,olefile+zlib (BodyText PARA_TEXT),,ok,,2020-02-03 00:06:15,2021-10-06 07:05:03,20992,977827af9184dfe5ac1d0b562d8c168d,0,,text/7. 경북대학교 탄소중립 지능형 에너지시스템 지역혁신 선도연구센터 규정(규정 제2458호).txt
181,8. 경북대학교 ICT·자동차 융합 연구센터 규정(규정 제2459호).hwp,경북대학교 ICT·자동차 융합 연구센터 규정,규정,규정,2459,header,2011-11-14,규정,1735,제정,2011-11-14,2021-10-06,개정,3,15,6,3,0,3202,0,hwp5,olefile+zlib (BodyText PARA_TEXT),,ok,,2020-02-03 00:06:15,2021-10-06 07:07:13,22528,7fc1ba5d956fb8a7a24a4630fbdd4595,0,,text/8. 경북대학교 ICT·자동차 융합 연구센터 규정(규정 제2459호).txt
182,8. 경북대학교 개인형 이동장치 안전관리 규정(규정 제2434호).hwp,경북대학교 개인형 이동장치 안전관리 규정,규정,규정,2434,header,2021-04-23,규정,2434,제정,2021-04-23,2021-04-23,제정,1,18,5,1,0,5414,0,hwp5,olefile+zlib (BodyText PARA_TEXT),,ok,,2020-02-03 00:06:15,2021-04-23 00:28:14,25088,499a2575914fec47168c6b29ce10420c,0,,text/8. 경북대학교 개인형 이동장치 안전관리 규정(규정 제2434호).txt
183,8. 경북대학교 데이터융복합연구원 규정(규정 제2559호).hwp,경북대학교 데이터융복합연구원 규정,규정,규정,2559,header,2021-12-28,규정,2483,제정,2021-12-28,2022-12-19,개정,2,11,6,2,0,3109,0,hwp5,olefile+zlib (BodyText PARA_TEXT),,ok,,2020-02-03 00:06:15,2022-12-16 08:04:40,144896,f995f6d49d3002fdda4954630e2cbd2d,0,,text/8. 경북대학교 데이터융복합연구원 규정(규정 제2559호).txt
184,8. 경북대학교 생명윤리심의위원회 규정(규정 제2663호).hwp,경북대학교 생명윤리심의위원회 규정,규정,규정,2663,header,2011-08-31,규정,1726,제정,2011-08-31,2024-02-26,개정,5,13,0,5,0,4909,0,hwp5,olefile+zlib (BodyText PARA_TEXT),,ok,,2020-02-03 00:06:15,2024-02-26 02:33:04,82944,ea47ee1e954eec28b5951117dd50b080,0,,text/8. 경북대학교 생명윤리심의위원회 규정(규정 제2663호).txt
185,8. 경북대학교 의공학연구소 규정.hwp,경북대학교 의공학연구소 규정,규정,규정,2280,header,2003-05-01,규정,1127,제정,2003-05-01,2019-04-04,개정,3,12,7,3,0,2535,0,hwp5,olefile+zlib (BodyText PARA_TEXT),,ok,,2019-04-04 05:38:27,2019-04-04 07:17:20,20480,c4d1fb87c29255577e93286bdd89b093,0,,text/8. 경북대학교 의공학연구소 규정.txt
186,8. 경북대학교 전기에너지미래기술연구센터 규정(규정 제2530호).hwp,경북대학교 전기에너지미래기술연구센터 규정,규정,규정,2530,header,2022-06-24,규정,2530,제정,2022-06-24,2022-06-24,제정,1,9,4,1,0,1857,0,hwp5,olefile+zlib (BodyText PARA_TEXT),,ok,,2020-02-03 00:06:15,2022-06-23 05:46:54,62464,e799c0bb609c968b7687a6e6b442f63f,0,,text/8. 경북대학교 전기에너지미래기술연구센터 규정(규정 제2530호).txt
187,8. 경북대학교 정밀기계화학시스템융합연구소 규정(규정 제2635호).hwp,경북대학교 정밀기계화학시스템융합연구소 규정,규정,규정,2635,header,2023-10-27,규정,2635,제정,2023-10-27,2023-10-27,제정,1,9,4,1,0,1569,0,hwp5,olefile+zlib (BodyText PARA_TEXT),,ok,,2020-02-03 00:06:15,2024-02-27 04:38:39,70656,f53ade97a19cce8e90308cb85ff32947,0,,text/8. 경북대학교 정밀기계화학시스템융합연구소 규정(규정 제2635호).txt
188,8. 경북대학교 종양 가소성 연구센터 규정(규정 제2448호).hwp,경북대학교 종양 가소성 연구센터 규정,규정,규정,2448,header,2014-08-26,규정,1923,제정,2014-08-26,2021-08-02,개정,2,12,6,2,0,2535,0,hwp5,olefile+zlib (BodyText PARA_TEXT),,ok,,2020-02-03 00:06:15,2021-07-30 06:33:59,21504,312ed4970c459d5c1a73d92c671f44cb,0,,text/8. 경북대학교 종양 가소성 연구센터 규정(규정 제2448호).txt
189,8. 경북대학교 청원심의회 운영규정(규정 제2626호).hwp,경북대학교 청원심의회 운영규정,규정,규정,2626,header,2023-09-22,규정,2626,제정,2023-09-22,2023-09-22,제정,1,13,0,1,4,4239,0,hwp5,olefile+zlib (BodyText PARA_TEXT),,ok,,2020-02-03 00:06:15,2023-09-24 23:45:12,84992,0aed5c5fc250e83cc71e5a4e39cf2fef,0,,text/8. 경북대학교 청원심의회 운영규정(규정 제2626호).txt
190,8. 상주대학교 존속기간만료에 따른 경북대학교 특례편입학 등에 관한 규정(제2303호).hwp,상주대학교 존속기간 만료에 따른 경북대학교 특례 편입학 등에 관한 규정,규정,규정,2303,header,2011-07-08,규정,1703,제정,2011-07-08,2019-05-21,개정,2,13,0,3,4,8802,0,hwp5,olefile+zlib (BodyText PARA_TEXT),,ok,,2019-05-22 01:26:36,2019-05-22 02:01:21,35840,cb90556651ed9e90d1b899eb9f46af8e,0,,text/8. 상주대학교 존속기간만료에 따른 경북대학교 특례편입학 등에 관한 규정(제2303호).txt
191,9. 경북대학교 ICT융합 연구센터 규정(규정 제2560호).hwp,경북대학교 ICT융합 연구센터 규정,규정,규정,2560,header,2022-12-19,규정,2560,제정,2022-12-19,2022-12-19,제정,1,11,6,1,0,2258,0,hwp5,olefile+zlib (BodyText PARA_TEXT),,ok,,2020-02-03 00:06:15,2022-12-16 08:06:01,67072,151bdbff6dfcd67138deb0d5f2fff668,0,,text/9. 경북대학교 ICT융합 연구센터 규정(규정 제2560호).txt
192,9. 경북대학교 과학교육연구소 규정(규정 제2705호).hwp,경북대학교 과학교육연구소 규정,규정,규정,2705,header,2002-06-29,규정,1080,제정,2002-06-29,2024-08-28,개정,6,13,0,6,0,3043,0,hwp5,olefile+zlib (BodyText PARA_TEXT),,ok,,2000-09-27 04:54:31,2024-09-27 04:28:07,130560,03e625e209dc8bbcfd34b6d7373d2a88,0,,text/9. 경북대학교 과학교육연구소 규정(규정 제2705호).txt
193,9. 경북대학교 비선형동역학 수리응용센터 규정(규정 제2531호).hwp,경북대학교 비선형동역학 수리응용센터 규정,규정,규정,2531,header,2014-05-02,규정,1907,제정,2014-05-02,2022-06-24,개정,2,10,5,2,0,2439,0,hwp5,olefile+zlib (BodyText PARA_TEXT),,ok,,2020-02-03 00:06:15,2022-06-23 05:53:01,72704,357c707aa924f95c986840bc817f8801,0,,text/9. 경북대학교 비선형동역학 수리응용센터 규정(규정 제2531호).txt
194,9. 경북대학교 아시아연구소 규정(규정 제2347호).hwp,경북대학교 아시아연구소 규정,규정,규정,2347,header,2008-05-01,규정,1472,제정,2008-05-01,2020-03-27,개정,2,13,7,2,0,2189,0,hwp5,olefile+zlib (BodyText PARA_TEXT),,ok,,2020-03-17 01:07:30,2020-03-27 06:47:32,20992,6410fa9dd5ff79597e6046ea6b6825d6,0,,text/9. 경북대학교 아시아연구소 규정(규정 제2347호).txt
195,9. 경북대학교 인문학술원 언어정보연구센터 운영 지침(예규 제788호).hwp,경북대학교 인문학술원 언어정보연구센터 운영 지침,지침,예규,788,header,2020-05-14,예규,788,제정,2020-05-14,2020-05-14,제정,1,6,0,1,0,1062,0,hwp5,olefile+zlib (BodyText PARA_TEXT),,ok,,2019-03-28 03:59:04,2020-05-14 07:33:49,14848,fe0a7f0fe3e6da37b82464edcbccf98e,0,,text/9. 경북대학교 인문학술원 언어정보연구센터 운영 지침(예규 제788호).txt
196,9. 경북대학교 장수생활과학연구소 규정(규정 제2460호).hwp,경북대학교 장수생활과학연구소 규정,규정,규정,2460,header,2004-08-11,규정,1195,제정,2004-08-11,2021-10-06,개정,3,10,5,3,0,1596,4,hwp5,olefile+zlib (BodyText PARA_TEXT),,ok,,2020-02-03 00:06:15,2021-10-06 07:07:38,20992,c85ff562a51accd85e19134f1ee19715,0,,text/9. 경북대학교 장수생활과학연구소 규정(규정 제2460호).txt
197,9. 경북대학교 학점취득 특별시험 시행규정(제2304호).hwp,경북대학교 학점취득 특별시험 시행규정,규정,규정,2304,header,1976-02-16,규정,145,제정,1976-02-16,2019-05-21,개정,8,9,0,8,0,1737,0,hwp5,olefile+zlib (BodyText PARA_TEXT),,ok,,2019-05-22 01:27:05,2019-05-22 02:02:47,18944,9e70d07c5c58d4746a67f1e9f9307e6a,0,,text/9. 경북대학교 학점취득 특별시험 시행규정(제2304호).txt
198,"Jean-Marie Lehn상 시상지침(개정2007. 3. 7, 예규 제357호).hwp",경북대학교「Jean-Marie Lehn상」 시상 지침,지침,예규,357,header,2001-01-03,예규,241,제정,2001-01-03,2007-03-07,개정,2,7,0,2,0,864,0,hwp5,olefile+zlib (BodyText PARA_TEXT),,ok,,2007-02-07 02:27:59,2007-03-12 06:03:36,35838,0c484baef36a714b2981949a5735f4ee,0,,"text/Jean-Marie Lehn상 시상지침(개정2007. 3. 7, 예규 제357호).txt"
199,"KNU-LG전자 융합연구센터 규정(2016.6.27, 규정 제2039호).hwp",KNU-LG전자 융합연구센터 규정,규정,규정,2039,header,2016-06-27,규정,2039,제정,2016-06-27,2016-06-27,제정,1,14,6,1,0,2245,0,hwp5,olefile+zlib (BodyText PARA_TEXT),,ok,,2000-09-27 04:54:31,2016-06-28 02:20:16,19456,1d249fc8ddd9187886dbd80268c40d36,0,,"text/KNU-LG전자 융합연구센터 규정(2016.6.27, 규정 제2039호).txt"
200,경북대학교 1차 BTL생활관 성과평가위원회 운영지침(예규 제1062호).hwp,경북대학교 1차 BTL생활관 성과평가위원회 운영지침,운영지침,예규,1062,header,2011-04-13,예규,454,제정,2011-04-13,2025-03-06,개정,8,9,0,8,0,2680,0,hwp5,olefile+zlib (BodyText PARA_TEXT),,ok,,2012-01-06 06:40:13,2025-03-06 05:18:16,72192,5058842bc7140e03a4a699c73a87fa2a,0,,text/경북대학교 1차 BTL생활관 성과평가위원회 운영지침(예규 제1062호).txt
201,경북대학교 4단계 두뇌한국(BK)21 사업 관리 운영 지침(예규 제1063호).hwp,경북대학교 4단계 두뇌한국(BK)21 사업 관리 운영 지침,지침,예규,1063,header,2021-02-10,예규,824,제정,2021-02-10,2025-03-21,개정,5,18,4,5,0,6638,0,hwp5,olefile+zlib (BodyText PARA_TEXT),,ok,,2000-09-27 04:54:31,2025-03-25 01:44:56,63488,82f3201e163a133bf16f2536ed4b2ead,0,,text/경북대학교 4단계 두뇌한국(BK)21 사업 관리 운영 지침(예규 제1063호).txt
202,경북대학교 AIx바이오혁신연구거점사업단 규정(규정 제2874호).hwp,경북대학교 AIx바이오혁신연구거점사업단 규정,규정,규정,2874,header,2026-06-29,규정,2874,제정,2026-06-29,2026-06-29,제정,1,9,5,1,0,1584,0,hwp5,olefile+zlib (BodyText PARA_TEXT),,ok,,2026-06-19 08:56:30,2026-06-25 08:12:46,61952,b8457c226c349f975091b13eefb59889,0,,text/경북대학교 AIx바이오혁신연구거점사업단 규정(규정 제2874호).txt
203,경북대학교 AI부트캠프사업단 규정(규정 제2872호).hwp,경북대학교 AI부트캠프사업단 규정,규정,규정,2872,header,2026-06-29,규정,2872,제정,2026-06-29,2026-06-29,제정,1,11,5,1,0,2170,0,hwp5,olefile+zlib (BodyText PARA_TEXT),,ok,,2026-06-19 08:56:06,2026-06-23 02:02:25,61440,20ecf681fa06a0075f7001b980cdd22f,0,,text/경북대학교 AI부트캠프사업단 규정(규정 제2872호).txt
204,경북대학교 CCTV 설치·운영 지침(예규 제1126호).hwp,경북대학교 CCTV 설치․운영 지침,지침,예규,1126,header,2009-04-07,예규,408,제정,2009-04-07,2026-02-23,개정,4,16,4,4,2,5651,0,hwp5,olefile+zlib (BodyText PARA_TEXT),,ok,,2000-09-27 04:54:31,2026-02-22 23:53:41,140800,6482d629589f8fcb41ead5f2e40b10e4,0,,text/경북대학교 CCTV 설치·운영 지침(예규 제1126호).txt
205,경북대학교 G-램프(LAMP)사업단 교원 지원사업 선발 및 관리 지침(예규 제1144호).hwp,경북대학교 G-램프(LAMP)사업단 교원 지원사업 선발 및 관리 지침,지침,예규,1144,header,2026-08-06,예규,1144,제정,2026-08-06,2026-08-06,제정,1,11,0,1,7,6883,0,hwp5,olefile+zlib (BodyText PARA_TEXT),,ok,,2026-07-09 06:24:19,2026-08-05 01:09:32,77824,c233b3e31a2a6a8b4895b87a8329ef7f,0,,text/경북대학교 G-램프(LAMP)사업단 교원 지원사업 선발 및 관리 지침(예규 제1144호).txt
206,경북대학교 IB글로벌교육센터 운영 규정(규정 제2765호).hwp,경북대학교 IB글로벌교육센터 운영 규정,규정,규정,2765,header,2024-05-20,규정,2677,제정,2024-05-20,2025-02-28,개정,2,9,4,2,0,2289,0,hwp5,olefile+zlib (BodyText PARA_TEXT),,ok,,2020-02-03 00:06:15,2025-02-28 07:19:29,61440,11140e0da30e395957ad20617317e88c,0,,text/경북대학교 IB글로벌교육센터 운영 규정(규정 제2765호).txt
207,"경북대학교 IDEC지역센터 규정(규정 제2218호, 2018. 2. 23.)-전문.hwp",경북대학교 IDEC 지역센터 규정,규정,규정,2218,header,2002-06-29,규정,1082,제정,2002-06-29,2018-02-23,개정,2,12,5,2,0,2018,0,hwp5,olefile+zlib (BodyText PARA_TEXT),,ok,,2000-09-27 04:54:31,2018-02-24 08:24:43,19968,813504d339b9cd00f03a1cf03ad0f628,0,,"text/경북대학교 IDEC지역센터 규정(규정 제2218호, 2018. 2. 23.)-전문.txt"
208,경북대학교 IR센터 운영지침(예규 제1041호).hwp,경북대학교 IR센터 운영지침,운영지침,예규,1041,header,2022-04-01,예규,895,제정,2022-04-01,2024-12-31,개정,2,6,0,2,0,1295,0,hwp5,olefile+zlib (BodyText PARA_TEXT),,ok,,2019-04-05 08:27:13,2024-12-31 05:40:03,105984,d4335f49880d58f65092f858c015151b,0,,text/경북대학교 IR센터 운영지침(예규 제1041호).txt
209,경북대학교 IT와 법연구소 규정(개정 2012. 2. 29. 규정 제1772호).hwp,경북대학교 IT와 법연구소 규정,규정,규정,1772,header+filename,2005-11-28,,1274,제정,2005-11-28,2012-02-29,개정,3,9,0,3,0,2545,0,hwp5,olefile+zlib (BodyText PARA_TEXT),,ok,,2011-09-20 03:55:42,2012-02-29 04:55:46,1378302,4a86ce54372d09441b0bfd6e1eec330f,0,,text/경북대학교 IT와 법연구소 규정(개정 2012. 2. 29. 규정 제1772호).txt
210,"경북대학교 IT융복합글로벌인재양성센터 규정(제정, 2009.8.31, 규정 제1551호).hwp",경북대학교 IT융복합 글로벌 인재양성센터 규정,규정,규정,1551,header,2009-08-31,규정,1551,제정,2009-08-31,2009-08-31,제정,1,18,7,1,0,2630,0,hwp5,olefile+zlib (BodyText PARA_TEXT),,ok,,2000-09-27 04:54:31,2009-09-01 01:54:35,556030,b25b94fdd8c8f7f06e34c3794a325a84,0,,"text/경북대학교 IT융복합글로벌인재양성센터 규정(제정, 2009.8.31, 규정 제1551호).txt"
211,경북대학교 K-STAR 비자트랙 운영에 관한 지침(예규 1135호).hwp,경북대학교 K-STAR 비자트랙 운영에 관한 지침,지침,예규,1135,header,2026-05-21,예규,1135,제정,2026-05-21,2026-05-21,제정,1,8,0,1,0,2458,0,hwp5,olefile+zlib (BodyText PARA_TEXT),,ok,,2016-06-14 04:29:51,2026-05-21 07:34:14,66048,14e1526d66d46a8309fc1648fbaca859,0,,text/경북대학교 K-STAR 비자트랙 운영에 관한 지침(예규 1135호).txt
212,경북대학교 K-포용사회연구소 규정(규정 제2893호).hwp,경북대학교 K-포용사회연구소 규정,규정,규정,2893,header,2026-08-31,규정,2893,제정,2026-08-31,2026-08-31,제정,1,10,5,1,0,2058,0,hwp5,olefile+zlib (BodyText PARA_TEXT),,ok,,2026-08-18 07:38:12,2026-08-28 04:47:31,64512,d0284908f721eaa1419b57ebea856658,0,,text/경북대학교 K-포용사회연구소 규정(규정 제2893호).txt
213,경북대학교 ProfessorⅡ교수 운영에 관한 지침(예규 제1071호).hwp,경북대학교 ProfessorⅡ교수 운영에 관한 지침,지침,예규,1071,header,2025-04-25,예규,1071,제정,2025-04-25,2025-04-25,제정,1,8,0,1,4,3918,0,hwp5,olefile+zlib (BodyText PARA_TEXT),,ok,,2020-02-03 00:06:15,2025-04-25 07:49:30,77824,62453afa2e119de8f39bbae98816378c,0,,text/경북대학교 ProfessorⅡ교수 운영에 관한 지침(예규 제1071호).txt
214,경북대학교 XR 디스플레이 전략산학협력연구소 규정 제정(규정 제2809호).hwp,경북대학교 XR 디스플레이 전략산학협력연구소 규정,규정,규정,2809,header,2025-09-01,규정,2809,제정,2025-09-01,2025-09-01,제정,1,9,4,1,0,1460,0,hwp5,olefile+zlib (BodyText PARA_TEXT),,ok,,2025-08-20 23:17:27,2025-09-01 04:29:35,64000,86ca98cd8884d9ae481498b666c7d400,0,,text/경북대학교 XR 디스플레이 전략산학협력연구소 규정 제정(규정 제2809호).txt
215,경북대학교 간접비 등 관리 운영 지침(예규 제1141호).hwp,경북대학교 간접비 등 관리 운영 지침,지침,예규,1141,header,2007-05-08,예규,364,제정,2007-05-08,2026-07-29,개정,12,28,7,8,7,16180,0,hwp5,olefile+zlib (BodyText PARA_TEXT),머리말/꼬리말 문단 1개 본문에서 제외,ok,,2013-03-11 10:52:13,2026-07-28 21:48:56,157184,1e93fd41bae356aaf27eead1b1994d48,0,,text/경북대학교 간접비 등 관리 운영 지침(예규 제1141호).txt
216,경북대학교 강의료 지급 규정(규정 제2878호).hwp,경북대학교 강의료 지급 규정,규정,규정,2878,header,2003-01-16,규정,1107,제정,2003-01-16,2026-07-27,개정,18,8,0,18,0,5728,0,hwp5,olefile+zlib (BodyText PARA_TEXT),,ok,,2020-02-03 00:06:15,2026-07-27 06:46:56,68608,88c1bc7da8eac92cad1de662dd3ddc24,0,,text/경북대학교 강의료 지급 규정(규정 제2878호).txt
217,"경북대학교 건축도시공간연구소 규정(2015.7.1., 규정 제1983호).hwp",경북대학교 건축도시공간연구소 규정,규정,규정,1983,header,2015-07-01,규정,1983,제정,2015-07-01,2015-07-01,제정,1,9,4,1,0,1756,0,hwp5,olefile+zlib (BodyText PARA_TEXT),,ok,,2000-09-27 04:54:31,2015-07-01 02:00:14,22016,26d86dd856e485b4c440e244207f0bee,0,,"text/경북대학교 건축도시공간연구소 규정(2015.7.1., 규정 제1983호).txt"
218,경북대학교 건축학교육인증프로그램 운영 지침(예규 제1082호).hwp,경북대학교 건축학교육인증프로그램 운영 지침,지침,예규,1082,header,2025-06-30,예규,1082,제정,2025-06-30,2025-06-30,제정,1,6,0,1,5,8559,0,hwp5,olefile+zlib (BodyText PARA_TEXT),,ok,,2008-01-10 11:21:08,2025-06-30 08:04:21,91136,9457cc84f083a0150735534e7d1b527d,0,,text/경북대학교 건축학교육인증프로그램 운영 지침(예규 제1082호).txt
219,경북대학교 경북RISE사업단 운영 규정 제정(규정 제2820호).hwp,경북대학교 경북RISE사업단 운영 규정,규정,규정,2820,header,2025-09-26,규정,2820,제정,2025-09-26,2025-09-26,제정,1,16,6,1,0,2309,0,hwp5,olefile+zlib (BodyText PARA_TEXT),,ok,,2025-09-22 07:10:23,2025-09-26 01:53:26,61440,697739410e30dbe01fe7b5095c605cb4,0,,text/경북대학교 경북RISE사업단 운영 규정 제정(규정 제2820호).txt
220,경북대학교 경북RISE사업단 운영 지침(예규 제1113호).hwp,경북대학교 경북RISE사업단 운영 지침,지침,예규,1113,header,2025-11-13,예규,1113,제정,2025-11-13,2025-11-13,제정,1,10,5,1,0,2539,0,hwp5,olefile+zlib (BodyText PARA_TEXT),,ok,,2025-10-01 04:27:14,2025-11-24 07:19:29,67584,28fa73a3c0e9810d746bdbdd92252be6,0,,text/경북대학교 경북RISE사업단 운영 지침(예규 제1113호).txt
221,경북대학교 경북인문사회연구원 규정(규정 제2892호).hwp,경북대학교 경북인문사회연구원 규정,규정,규정,2892,header,2026-08-31,규정,2892,제정,2026-08-31,2026-08-31,제정,1,12,7,1,1,5155,0,hwp5,olefile+zlib (BodyText PARA_TEXT),,ok,,2026-08-18 08:05:55,2026-08-19 04:13:51,68608,914ac9d1a19f0e471d5d0825bace8f72,0,,text/경북대학교 경북인문사회연구원 규정(규정 제2892호).txt
222,"경북대학교 경제교육연구소 규정(규정 제2233호, 2018.7.1.)-전문.hwp",경북대학교 경제교육연구소 규정,규정,규정,2233,header,2018-07-01,규정,2233,제정,2018-07-01,2018-07-01,제정,1,10,5,1,0,1609,0,hwp5,olefile+zlib (BodyText PARA_TEXT),,ok,,2000-09-27 04:54:31,2018-07-02 01:00:45,19456,0bb4858dcf1e819d5285071bafdc7580,0,,"text/경북대학교 경제교육연구소 규정(규정 제2233호, 2018.7.1.)-전문.txt"
223,경북대학교 계약심의위원회 운영 지침(예규 제1115호).hwp,경북대학교 계약심의위원회 운영 지침,지침,예규,1115,header,2025-12-09,예규,1115,제정,2025-12-09,2025-12-09,제정,1,9,0,1,2,2782,0,hwp5,olefile+zlib (BodyText PARA_TEXT),머리말/꼬리말 문단 1개 본문에서 제외,ok,,2016-06-14 04:29:51,2025-12-09 00:06:58,68096,ab93c79d548be23a1455090d7916d3be,0,,text/경북대학교 계약심의위원회 운영 지침(예규 제1115호).txt
224,경북대학교 계약직원 규정(규정 제2743호).hwp,경북대학교 계약직원 규정,규정,규정,2743,header,2010-04-19,규정,1621,제정,2010-04-19,2024-12-30,개정,11,50,6,11,17,29132,0,hwp5,olefile+zlib (BodyText PARA_TEXT),,ok,,2020-02-03 00:06:15,2024-12-30 08:14:56,133120,6eb02b7babec43d14e53f9336d7b19a6,0,,text/경북대학교 계약직원 규정(규정 제2743호).txt
225,경북대학교 계약학과 등 운영 규정(규정 제2884호).hwp,경북대학교 계약학과 등 운영 규정,규정,규정,2884,header,2008-07-23,규정,1483,제정,2008-07-23,2026-07-27,개정,10,25,4,10,0,11357,0,hwp5,olefile+zlib (BodyText PARA_TEXT),,ok,,2020-02-03 00:06:15,2026-07-27 06:35:49,83456,a05f82249c31fe9305258a0048e43a8b,0,,text/경북대학교 계약학과 등 운영 규정(규정 제2884호).txt
226,경북대학교 계약학과 등 운영지침(예규 제992호).hwp,경북대학교 계약학과 등 운영지침,운영지침,예규,992,header,2009-03-10,,,제정,2009-03-10,2024-02-22,개정,10,11,0,8,17,15275,6,hwp5,olefile+zlib (BodyText PARA_TEXT),,ok,,2019-08-01 07:49:52,2025-12-10 01:20:24,113152,eb5ad4bbb1b50efa4874db331d698641,0,,text/경북대학교 계약학과 등 운영지침(예규 제992호).txt
227,경북대학교 계절수업에 관한 세칙(규정 제2778호).hwp,경북대학교 계절수업에 관한 세칙,세칙,규정,2778,header,1970-03-14,규정,58,제정,1970-03-14,2025-05-22,개정,10,7,0,10,0,1917,0,hwp5,olefile+zlib (BodyText PARA_TEXT),,ok,,2019-05-01 04:56:18,2025-05-22 08:21:57,61440,f9543a9889972b00fde48369df043b00,0,,text/경북대학교 계절수업에 관한 세칙(규정 제2778호).txt
228,경북대학교 계통진화유전체학연구소 규정(제정 2009. 4.21. 규정 제1536호).hwp,경북대학교 계통진화유전체학연구소 규정,규정,규정,1536,header,2009-04-21,규정,1536,제정,2009-04-21,2009-04-21,제정,1,10,0,1,0,1921,0,hwp5,olefile+zlib (BodyText PARA_TEXT),,ok,,2009-02-16 06:36:20,2009-04-27 02:13:50,684030,d21fd1f6acb8b11121f25b13d6a5999f,0,,text/경북대학교 계통진화유전체학연구소 규정(제정 2009. 4.21. 규정 제1536호).txt
229,경북대학교 고분자나노재료연구소 규정(제정 2011.12.16. 규정 제1751호).hwp,경북대학교 고분자나노재료 연구소 규정,규정,규정,1751,header,2011-12-16,규정,1751,제정,2011-12-16,2011-12-16,제정,1,9,4,1,0,1534,0,hwp5,olefile+zlib (BodyText PARA_TEXT),,ok,,2011-09-20 03:55:42,2011-12-18 23:59:40,947198,feeda6b7bc84a8e8b0d99448eeccf523,0,,text/경북대학교 고분자나노재료연구소 규정(제정 2011.12.16. 규정 제1751호).txt
230,경북대학교 공간 사용 규정(규정2817호).hwp,경북대학교 공간 사용 규정,규정,규정,2817,header,2006-03-29,규정,1294,제정,2006-03-29,2025-09-26,개정,11,20,4,11,0,6442,0,hwp5,olefile+zlib (BodyText PARA_TEXT),,ok,,2019-12-30 02:08:09,2025-09-26 01:52:27,72704,b606c74b385641d7ed68a6becaa5f96f,0,,text/경북대학교 공간 사용 규정(규정2817호).txt
231,경북대학교 공간사용지침(예규 제1118호).hwp,경북대학교 공간사용지침,지침,예규,1118,header,2018-09-27,예규,707,제정,2018-09-27,2025-12-22,개정,8,12,0,8,0,13167,0,hwp5,olefile+zlib (BodyText PARA_TEXT),,ok,,2007-07-26 08:47:53,2025-12-22 05:56:36,97280,05d0e1c605baed0a1467258bb20e40e6,0,,text/경북대학교 공간사용지침(예규 제1118호).txt
232,경북대학교 공개강좌 규정(규정 제2719호).hwp,경북대학교 공개강좌 규정,규정,규정,2719,header,1990-08-21,규정,575,제정,1990-08-21,2024-12-30,개정,9,13,0,9,0,4013,0,hwp5,olefile+zlib (BodyText PARA_TEXT),,ok,,2019-12-30 02:07:38,2024-12-27 06:27:26,55296,1072f983e0ae377e52485588bcdce057,0,,text/경북대학교 공개강좌 규정(규정 제2719호).txt
233,"경북대학교 공공문제연구소 규정(규정 제2210호, 2018. 2. 7.)-전문.hwp",경북대학교 공공문제연구소 규정,규정,규정,2210,header,2018-02-07,규정,2210,제정,2018-02-07,2018-02-07,제정,1,10,5,1,0,1430,0,hwp5,olefile+zlib (BodyText PARA_TEXT),,ok,,2000-09-27 04:54:31,2018-05-31 05:13:45,19456,99eb4fcc609f20cbf148c3ab0cb87486,0,,"text/경북대학교 공공문제연구소 규정(규정 제2210호, 2018. 2. 7.)-전문.txt"
234,"경북대학교 공동실험실습관 규정(규정제2177호, 2017.11.27.)-전문.hwp",경북대학교 공동실험실습관 규정,규정,규정,2177,header,1988-10-12,규정,536,제정,1988-10-12,2017-11-27,개정,12,20,7,12,0,4176,0,hwp5,olefile+zlib (BodyText PARA_TEXT),,ok,,2000-09-27 04:54:31,2017-12-04 06:42:37,34816,a7be309ac8e3571aa6726b595841ad98,0,,"text/경북대학교 공동실험실습관 규정(규정제2177호, 2017.11.27.)-전문.txt"
235,경북대학교 공익신고처리 및 신고자 보호에 관한 운영규정(규정 제2760호).hwp,경북대학교 공익신고처리 및 신고자보호에 관한 운영규정,규정,규정,2760,header,2025-02-28,규정,2760,제정,2025-02-28,2025-02-28,제정,1,33,5,1,0,18416,0,hwp5,olefile+zlib (BodyText PARA_TEXT),,ok,,2019-04-18 08:40:47,2025-02-28 07:17:15,100352,ef277962061d5927c22815a0a35da623,0,,text/경북대학교 공익신고처리 및 신고자 보호에 관한 운영규정(규정 제2760호).txt
236,경북대학교 공학교육인증프로그램 운영지침(예규 제1130호).hwp,경북대학교 공학교육인증프로그램 운영지침,운영지침,예규,1130,header,2006-10-30,예규,342,제정,2006-10-30,2026-04-06,개정,24,16,9,24,4,15030,0,hwp5,olefile+zlib (BodyText PARA_TEXT),,ok,,2015-05-20 01:17:05,2026-04-06 02:08:48,157184,8d4fcfdd4e173e9bc27772788098ff35,0,,text/경북대학교 공학교육인증프로그램 운영지침(예규 제1130호).txt
237,경북대학교 공학교육혁신센터 규정(규정 제2849호).hwp,경북대학교 공학교육혁신센터 규정,규정,규정,2849,header,2007-10-30,규정,1389,제정,2007-10-30,2026-02-27,개정,6,8,0,6,0,2746,0,hwp5,olefile+zlib (BodyText PARA_TEXT),,ok,,2000-09-27 04:54:31,2026-03-02 00:57:52,123392,cbf4a7a2599ae6574eb513c1232bc742,0,,text/경북대학교 공학교육혁신센터 규정(규정 제2849호).txt
238,경북대학교 과학영재교육원 규정(규정 제2807호).hwp,경북대학교 과학영재교육원 규정,규정,규정,2807,header,,,,개정,2007-05-25,2025-09-01,개정,7,22,6,7,0,5239,8,hwp5,olefile+zlib (BodyText PARA_TEXT),,ok,,2020-03-17 01:07:48,2025-09-01 00:50:01,62464,f27a65f41c432b5031333cd7d7ee916f,0,,text/경북대학교 과학영재교육원 규정(규정 제2807호).txt
239,경북대학교 교내 교통관리 규정 및 운영세칙(예규 제1003호).hwp,경북대학교 교내 교통관리규정 운영세칙,세칙,예규,1003,header,1996-04-16,예규,186,제정,1996-04-16,2024-05-08,개정,18,16,0,18,0,7635,0,hwp5,olefile+zlib (BodyText PARA_TEXT),,ok,,2017-08-10 07:38:32,2024-05-08 01:23:46,82432,baf4c0d0472e363af86b9debe61c2e32,0,,text/경북대학교 교내 교통관리 규정 및 운영세칙(예규 제1003호).txt
240,경북대학교 교내 교통관리규정(규정 제2741호).hwp,경북대학교 교내 교통관리 규정,규정,규정,2741,header,1996-03-19,규정,802,제정,1996-03-19,2024-12-30,개정,10,19,4,10,0,3676,0,hwp5,olefile+zlib (BodyText PARA_TEXT),,ok,,2020-02-03 00:06:15,2024-12-27 09:09:25,61440,a0a6f0ad035ebaad9761fec5c7ba84cf,0,,text/경북대학교 교내 교통관리규정(규정 제2741호).txt
241,경북대학교 교수아파트 관리규정(규정 제2764호).hwp,경북대학교 교수아파트 관리규정,규정,규정,2764,header,1984-01-01,규정,319,제정,1984-01-01,2025-02-28,전부개정,12,16,0,12,1,4816,0,hwp5,olefile+zlib (BodyText PARA_TEXT),,ok,,2019-04-04 05:31:51,2025-02-28 07:18:33,128512,61ad4dc6efb973f8cca7a57b56a57b5a,0,,text/경북대학교 교수아파트 관리규정(규정 제2764호).txt
242,경북대학교 교수업적평가 규정(규정 제2720호).hwp,경북대학교 교수업적평가 규정,규정,규정,2720,header,2004-11-12,규정,1215,제정,2004-11-12,2024-12-30,개정,5,12,4,5,0,2648,0,hwp5,olefile+zlib (BodyText PARA_TEXT),,ok,,2016-11-29 10:37:38,2024-12-27 06:27:40,110592,71b1e3be88454c4835ec1f4a813be24b,0,,text/경북대학교 교수업적평가 규정(규정 제2720호).txt
243,경북대학교 교수학습센터 규정(규정 제2762호).hwp,경북대학교 교수학습센터 규정,규정,규정,2762,header,2025-02-28,규정,2762,제정,2025-02-28,2025-02-28,제정,1,9,4,1,0,1075,0,hwp5,olefile+zlib (BodyText PARA_TEXT),,ok,,2019-04-18 08:40:47,2025-02-28 07:17:53,53760,5b190dd19aed05034e292633c6a295ff,0,,text/경북대학교 교수학습센터 규정(규정 제2762호).txt
244,경북대학교 교양교육과정 운영 지침(예규 제1050호).hwp,경북대학교 교양교육과정 운영 지침,지침,예규,1050,header,2019-06-21,예규,738,제정,2019-06-21,2024-12-31,개정,5,11,0,5,4,8193,0,hwp5,olefile+zlib (BodyText PARA_TEXT),,ok,,2019-04-18 08:40:47,2024-12-31 06:01:46,164352,599adb32dfb39beb35ba3bf79979d9f7,0,,text/경북대학교 교양교육과정 운영 지침(예규 제1050호).txt
245,경북대학교 교원 보직 임용 규정(규정 제2857호).hwp,경북대학교 교원 보직 임용 규정,규정,규정,2857,header,1993-08-01,규정,646,제정,1993-08-01,2026-04-27,개정,30,17,0,28,0,8420,0,hwp5,olefile+zlib (BodyText PARA_TEXT),,ok,,2020-02-03 00:06:15,2026-04-27 02:37:18,80384,506468c7a5994a4effe1c4b6b0b4adca,0,,text/경북대학교 교원 보직 임용 규정(규정 제2857호).txt
246,경북대학교 교원성과급적 연봉제를 위한 교수업적평가 지침(예규 제1117호).hwp,경북대학교 교원성과급적 연봉제를 위한 교수업적평가 지침,지침,예규,1117,header,2011-09-30,예규,460,제정,2011-09-30,2025-12-22,개정,15,37,6,15,39,31108,0,hwp5,olefile+zlib (BodyText PARA_TEXT),,ok,,2014-11-19 08:09:52,2025-12-21 06:01:41,144384,474fdad654ab5f0401cfe406136acd7d,0,,text/경북대학교 교원성과급적 연봉제를 위한 교수업적평가 지침(예규 제1117호).txt
247,경북대학교 교육 수요자 만족도 관리지침(예규 제1038호).hwp,경북대학교 교육 수요자 만족도 관리 지침,지침,예규,1038,header,2017-09-25,예규,654,제정,2017-09-25,2024-12-31,개정,4,11,4,4,0,2869,0,hwp5,olefile+zlib (BodyText PARA_TEXT),,ok,,2019-04-18 08:40:47,2024-12-31 06:52:03,59904,99de3bfd4b90f0c667a0bad5d2c2a2e8,0,,text/경북대학교 교육 수요자 만족도 관리지침(예규 제1038호).txt
248,경북대학교 교육공무원 등 임용 규정(규정 제2859호).hwp,경북대학교 교육공무원 등 임용 규정,규정,규정,2859,header,1992-01-14,규정,600,제정,1992-01-14,2026-04-27,미표기,33,49,7,28,26,40764,194,hwp5,olefile+zlib (BodyText PARA_TEXT),,ok,,2020-02-03 00:06:15,2026-04-27 02:41:47,172032,0807e725b78a064666df4e478db82e9c,0,,text/경북대학교 교육공무원 등 임용 규정(규정 제2859호).txt
249,경북대학교 교육과정 운영 및 이수에 관한 지침(예규 제1122호).hwp,경북대학교 교육과정 운영 및 이수에 관한 지침,지침,예규,1122,header,1989-08-02,예규,117,제정,1989-08-02,2026-01-14,개정,42,34,5,42,2,25463,0,hwp5,olefile+zlib (BodyText PARA_TEXT),,ok,,2021-02-04 05:17:46,2026-01-14 05:48:32,105472,bfa37217305b1f9596cd3bb79b368e80,0,,text/경북대학교 교육과정 운영 및 이수에 관한 지침(예규 제1122호).txt
250,경북대학교 교육과정 운영 및 이수에 관한 지침(예규 제1138호).hwp,경북대학교 교육과정 운영 및 이수에 관한 지침,지침,예규,1138,header,1989-08-02,예규,117,제정,1989-08-02,2026-06-17,개정,43,35,5,43,2,23570,0,hwp5,olefile+zlib (BodyText PARA_TEXT),,ok,,2021-02-04 05:17:46,2026-06-16 23:32:47,95232,efc7820259c9bb7b4f41c466b378f2bb,0,,text/경북대학교 교육과정 운영 및 이수에 관한 지침(예규 제1138호).txt
251,경북대학교 교육과정위원회 규정(규정 제2749호).hwp,경북대학교 교육과정위원회 규정,규정,규정,2749,header,1992-10-13,규정,627,제정,1992-10-13,2024-12-30,개정,9,7,0,9,0,1736,0,hwp5,olefile+zlib (BodyText PARA_TEXT),,ok,,2000-09-27 04:54:31,2024-12-27 09:47:49,56832,88fad1bd6ccbf0016b3d069ff521e524,0,,text/경북대학교 교육과정위원회 규정(규정 제2749호).txt
252,경북대학교 교직원 이해충돌 방지제도 운영지침(예규 제897호).hwp,경북대학교 교직원 이해충돌 방지제도 운영지침,운영지침,예규,897,header,2022-04-15,예규,897,제정,2022-04-15,2022-04-15,제정,1,20,0,1,16,23200,0,hwp5,olefile+zlib (BodyText PARA_TEXT),,ok,,2000-09-27 04:54:31,2022-04-15 00:25:25,141824,229eca00ab02023d4e41bd800e9e5534,0,,text/경북대학교 교직원 이해충돌 방지제도 운영지침(예규 제897호).txt
253,"경북대학교 교직원 직무관련 범죄고발지침(예규제650호,17.7.25.).hwp",경북대학교 교직원 직무관련 범죄고발지침,지침,예규,650,header,2014-11-05,예규,561,제정,2014-11-05,2017-07-25,개정,3,8,0,3,2,2659,0,hwp5,olefile+zlib (BodyText PARA_TEXT),,ok,,2000-09-27 04:54:31,2017-08-01 10:48:42,21504,b35017abaff58a7d2717a4e6bb299d02,0,,"text/경북대학교 교직원 직무관련 범죄고발지침(예규제650호,17.7.25.).txt"
254,경북대학교 교직원 행동강령(예규 제1093호).hwp,경북대학교 교직원 행동강령,기타,예규,1093,header,2003-11-10,예규,296,제정,2003-11-10,2025-09-03,개정,17,36,6,17,20,18455,0,hwp5,olefile+zlib (BodyText PARA_TEXT),,ok,,2016-07-11 11:42:34,2025-09-02 05:25:27,104960,877d2983aff272694e41e8f4438e8fc9,0,,text/경북대학교 교직원 행동강령(예규 제1093호).txt
255,경북대학교 국가연구개발사업 연구과제 보안관리 지침(예규 제1059호).hwp,경북대학교 국가연구개발사업 연구과제 보안관리 지침,지침,예규,1059,header,2007-09-05,예규,372,제정,2007-09-05,2025-02-12,개정,6,17,0,6,10,13801,0,hwp5,olefile+zlib (BodyText PARA_TEXT),,ok,,2007-07-26 08:47:53,2025-02-12 08:49:35,90112,0a8cc42162c13f7b6682851247a0330f,0,,text/경북대학교 국가연구개발사업 연구과제 보안관리 지침(예규 제1059호).txt
256,경북대학교 국립대학 육성사업 운영 지침(예규 제1133호).hwp,경북대학교 국립대학 육성사업 운영 지침,지침,예규,1133,header,2019-08-26,예규,748,제정,2019-08-26,2026-04-20,개정,8,11,5,8,0,3695,0,hwp5,olefile+zlib (BodyText PARA_TEXT),,ok,,2013-08-06 01:29:46,2026-04-20 00:19:02,103936,5d8facb012241fa4f0aa4e1625df709f,0,,text/경북대학교 국립대학 육성사업 운영 지침(예규 제1133호).txt
257,경북대학교 국외 타 대학 파견 학생 관리 지침(예규 제1043호).hwp,경북대학교 국외 타 대학 파견 학생 관리 지침,지침,예규,1043,header,2024-05-14,예규,1005,제정,2024-05-14,2024-12-31,개정,2,6,0,2,1,3144,0,hwp5,olefile+zlib (BodyText PARA_TEXT),,ok,,2017-01-09 05:08:10,2024-12-31 06:00:02,121344,0d7ec64db2672fbdb6d449002c42650f,0,,text/경북대학교 국외 타 대학 파견 학생 관리 지침(예규 제1043호).txt
258,경북대학교 국제교류자문위원회 지침(예규 제1044호).hwp,경북대학교 국제교류자문위원회 지침,지침,예규,1044,header,2017-11-07,예규,658,제정,2017-11-07,2024-12-31,개정,2,7,0,2,0,1065,0,hwp5,olefile+zlib (BodyText PARA_TEXT),,ok,,2009-10-12 01:40:52,2024-12-31 06:00:14,49152,de2f8a8e846969d79815e52fd75901c2,0,,text/경북대학교 국제교류자문위원회 지침(예규 제1044호).txt
259,"경북대학교 국제농업개발연구원 규정(2015.12.30., 규정제 2006호).hwp",경북대학교 국제개발연구원 규정,규정,규정,2006,header,1995-09-05,규정,765,제정,1995-09-05,2015-12-30,개정,5,11,6,5,0,2844,0,hwp5,olefile+zlib (BodyText PARA_TEXT),,ok,,2000-09-27 04:54:31,2015-12-30 07:41:16,25088,8042be3a3a514b7573ccf4377bc0ac57,0,,"text/경북대학교 국제농업개발연구원 규정(2015.12.30., 규정제 2006호).txt"
260,"경북대학교 국제재생의학연구소 규정(제정, 2009.8.31, 규정 제1556호).hwp",경북대학교 국제재생의학연구소 규정,규정,규정,1556,header,2009-08-31,규정,1556,제정,2009-08-31,2009-08-31,제정,1,9,4,1,0,1604,0,hwp5,olefile+zlib (BodyText PARA_TEXT),,ok,,2000-09-27 04:54:31,2009-09-01 01:55:32,501758,8e45994403d16516258de6d033846f2b,0,,"text/경북대학교 국제재생의학연구소 규정(제정, 2009.8.31, 규정 제1556호).txt"
261,경북대학교 국제학술교류협정 체결에 관한 지침(예규 제1045호).hwp,경북대학교 국제학술교류협정 체결에 관한 지침,지침,예규,1045,header,2017-11-07,예규,659,제정,2017-11-07,2024-12-31,개정,2,10,0,2,1,2436,0,hwp5,olefile+zlib (BodyText PARA_TEXT),,ok,,2009-10-12 01:40:52,2024-12-31 06:00:27,64512,7e2344a67d6b2eaedf941c31513320ed,0,,text/경북대학교 국제학술교류협정 체결에 관한 지침(예규 제1045호).txt
262,경북대학교 국제화위원회 규정(규정 제2740호).hwp,경북대학교 국제화위원회 규정,규정,규정,2740,header,2016-12-26,규정,2133,제정,2016-12-26,2024-12-30,개정,4,9,0,4,0,1510,0,hwp5,olefile+zlib (BodyText PARA_TEXT),,ok,,2020-05-04 08:04:11,2024-12-27 08:36:13,59392,435045370d00bec2003659edb2dbb4ef,0,,text/경북대학교 국제화위원회 규정(규정 제2740호).txt
263,경북대학교 규정 폐지에 관한 규정(규정 제2888호).hwp,경북대학교 규정 폐지에 관한 규정,규정,규정,2888,header,2001-04-03,규정,1025,제정,2001-04-03,2026-07-27,개정,56,2,0,60,0,12171,0,hwp5,olefile+zlib (BodyText PARA_TEXT),,ok,,2020-02-03 00:06:15,2026-07-27 02:26:08,70656,02b5c35a6e7fdca2b7445e9b383afd5c,0,,text/경북대학교 규정 폐지에 관한 규정(규정 제2888호).txt
264,"경북대학교 글로벌 기후변화 및 에너지 연구소 규정(2016.6.27, 규정 제2040호).hwp",경북대학교 글로벌 기후변화 및 에너지 연구소 규정,규정,규정,2040,header,2016-06-27,규정,2040,제정,2016-06-27,2016-06-27,제정,1,10,5,1,0,1784,0,hwp5,olefile+zlib (BodyText PARA_TEXT),,ok,,2000-09-27 04:54:31,2016-06-28 02:20:53,18432,1a02d136afad681f004e17d0cfed0e43,0,,"text/경북대학교 글로벌 기후변화 및 에너지 연구소 규정(2016.6.27, 규정 제2040호).txt"
265,경북대학교 글로벌리더십 교과목 학점인정 지침(예규 제1051호).hwp,경북대학교 글로벌리더십 교과목 학점인정 지침,지침,예규,1051,header,2021-06-25,예규,858,제정,2021-06-25,2024-12-31,개정,5,6,0,5,0,2426,0,hwp5,olefile+zlib (BodyText PARA_TEXT),,ok,,2016-06-14 04:29:51,2024-12-31 06:02:01,63488,d7dca903c0f53aa482a26748c57374b9,0,,text/경북대학교 글로벌리더십 교과목 학점인정 지침(예규 제1051호).txt
266,"경북대학교 글로벌인재학부 운영위원회 운영 지침(제정, 2010.5.31. 예규 제431호).hwp",경북대학교 글로벌인재학부 운영위원회 운영 지침,지침,예규,431,header,2010-05-31,예규,431,제정,2010-05-31,2010-05-31,제정,1,5,0,1,0,753,0,hwp5,olefile+zlib (BodyText PARA_TEXT),,ok,,2009-10-12 01:40:52,2010-05-31 06:54:18,28670,7529688e4586384d49e8d04555618910,0,,"text/경북대학교 글로벌인재학부 운영위원회 운영 지침(제정, 2010.5.31. 예규 제431호).txt"
267,경북대학교 글로벌인재학부 지도교수 운영 규정(제정 2012.5.31. 규정 제1784호).hwp,경북대학교 글로벌인재학부 지도교수 운영규정,규정,규정,1784,header,2012-05-31,규정,1784,제정,2012-05-31,2012-05-31,제정,1,6,0,1,0,927,0,hwp5,olefile+zlib (BodyText PARA_TEXT),,ok,,2012-05-14 10:20:39,2012-05-31 04:37:33,54270,f960132039d81a1682e1f13eaed1a3e1,0,,text/경북대학교 글로벌인재학부 지도교수 운영 규정(제정 2012.5.31. 규정 제1784호).txt
268,경북대학교 글로벌자율학부 운영 규정(규정 제2894호).hwp,경북대학교 글로벌자율학부 운영 규정,규정,규정,2894,header,2026-08-31,규정,2894,제정,2026-08-31,2026-08-31,제정,1,8,0,1,0,991,0,hwp5,olefile+zlib (BodyText PARA_TEXT),,ok,,2026-07-22 05:55:37,2026-08-28 04:47:53,54272,a0251825c8b51f48166791e83e909dc3,0,,text/경북대학교 글로벌자율학부 운영 규정(규정 제2894호).txt
269,경북대학교 글로벌자율학부 학생 학과 선택 지침(예규 제1148호).hwp,경북대학교 글로벌자율학부 학생 학과 선택 지침,지침,예규,1148,header,2026-09-04,예규,1148,제정,2026-09-04,2026-09-04,제정,1,7,0,1,0,1430,0,hwp5,olefile+zlib (BodyText PARA_TEXT),,ok,,2019-04-18 08:40:47,2026-09-04 01:33:46,62976,4e70747dd3ef5ea81fb5f8c7bce50936,0,,text/경북대학교 글로벌자율학부 학생 학과 선택 지침(예규 제1148호).txt
270,경북대학교 글로벌플라자·대강당 운영규정(규정 제2825호).hwp,경북대학교 글로벌플라자․대강당 운영규정,규정,규정,2825,header,2017-11-27,규정,2181,제정,2017-11-27,2025-09-26,개정,5,8,3,5,0,2075,0,hwp5,olefile+zlib (BodyText PARA_TEXT),,ok,,2020-03-17 01:08:01,2025-09-26 01:57:08,57856,b10bd54205605a2abc954faf9bc9cc4f,0,,text/경북대학교 글로벌플라자·대강당 운영규정(규정 제2825호).txt
271,경북대학교 글로컬대학사업 운영 규정(규정 제2768호).hwp,경북대학교 글로컬대학사업 운영 규정,규정,규정,2768,header,2025-03-31,규정,2768,제정,2025-03-31,2025-03-31,제정,1,21,3,1,0,3334,0,hwp5,olefile+zlib (BodyText PARA_TEXT),,ok,,2020-02-03 00:06:15,2025-03-31 05:00:33,67584,fc1022217404b7f9587224db28d01cfb,0,,text/경북대학교 글로컬대학사업 운영 규정(규정 제2768호).txt
272,경북대학교 기계연구소 규정(개정 2012. 2. 29. 규정 제1774호).hwp,경북대학교 기계연구소 규정,규정,규정,1774,header,1996-12-30,규정,847,제정,1996-12-30,2012-02-29,개정,3,10,6,3,0,2491,0,hwp5,olefile+zlib (BodyText PARA_TEXT),,ok,,2011-09-20 03:55:42,2012-02-29 04:54:32,1378302,51603ac1e15847769384714e66a63c7d,0,,text/경북대학교 기계연구소 규정(개정 2012. 2. 29. 규정 제1774호).txt
273,경북대학교 기금교수 등 임용 규정(규정 제2829호).hwp,경북대학교 기금교수 등 임용 규정,규정,규정,2829,header,2008-02-29,규정,1417,제정,2008-02-29,2025-10-27,개정,16,59,9,15,4,20513,8,hwp5,olefile+zlib (BodyText PARA_TEXT),,ok,,2020-02-03 00:06:15,2025-11-11 06:36:12,103424,7593847e5be4fb7904483daa69d9fcce,0,,text/경북대학교 기금교수 등 임용 규정(규정 제2829호).txt
274,경북대학교 기록물관리 규정(규정 제2895호).hwp,경북대학교 기록물관리 규정,규정,규정,2895,header,2016-06-27,규정,2044,제정,2016-06-27,2026-08-31,전부개정,2,25,6,1,0,6760,0,hwp5,olefile+zlib (BodyText PARA_TEXT),,ok,,2000-09-27 04:54:31,2026-08-28 05:07:17,137728,860938cb4fda7b6b26e4752c9f158726,0,,text/경북대학교 기록물관리 규정(규정 제2895호).txt
275,경북대학교 기업기술경영지원센터 규정(제정 2011.1.28. 규정 제1678호).hwp,경북대학교 기업기술경영지원센터 규정,규정,규정,1678,header,2011-01-28,규정,1678,제정,2011-01-28,2011-01-28,제정,1,10,5,1,0,1590,0,hwp5,olefile+zlib (BodyText PARA_TEXT),,ok,,2009-10-12 01:40:52,2011-01-28 09:10:49,445438,09ade513297fa397ba4b4603691ae90e,0,,text/경북대학교 기업기술경영지원센터 규정(제정 2011.1.28. 규정 제1678호).txt
276,경북대학교 기초보호학문진흥위원회 규정(규정 제2735호).hwp,경북대학교 기초‧보호학문진흥위원회 규정,규정,규정,2735,header,2022-06-24,규정,2528,제정,2022-06-24,2024-12-30,제정,2,9,0,2,0,1310,0,hwp5,olefile+zlib (BodyText PARA_TEXT),,ok,,2020-02-03 00:06:15,2024-12-27 08:16:52,60928,25eeeaf86999a9d0da70b47aabaad213,0,,text/경북대학교 기초보호학문진흥위원회 규정(규정 제2735호).txt
277,경북대학교 기초학문융합연구원 규정(규정 제2783호).hwp,경북대학교 기초학문융합연구원 규정,규정,규정,2783,header,2025-05-22,규정,2783,제정,2025-05-22,2025-05-22,제정,1,10,5,1,0,1586,0,hwp5,olefile+zlib (BodyText PARA_TEXT),,ok,,2025-05-20 09:01:38,2025-05-22 08:23:20,63488,815ac7039a1c27a690db3c0373424b0a,0,,text/경북대학교 기초학문융합연구원 규정(규정 제2783호).txt
278,경북대학교 기획위원회 규정(규정 제2818호).hwp,경북대학교 기획위원회 규정,규정,규정,2818,header,1991-05-15,규정,589,제정,1991-05-15,2025-09-26,개정,13,7,0,13,0,2212,0,hwp5,olefile+zlib (BodyText PARA_TEXT),,ok,,2020-02-03 00:06:15,2025-09-26 01:52:47,56320,47a78ad1fc4db40360c6162e184fce0f,0,,text/경북대학교 기획위원회 규정(규정 제2818호).txt
279,"경북대학교 나노포토닉스응용연구소 규정(규정 제2063호, 16.11.3)-전문.hwp",경북대학교 나노포토닉스응용연구소 규정,규정,규정,2063,header,2016-11-03,규정,2063,제정,2016-11-03,2016-11-03,제정,1,10,5,1,0,1628,0,hwp5,olefile+zlib (BodyText PARA_TEXT),,ok,,2000-09-27 04:54:31,2016-11-03 14:11:54,18432,94845487d6fbc4a8117221989f460c12,0,,"text/경북대학교 나노포토닉스응용연구소 규정(규정 제2063호, 16.11.3)-전문.txt"
280,"경북대학교 농산물품질안정성평가연구소 규정(개정, 2008.12.2. 규정 제1511호).hwp",경북대학교 농산물품질·안전성평가연구소 규정,규정,규정,1511,header,1997-05-13,규정,867,제정,1997-05-13,2008-12-02,개정,2,11,6,2,0,2298,0,hwp5,olefile+zlib (BodyText PARA_TEXT),,ok,,2008-11-18 08:42:47,2008-12-03 06:08:22,334846,2d9b2a60d63a80d79fadbf0edfe184f1,0,,"text/경북대학교 농산물품질안정성평가연구소 규정(개정, 2008.12.2. 규정 제1511호).txt"
281,"경북대학교 농산업창업지원센터 규정(규정제2178호, 2017.11.27.)-전문.hwp",경북대학교 농산업창업지원센터 규정,규정,규정,2178,header,2017-11-27,규정,2178,제정,2017-11-27,2017-11-27,제정,1,11,5,1,0,2239,0,hwp5,olefile+zlib (BodyText PARA_TEXT),,ok,,2000-09-27 04:54:31,2017-12-04 06:44:30,20480,3cc59325d3024f7d0acaa6890f202845,0,,"text/경북대학교 농산업창업지원센터 규정(규정제2178호, 2017.11.27.)-전문.txt"
282,"경북대학교 농업과학기술연구소 규정(개정,2009.11.23, 규정 제1566호).hwp",경북대학교 농업과학기술연구소 규정,규정,규정,1566,header,1984-01-01,규정,318,제정,1984-01-01,2009-11-23,개정,11,8,5,11,0,2368,0,hwp5,olefile+zlib (BodyText PARA_TEXT),,ok,,2009-10-12 01:40:52,2009-11-23 00:48:40,450558,6141f85ddd0077dbb3294382741741a5,0,,"text/경북대학교 농업과학기술연구소 규정(개정,2009.11.23, 규정 제1566호).txt"
283,경북대학교 뇌수술로봇시스템연구소 규정(규정 제2397호).hwp,경북대학교 뇌수술로봇시스템연구소 규정,규정,규정,2397,header,2013-06-11,규정,1850,제정,2013-06-11,2020-12-29,개정,2,10,5,2,0,1908,0,hwp5,olefile+zlib (BodyText PARA_TEXT),,ok,,2020-12-29 08:47:30,2026-08-21 05:21:31,64000,46e03652670687e1ea03a211cc2ff76f,0,,text/경북대학교 뇌수술로봇시스템연구소 규정(규정 제2397호).txt
284,경북대학교 다양성위원회 운영규정(규정 제2738호).hwp,경북대학교 다양성위원회 운영 규정,규정,규정,2738,header,2021-08-02,규정,2449,제정,2021-08-02,2024-12-30,개정,3,9,0,3,0,1896,0,hwp5,olefile+zlib (BodyText PARA_TEXT),,ok,,2020-02-03 00:06:15,2024-12-27 08:28:09,71680,20ef65c3ac3297454d9f621abbf42c2e,0,,text/경북대학교 다양성위원회 운영규정(규정 제2738호).txt
285,경북대학교 당직규정(개정 2013.10.31. 규정 제1883호).hwp,경북대학교 당직 규정,규정,규정,1883,header,1972-07-01,규정,93,제정,1972-07-01,2013-10-31,개정,7,13,0,7,0,3785,0,hwp5,olefile+zlib (BodyText PARA_TEXT),,ok,,2007-07-26 08:47:53,2013-11-03 10:37:45,39936,dac4ca1ed6410af7604f6c956c8ebc80,0,,text/경북대학교 당직규정(개정 2013.10.31. 규정 제1883호).txt
286,경북대학교 대경권 국토교통기술 지역거점센터 규정(규정 제2333호).hwp,경북대학교 대경권 국토교통기술 지역거점센터 규정,규정,규정,2333,header,2014-08-26,규정,1924,제정,2014-08-26,2019-12-31,개정,3,15,7,3,0,2895,0,hwp5,olefile+zlib (BodyText PARA_TEXT),,ok,,2019-06-04 00:04:05,2019-12-31 04:23:00,20480,f5e2d943cbcd7a98a6f9951ab3615348,0,,text/경북대학교 대경권 국토교통기술 지역거점센터 규정(규정 제2333호).txt
287,경북대학교 대경권 블루골드 클러스터 구축사업단 운영 규정(제정 2011.2.28. 규정 제1691호).hwp,경북대학교 대경권 블루골드 클러스터 구축사업단 운영 규정,규정,규정,1691,header,2011-02-28,규정,1691,제정,2011-02-28,2011-02-28,제정,1,20,7,1,0,3455,3,hwp5,olefile+zlib (BodyText PARA_TEXT),,ok,,2009-10-12 01:40:52,2011-02-27 07:31:03,903166,f0cd4ea844d377d995209b35bc034dce,0,,text/경북대학교 대경권 블루골드 클러스터 구축사업단 운영 규정(제정 2011.2.28. 규정 제1691호).txt
288,경북대학교 대구앵커사업단 운영 규정(규정 제2882호).hwp,경북대학교 대구앵커사업단 운영 규정,규정,규정,2882,header,2025-05-22,규정,2780,제정,2025-05-22,2026-07-27,개정,2,16,6,2,0,3172,0,hwp5,olefile+zlib (BodyText PARA_TEXT),,ok,,2025-05-20 08:58:47,2026-07-27 04:30:36,61440,29227a95e75c4fa944ab47fea1df270b,0,,text/경북대학교 대구앵커사업단 운영 규정(규정 제2882호).txt
289,경북대학교 대구앵커사업단 운영 지침(예규 제1139호).hwp,경북대학교 대구앵커사업단 운영 지침,지침,예규,1139,header,2025-09-18,예규,1099,제정,2025-09-18,2026-07-29,개정,2,9,4,2,0,2277,0,hwp5,olefile+zlib (BodyText PARA_TEXT),,ok,,2019-04-18 08:40:47,2026-07-28 21:26:10,62976,ded1812a30367cc1656a1d015f2c3874,0,,text/경북대학교 대구앵커사업단 운영 지침(예규 제1139호).txt
290,경북대학교 대구앵커사업단 장비 및 기자재 구입 심의 운영 지침(예규 제1145호).hwp,경북대학교 대구앵커사업단 장비 및 기자재 구입 심의 운영지침,운영지침,예규,1145,header,2025-07-31,예규,1088,제정,2025-07-31,2026-08-06,개정,3,9,0,3,0,24028,13,hwp5,olefile+zlib (BodyText PARA_TEXT),,ok,,2021-09-15 04:40:49,2026-08-06 00:42:26,153088,e5c280b916abe689a449e51f8765f0ca,0,,text/경북대학교 대구앵커사업단 장비 및 기자재 구입 심의 운영 지침(예규 제1145호).txt
291,경북대학교 대구약령시 RIS사업단 규정(제정 2011.11.14. 규정 제1737호).hwp,경북대학교 대구약령시 RIS사업단 규정,규정,규정,1737,header,2011-11-14,규정,1737,제정,2011-11-14,2011-11-14,제정,1,37,7,1,0,10696,0,hwp5,olefile+zlib (BodyText PARA_TEXT),,ok,,2011-09-20 03:55:42,2011-11-14 02:43:49,415742,a40e82acbd982d48db0ef5ee8140447e,0,,text/경북대학교 대구약령시 RIS사업단 규정(제정 2011.11.14. 규정 제1737호).txt
292,경북대학교 대기원격탐사연구소 규정(제정 2011.7.8. 규정 제1711호).hwp,경북대학교 대기원격탐사연구소 규정,규정,규정,1711,header,2011-07-08,규정,1711,제정,2011-07-08,2011-07-08,제정,1,9,4,1,0,1669,0,hwp5,olefile+zlib (BodyText PARA_TEXT),,ok,,2009-10-12 01:40:52,2011-07-07 10:18:23,570366,21ae9196b43d285d402f504036b074ab,0,,text/경북대학교 대기원격탐사연구소 규정(제정 2011.7.8. 규정 제1711호).txt
293,경북대학교 대사질환 및 노화연구소 규정(제정 2009. 4.21. 규정 제1537호).hwp,경북대학교 대사질환 및 노화연구소 규정,규정,규정,1537,header,2009-04-21,규정,1537,제정,2009-04-21,2009-04-21,제정,1,10,5,1,0,1514,4,hwp5,olefile+zlib (BodyText PARA_TEXT),,ok,,2009-02-16 06:36:20,2009-04-27 02:29:24,684030,4c02f77168026fe98ce299a3c736cdad,0,,text/경북대학교 대사질환 및 노화연구소 규정(제정 2009. 4.21. 규정 제1537호).txt
294,경북대학교 대학기록관 규정(규정 제2896호).hwp,경북대학교 대학기록관 규정,규정,규정,2896,header,2000-08-05,규정,1003,제정,2000-08-05,2026-08-31,전부개정,6,38,8,1,0,7020,0,hwp5,olefile+zlib (BodyText PARA_TEXT),,ok,,2000-09-27 04:54:31,2026-08-28 05:07:08,61440,5d128fd1a33c523ba88fc147aa66bc0f,0,,text/경북대학교 대학기록관 규정(규정 제2896호).txt
295,"경북대학교 대학원 수료생의 학위취득을 위한 등록에 관한 세칙(2016.3.29., 제2017호).hwp",경북대학교 대학원 수료생의 학위취득을 위한 등록에 관한 세칙,세칙,규정,2017,header,1996-08-22,규정,823,제정,1996-08-22,2016-03-29,개정,6,9,0,6,0,1434,0,hwp5,olefile+zlib (BodyText PARA_TEXT),,ok,,2000-09-27 04:54:31,2016-03-30 00:43:42,16896,2cec6921642e549359282c0cc2d3f68c,0,,"text/경북대학교 대학원 수료생의 학위취득을 위한 등록에 관한 세칙(2016.3.29., 제2017호).txt"
296,경북대학교 대학원 융합전공 운영 규정(규정 제2866호).hwp,경북대학교 대학원 융합전공 운영 규정,규정,규정,2866,header,2023-07-21,규정,2610,제정,2023-07-21,2026-05-29,개정,4,12,0,4,3,3875,0,hwp5,olefile+zlib (BodyText PARA_TEXT),,ok,,2020-02-03 00:06:15,2026-05-19 06:25:42,76800,3206496e95d54876012b8678cada1977,0,,text/경북대학교 대학원 융합전공 운영 규정(규정 제2866호).txt
297,경북대학교 대학원 학과간협동과정 설치 및 운영 등에 관한 규정(규정 제2815호).hwp,경북대학교 대학원 학과간협동과정 설치 및 운영 등에 관한 규정,규정,규정,2815,header,2013-06-18,규정,1856,제정,2013-06-18,2025-09-26,개정,5,8,0,5,0,2962,0,hwp5,olefile+zlib (BodyText PARA_TEXT),,ok,,2020-02-03 00:06:15,2025-09-26 01:51:41,66560,74d293996f41f2a42c4e7241582728c7,0,,text/경북대학교 대학원 학과간협동과정 설치 및 운영 등에 관한 규정(규정 제2815호).txt
298,"경북대학교 대학원생 교육 및 연구조교 장학금 운영에 관한 지침(제정 2014.3.1, 예규 제542호).hwp",경북대학교 대학원생 교육조교 및 연구조교 장학금 운영에 관한 지침,지침,예규,542,header,2014-03-01,예규,542,제정,2014-03-01,2014-03-01,제정,1,9,0,1,0,1100,0,hwp5,olefile+zlib (BodyText PARA_TEXT),,ok,,2011-10-12 01:46:49,2014-02-26 11:28:54,28160,83d7cedc7474eb42655532e32efc723f,0,,"text/경북대학교 대학원생 교육 및 연구조교 장학금 운영에 관한 지침(제정 2014.3.1, 예규 제542호).txt"
299,"경북대학교 대학원생 권리장전(2015.12.18., 예규 제586호).hwp",경북대학교 대학원생 권리장전,기타,예규,586,header,2015-12-18,예규,586,제정,2015-12-18,2015-12-18,제정,1,18,3,1,0,2866,0,hwp5,olefile+zlib (BodyText PARA_TEXT),,ok,,2012-02-10 10:57:07,2015-12-18 00:17:58,16384,bf36451fd2e9af40212421a8a1c881f6,0,,"text/경북대학교 대학원생 권리장전(2015.12.18., 예규 제586호).txt"
300,경북대학교 대학원운영위원회 지침(예규 제1081호).hwp,경북대학교 대학원운영위원회 지침,지침,예규,1081,header,2020-12-23,예규,812,제정,2020-12-23,2025-06-19,개정,2,5,0,2,0,802,0,hwp5,olefile+zlib (BodyText PARA_TEXT),,ok,,2013-04-29 06:55:38,2025-06-19 07:16:44,43008,4b0d07bb280c60e38456403f1fff8fdd,0,,text/경북대학교 대학원운영위원회 지침(예규 제1081호).txt
301,경북대학교 대학평의원회 규정(규정 제2847호).hwp,경북대학교 대학평의원회 규정,규정,규정,2847,header,2019-04-05,규정,2284,제정,2019-04-05,2026-02-27,개정,3,16,4,3,0,3232,0,hwp5,olefile+zlib (BodyText PARA_TEXT),,ok,,2020-02-03 00:06:15,2026-03-02 00:47:01,61440,74f4440087662821abd4cc4f354cf9d2,0,,text/경북대학교 대학평의원회 규정(규정 제2847호).txt
302,경북대학교 대학혁신위원회 규정(규정 제2819호).hwp,경북대학교 대학혁신위원회 규정,규정,규정,2819,header,2023-02-27,규정,2569,제정,2023-02-27,2025-09-26,제정,3,7,0,3,0,1118,0,hwp5,olefile+zlib (BodyText PARA_TEXT),,ok,,2020-02-03 00:06:15,2025-09-26 01:53:11,105984,8eb3ef8b9b6d123547a599f31a1a3402,0,,text/경북대학교 대학혁신위원회 규정(규정 제2819호).txt
303,"경북대학교 대학회계 조교 운영 지침(2015.3.31, 예규 제569호).hwp",경북대학교 대학회계 조교 운영 지침,지침,예규,569,header,2015-03-31,예규,569,제정,2015-03-31,2015-03-31,제정,1,7,0,1,0,611,0,hwp5,olefile+zlib (BodyText PARA_TEXT),,ok,,2014-10-28 06:53:43,2015-03-31 10:52:03,13312,8019793882e960b78ee9be485ccc3296,0,,"text/경북대학교 대학회계 조교 운영 지침(2015.3.31, 예규 제569호).txt"
304,"경북대학교 대학회계직원 등 징계위원회 규정(규정 제2156호, 2017.7.18.)-전문.hwp",경북대학교 대학회계직원 등 징계위원회 규정,규정,규정,2156,header,2017-07-18,규정,2156,제정,2017-07-18,2017-07-18,제정,1,7,0,1,0,921,0,hwp5,olefile+zlib (BodyText PARA_TEXT),,ok,,2000-09-27 04:54:31,2017-07-18 09:55:29,17408,285f466b1df45a6609ada8980402d887,0,,"text/경북대학교 대학회계직원 등 징계위원회 규정(규정 제2156호, 2017.7.18.)-전문.txt"
305,경북대학교 도서관 규정(규정 제2826호).hwp,경북대학교 도서관 규정,규정,규정,2826,header,1966-12-01,규정,34,제정,1966-12-01,2025-09-26,개정,25,43,9,6,0,8614,0,hwp5,olefile+zlib (BodyText PARA_TEXT),,ok,,2020-07-08 00:50:44,2025-09-26 01:57:31,127488,e575926f2b384d2a525b6783762e7d4c,0,,text/경북대학교 도서관 규정(규정 제2826호).txt
306,경북대학교 동물실험윤리위원회 규정(규정 제2899호).hwp,경북대학교 동물실험윤리위원회 규정,규정,규정,2899,header,2008-07-23,규정,1484,제정,2008-07-23,2026-08-31,개정,9,18,0,9,0,28690,0,hwp5,olefile+zlib (BodyText PARA_TEXT),,ok,,2020-02-03 00:06:15,2026-08-28 05:39:04,142336,e51e13a1681ddc0cf4bd2b325ca613db,0,,text/경북대학교 동물실험윤리위원회 규정(규정 제2899호).txt
307,경북대학교 동서사상연구소 규정 (규정 제2811호).hwp,경북대학교 동서사상연구소 규정,규정,규정,2811,header,2025-09-01,규정,2811,제정,2025-09-01,2025-09-01,제정,1,11,6,1,0,2468,0,hwp5,olefile+zlib (BodyText PARA_TEXT),,ok,,2025-08-20 23:18:08,2025-09-01 00:51:03,129536,5c45ded0e5d712fd8de3fc444f489627,0,,text/경북대학교 동서사상연구소 규정 (규정 제2811호).txt
308,"경북대학교 러시아유라시아 연구소 규정(규정 제2061호,16.11.3)-전문.hwp",경북대학교 러시아·유라시아 연구소 규정,규정,규정,2061,header,2016-11-03,규정,2061,제정,2016-11-03,2016-11-03,제정,1,13,7,1,0,2320,0,hwp5,olefile+zlib (BodyText PARA_TEXT),,ok,,2000-09-27 04:54:31,2016-11-03 13:57:41,19968,d2900c4747ae247d1b2f35280f33717e,0,,"text/경북대학교 러시아유라시아 연구소 규정(규정 제2061호,16.11.3)-전문.txt"
309,경북대학교 로봇부트캠프사업단 규정(규정 제2873호).hwp,경북대학교 로봇부트캠프사업단 규정,규정,규정,2873,header,2026-06-29,규정,2873,제정,2026-06-29,2026-06-29,제정,1,10,5,1,0,1770,2,hwp5,olefile+zlib (BodyText PARA_TEXT),,ok,,2026-06-19 08:56:18,2026-06-23 02:03:20,66048,c13ac3a7ecb7ff30930569bc71f9cef0,0,,text/경북대학교 로봇부트캠프사업단 규정(규정 제2873호).txt
310,"경북대학교 로봇산업진흥센터 규정(제정, 2009.2.27. 규정 제1526호).hwp",경북대학교 로봇산업진흥센터 규정,규정,규정,1526,header,2009-02-27,규정,1526,제정,2009-02-27,2009-02-27,제정,1,15,6,1,0,2316,0,hwp5,olefile+zlib (BodyText PARA_TEXT),,ok,,2007-08-08 01:32:05,2009-03-02 02:36:26,60414,b1170951c740e9aa6d68c643e8ec79cb,0,,"text/경북대학교 로봇산업진흥센터 규정(제정, 2009.2.27. 규정 제1526호).txt"
311,"경북대학교 마이크로그리드연구센터 규정(제정, 2010.04.19 규정 제1624호).hwp",경북대학교 마이크로그리드연구센터 규정,규정,규정,1624,header,2010-04-19,규정,1624,제정,2010-04-19,2010-04-19,제정,1,15,6,1,0,1662,0,hwp5,olefile+zlib (BodyText PARA_TEXT),,ok,,2009-10-12 01:40:52,2010-04-19 08:51:41,466942,633a0147f3e3161c919b0cd8da3ec357,0,,"text/경북대학교 마이크로그리드연구센터 규정(제정, 2010.04.19 규정 제1624호).txt"
312,"경북대학교 멀티스케일 유무기 구조물 자율진단기술 연구소 규정(규정 제2224호, 2018.5.28.) - 전문 (1).hwp",경북대학교 멀티스케일 유·무기 구조물 자율진단 기술연구소 규정,규정,규정,2224,header,2018-05-28,규정,2224,제정,2018-05-28,2018-05-28,제정,1,10,5,1,0,1689,0,hwp5,olefile+zlib (BodyText PARA_TEXT),,ok,,2000-09-27 04:54:31,2018-05-28 01:56:31,20992,388eac266b9b6a68bd7c33f415d4831f,1,"경북대학교 멀티스케일 유무기 구조물 자율진단기술 연구소 규정(규정 제2224호, 2018.5.28.) - 전문.hwp","text/경북대학교 멀티스케일 유무기 구조물 자율진단기술 연구소 규정(규정 제2224호, 2018.5.28.) - 전문 (1).txt"
313,"경북대학교 멀티스케일 유무기 구조물 자율진단기술 연구소 규정(규정 제2224호, 2018.5.28.) - 전문.hwp",경북대학교 멀티스케일 유·무기 구조물 자율진단 기술연구소 규정,규정,규정,2224,header,2018-05-28,규정,2224,제정,2018-05-28,2018-05-28,제정,1,10,5,1,0,1689,0,hwp5,olefile+zlib (BodyText PARA_TEXT),,ok,,2000-09-27 04:54:31,2018-05-28 01:56:31,20992,388eac266b9b6a68bd7c33f415d4831f,0,,"text/경북대학교 멀티스케일 유무기 구조물 자율진단기술 연구소 규정(규정 제2224호, 2018.5.28.) - 전문.txt"
314,경북대학교 메디바이오 핵심연구지원센터 규정(규정 제2821호).hwp,경북대학교 메디바이오 핵심연구지원센터 규정,규정,규정,2821,header,2025-09-26,규정,2821,제정,2025-09-26,2025-09-26,제정,1,10,5,1,0,1600,0,hwp5,olefile+zlib (BodyText PARA_TEXT),,ok,,2025-09-22 07:10:50,2025-10-10 02:16:25,61440,3b16d715a950732b68fcb45f3e2517f8,0,,text/경북대학교 메디바이오 핵심연구지원센터 규정(규정 제2821호).txt
315,경북대학교 명예직원에 관한 지침(예규 제917호).hwp,경북대학교 명예직원에 관한 지침,지침,예규,917,header,2022-07-14,예규,917,제정,2022-07-14,2022-07-14,제정,1,6,0,1,1,1327,0,hwp5,olefile+zlib (BodyText PARA_TEXT),,ok,,2017-01-09 05:08:10,2022-07-14 01:53:57,112128,daf3fbcf20cefd761b7c58a3f0ecc11b,0,,text/경북대학교 명예직원에 관한 지침(예규 제917호).txt
316,경북대학교 미생물연구소 규정(제정 2011.8.31. 규정 제1725호).hwp,경북대학교 미생물연구소 규정,규정,규정,1725,header,2011-08-31,규정,1725,제정,2011-08-31,2011-08-31,제정,1,10,4,1,0,2062,0,hwp5,olefile+zlib (BodyText PARA_TEXT),,ok,,2009-10-12 01:40:52,2011-09-01 07:00:47,68606,533017a2815f5298aac5d62170445102,0,,text/경북대학교 미생물연구소 규정(제정 2011.8.31. 규정 제1725호).txt
317,"경북대학교 미술관 규정(2015.11.30., 규정제1996호).hwp",경북대학교 미술관 규정,규정,규정,1996,header,2007-03-02,규정,1345,제정,2007-03-02,2015-11-30,개정,3,13,0,3,0,1840,0,hwp5,olefile+zlib (BodyText PARA_TEXT),,ok,,2000-09-27 04:54:31,2015-11-30 08:27:35,17920,5384b42c0de0a91909bd86710e0f82e8,0,,"text/경북대학교 미술관 규정(2015.11.30., 규정제1996호).txt"
318,경북대학교 바이오융합연구원 규정(규정 제2785호).hwp,경북대학교 바이오융합연구원 규정,규정,규정,2785,header,2025-05-22,규정,2785,제정,2025-05-22,2025-05-22,제정,1,10,5,1,0,1573,0,hwp5,olefile+zlib (BodyText PARA_TEXT),,ok,,2025-05-20 09:03:09,2025-05-22 08:23:45,62976,a2c9259bbfe229497f44716a160bba80,0,,text/경북대학교 바이오융합연구원 규정(규정 제2785호).txt
319,"경북대학교 박물관규정(개정 2012.11.28, 규정 제1808호).hwp",경북대학교 박물관 규정,규정,규정,1808,header,1973-03-21,규정,103,제정,1973-03-21,2012-11-28,개정,9,27,7,9,0,4668,0,hwp5,olefile+zlib (BodyText PARA_TEXT),,ok,,2012-12-04 07:38:22,2012-12-04 08:07:58,19968,e9c34c0de2d1ce1ecdb4b5b6f849c715,0,,"text/경북대학교 박물관규정(개정 2012.11.28, 규정 제1808호).txt"
320,경북대학교 반도체교육인프라 총괄관리위원회 운영 규정 (규정 제2717호).hwp,경북대학교 반도체교육인프라 총괄관리위원회 운영 규정,규정,규정,2717,header,2024-11-29,규정,2717,제정,2024-11-29,2024-11-29,제정,1,8,0,1,0,1838,0,hwp5,olefile+zlib (BodyText PARA_TEXT),,ok,,2020-02-03 00:06:15,2024-12-03 01:19:54,68608,1fa384ec049b6056b625de8484a8a360,0,,text/경북대학교 반도체교육인프라 총괄관리위원회 운영 규정 (규정 제2717호).txt
321,경북대학교 반도체융합기술연구원 규정(개정 2011.2.28. 규정 제1696호).hwp,경북대학교 반도체융합기술연구원 규정,규정,규정,1696,header,2009-08-31,규정,1553,제정,2009-08-31,2011-02-28,개정,3,11,6,3,0,3267,0,hwp5,olefile+zlib (BodyText PARA_TEXT),,ok,,2009-10-12 01:40:52,2011-02-27 07:30:15,903166,d5aaa0f0d1fd8ebe0a77d6eaf55b2252,0,,text/경북대학교 반도체융합기술연구원 규정(개정 2011.2.28. 규정 제1696호).txt
322,경북대학교 반도체혁신인재양성센터 규정(규정 제2782호).hwp,경북대학교 반도체혁신인재양성센터 규정,규정,규정,2782,header,2024-07-26,규정,2693,제정,2024-07-26,2025-05-22,개정,2,11,6,2,0,3175,0,hwp5,olefile+zlib (BodyText PARA_TEXT),,ok,,2020-02-03 00:06:15,2025-05-22 08:23:05,133632,f49382ceefd09eb633a3454ed62205dd,0,,text/경북대학교 반도체혁신인재양성센터 규정(규정 제2782호).txt
323,경북대학교 발전계획 수립 및 운영 지침(예규 제1040호).hwp,경북대학교 발전계획 수립 및 운영 지침,지침,예규,1040,header,2021-10-20,예규,871,제정,2021-10-20,2024-12-31,개정,2,7,0,2,0,1657,0,hwp5,olefile+zlib (BodyText PARA_TEXT),,ok,,2019-07-04 05:48:48,2024-12-31 05:39:29,123392,6e52538f81a23322724976999e86e970,0,,text/경북대학교 발전계획 수립 및 운영 지침(예규 제1040호).txt
324,경북대학교 발전기금 조성위원회 규정(규정 제2739호).hwp,경북대학교 발전기금 조성위원회 규정,규정,규정,2739,header,2010-11-22,규정,1669,제정,2010-11-22,2024-12-30,개정,4,10,0,4,0,1340,0,hwp5,olefile+zlib (BodyText PARA_TEXT),,ok,,2004-05-20 04:34:10,2024-12-27 08:30:54,60416,a6a035b3d1f4121bfd4acf937c132872,0,,text/경북대학교 발전기금 조성위원회 규정(규정 제2739호).txt
325,"경북대학교 방사선과학연구소 규정(2015.11.30., 규정제1999호).hwp",경북대학교 방사선과학연구소 규정,규정,규정,1999,header,1996-12-12,규정,776,제정,1996-12-12,2015-11-30,개정,3,10,5,3,0,2979,0,hwp5,olefile+zlib (BodyText PARA_TEXT),,ok,,2000-09-27 04:54:31,2015-11-30 08:28:25,19456,864ee9d061b974fa0d7d3150569fde89,0,,"text/경북대학교 방사선과학연구소 규정(2015.11.30., 규정제1999호).txt"
326,경북대학교 방사선안전관리 규정(규정 제2885호).hwp,경북대학교 방사선안전관리 규정,규정,규정,2885,header,1999-11-09,규정,985,제정,1999-11-09,2026-07-27,개정,5,41,5,5,0,19232,0,hwp5,olefile+zlib (BodyText PARA_TEXT),,ok,,2020-02-03 00:06:15,2026-07-29 00:37:24,85504,31d87c58263e4f4b3c4042af7d45d8a8,0,,text/경북대학교 방사선안전관리 규정(규정 제2885호).txt
327,"경북대학교 밭농업기계개발연구센터 규정(2016.04.29, 예규 제2022호).hwp",경북대학교 밭농업기계개발연구센터 규정,규정,규정,2022,header,2016-04-29,규정,2022,제정,2016-04-29,2016-04-29,제정,1,11,0,1,0,2636,0,hwp5,olefile+zlib (BodyText PARA_TEXT),,ok,,2000-09-27 04:54:31,2016-04-29 09:10:26,19456,cde1d18eeeb003c307bc7ce983d11216,0,,"text/경북대학교 밭농업기계개발연구센터 규정(2016.04.29, 예규 제2022호).txt"
328,"경북대학교 배우자,직계가족 등의 연구참여에 관한 업무처리지침(제정 2013.8.30, 예규 제528호).hwp",경북대학교 배우자․직계가족 등의 연구참여에 관한 업무처리지침,지침,예규,528,header,2013-08-30,예규,528,제정,2013-08-30,2013-08-30,제정,1,4,0,1,3,2491,0,hwp5,olefile+zlib (BodyText PARA_TEXT),,ok,,2000-09-27 04:54:31,2013-08-30 07:18:07,23040,46b9f39cc18b325ec09a241b4d59d38d,0,,"text/경북대학교 배우자,직계가족 등의 연구참여에 관한 업무처리지침(제정 2013.8.30, 예규 제528호).txt"
329,경북대학교 법률상담소 규정(2011. 5. 27. 규정 제1702호).hwp,경북대학교 법률상담소 규정,규정,규정,1702,header,1995-09-05,규정,768,제정,1995-09-05,2011-05-27,개정,3,10,5,3,0,2271,0,hwp5,olefile+zlib (BodyText PARA_TEXT),,ok,,2009-10-12 01:40:52,2011-05-30 04:12:15,81918,84db4058cac3c424ebe5dcc6ccdf28bc,0,,text/경북대학교 법률상담소 규정(2011. 5. 27. 규정 제1702호).txt
330,경북대학교 법인카드사용및관리지침(제정 2013.10.15. 예규 제530호).hwp,경북대학교 법인카드 사용 및 관리 지침,지침,예규,530,header,2013-10-15,예규,530,제정,2013-10-15,2013-10-15,제정,1,13,0,1,0,4987,0,hwp5,olefile+zlib (BodyText PARA_TEXT),,ok,,2006-08-21 00:26:14,2013-10-15 09:45:13,27136,e6a3f3ae3a3b4d2f31af70154fd68031,0,,text/경북대학교 법인카드사용및관리지침(제정 2013.10.15. 예규 제530호).txt
331,경북대학교 법제심의위원회 규정(규정 제1599호).hwp,경북대학교 법제심의위원회 규정,규정,규정,1599,header,1973-05-15,규정,110,제정,1973-05-15,2010-02-25,개정,9,5,0,9,0,1298,0,hwp5,olefile+zlib (BodyText PARA_TEXT),,ok,,2009-10-12 01:40:52,2025-02-20 01:21:07,93696,20fac02ecd213a6d52b06e7aed005fe2,0,,text/경북대학교 법제심의위원회 규정(규정 제1599호).txt
332,경북대학교 보안업무 규정(규정 제2876호).hwp,경북대학교 보안업무 규정,규정,규정,2876,header,1985-03-05,규정,400,제정,1985-03-05,2026-06-29,개정,19,46,5,6,0,19899,0,hwp5,olefile+zlib (BodyText PARA_TEXT),,ok,,2020-02-03 00:06:15,2026-06-30 01:18:39,184832,213fa15d8a36d3856824e7faa4958259,0,,text/경북대학교 보안업무 규정(규정 제2876호).txt
333,경북대학교 복수전공 이수 규정(규정 제2879호).hwp,경북대학교 복수전공 이수 규정,규정,규정,2879,header,1996-12-11,규정,844,제정,1996-12-11,2026-07-27,개정,20,10,0,20,1,5175,0,hwp5,olefile+zlib (BodyText PARA_TEXT),,ok,,2020-02-03 00:06:15,2026-07-27 01:41:26,62976,19703f0ae26428088d93af4fdc77d753,0,,text/경북대학교 복수전공 이수 규정(규정 제2879호).txt
334,"경북대학교 부속의원 운영 지침(제정 2013.8.30, 예규 제526호).hwp",경북대학교부속의원 운영 지침,지침,예규,526,header,2013-08-30,예규,526,제정,2013-08-30,2013-08-30,제정,1,6,0,1,0,1108,0,hwp5,olefile+zlib (BodyText PARA_TEXT),,ok,,2012-11-13 09:49:28,2013-08-30 07:16:58,27136,f623dbd7a99ea5621fc9b142b231944e,0,,"text/경북대학교 부속의원 운영 지침(제정 2013.8.30, 예규 제526호).txt"
335,경북대학교 부전공 이수 규정(규정 제2880호).hwp,경북대학교 부전공 이수 규정,규정,규정,2880,header,1996-09-24,규정,829,제정,1996-09-24,2026-07-27,개정,13,10,0,13,0,2808,0,hwp5,olefile+zlib (BodyText PARA_TEXT),,ok,,2020-02-03 00:06:15,2026-07-27 04:26:48,62976,ff1c8741ddf3e7240e46573c22d8a4a0,0,,text/경북대학교 부전공 이수 규정(규정 제2880호).txt
336,경북대학교 부정청탁 및 금품등 수수의 신고사무 처리지침(예규 제829호).hwp,경북대학교 부정청탁 및 금품등 수수의 신고사무 처리지침,지침,예규,829,header,2016-10-12,예규,611,제정,2016-10-12,2021-02-10,개정,3,19,3,3,20,14068,1,hwp5,olefile+zlib (BodyText PARA_TEXT),,ok,,2016-07-11 11:42:34,2021-02-09 20:35:39,131072,bde13377027989d11fc4e5ecfd69320b,0,,text/경북대학교 부정청탁 및 금품등 수수의 신고사무 처리지침(예규 제829호).txt
337,경북대학교 비교과 교육과정 운영 규정(규정 제2750호).hwp,경북대학교 비교과 교육과정 운영 규정,규정,규정,2750,header,2022-02-28,규정,2504,제정,2022-02-28,2024-12-30,개정,3,8,0,3,0,2073,0,hwp5,olefile+zlib (BodyText PARA_TEXT),,ok,,2020-02-03 00:06:15,2024-12-27 09:51:25,67584,607aa21bfa04c3c047c691bbace67c31,0,,text/경북대학교 비교과 교육과정 운영 규정(규정 제2750호).txt
338,경북대학교 비전임 JA교수 운영에 관한 지침(예규 제1123호).hwp,경북대학교 비전임 JA(Joint Appointment) 교수 운영에 관한 지침,지침,예규,1123,header,2025-07-31,예규,1087,제정,2025-07-31,2026-01-26,개정,2,11,0,2,0,9740,2,hwp5,olefile+zlib (BodyText PARA_TEXT),,ok,,2019-04-18 08:40:47,2026-01-26 07:46:42,86528,f465f8a19437408f126bfe1ac04fd258,0,,text/경북대학교 비전임 JA교수 운영에 관한 지침(예규 제1123호).txt
339,경북대학교 사회과학기초자료연구소 규정(2014.8.26..규정제1929호).hwp,경북대학교 사회과학기초자료연구소 규정,규정,규정,1929,header,2014-08-26,규정,1929,제정,2014-08-26,2014-08-26,제정,1,9,4,1,0,1893,0,hwp5,olefile+zlib (BodyText PARA_TEXT),,ok,,2000-09-27 04:54:31,2014-08-26 09:41:13,564736,039c280baa22a85d34791fabb3f1a90e,0,,text/경북대학교 사회과학기초자료연구소 규정(2014.8.26..규정제1929호).txt
340,경북대학교 사회과학연구원 규정(규정 제2772호).hwp,경북대학교 사회과학연구원 규정,규정,규정,2772,header,2008-06-09,규정,1476,제정,2008-06-09,2025-05-08,개정,8,11,6,8,0,4694,0,hwp5,olefile+zlib (BodyText PARA_TEXT),,ok,,2020-11-23 08:05:42,2025-04-29 07:49:01,62464,c6b07efd924198dce4c9b4d75d7d257d,0,,text/경북대학교 사회과학연구원 규정(규정 제2772호).txt
341,경북대학교 사회복지연구소 규정(규정 제2891호).hwp,경북대학교 사회복지연구소 규정,규정,규정,2891,header,1998-06-29,규정,930,제정,1998-06-29,2026-08-31,개정,3,10,5,3,0,2356,0,hwp5,olefile+zlib (BodyText PARA_TEXT),,ok,,2020-02-03 00:06:15,2026-08-20 01:25:56,56832,c332a170887b61c9087e0a27ad93b142,0,,text/경북대학교 사회복지연구소 규정(규정 제2891호).txt
342,경북대학교 산업기술연구소 규정(규정 제2799호).hwp,경북대학교 산업기술연구소 규정,규정,규정,2799,header,1972-06-21,규정,92,제정,1972-06-21,2025-06-30,개정,12,12,6,12,0,3003,0,hwp5,olefile+zlib (BodyText PARA_TEXT),,ok,,2009-10-12 01:40:52,2025-06-30 07:09:54,62976,cea7b1b60d7cec648739ac4260701870,0,,text/경북대학교 산업기술연구소 규정(규정 제2799호).txt
343,경북대학교 산학협력 정보담당관 운영 지침(예규 제1111호).hwp,경북대학교 산학협력 정보담당관 운영 지침,지침,예규,1111,header,2023-07-17,예규,958,제정,2023-07-17,2025-10-20,개정,3,7,0,3,0,1542,0,hwp5,olefile+zlib (BodyText PARA_TEXT),,ok,,2007-07-26 08:47:53,2025-10-20 00:53:07,62976,11fb9dc50801e3ec28945c7959905f16,0,,text/경북대학교 산학협력 정보담당관 운영 지침(예규 제1111호).txt
344,"경북대학교 산학협력지원단 규정(개정, 2010.2.25 규정 제1610호).hwp",경북대학교 산학협력지원단 규정,규정,규정,1610,header,2004-09-24,규정,1206,제정,2004-09-24,2010-02-25,개정,4,4,0,4,0,922,0,hwp5,olefile+zlib (BodyText PARA_TEXT),,ok,,2009-10-12 01:40:52,2010-03-02 07:11:32,29694,85cd83afb84bcb07c63d3fcc8af130b6,0,,"text/경북대학교 산학협력지원단 규정(개정, 2010.2.25 규정 제1610호).txt"
345,"경북대학교 상주캠퍼스 산업디자인연구소 규정(제정, 2008.2.29, 규정 제1462호).hwp",경북대학교 상주캠퍼스 산업디자인연구소 규정,규정,규정,1462,header,2008-02-29,규정,1462,제정,2008-02-29,2008-02-29,제정,1,14,0,1,0,1937,0,hwp5,olefile+zlib (BodyText PARA_TEXT),,ok,,2000-09-27 04:54:31,2008-03-05 01:40:31,53246,686aa1f67936c9fcb1880f6a0710b057,0,,"text/경북대학교 상주캠퍼스 산업디자인연구소 규정(제정, 2008.2.29, 규정 제1462호).txt"
346,"경북대학교 상주캠퍼스 에너지환경연구소 규정(제정, 2008.2.29, 규정 제1463호).hwp",경북대학교 상주캠퍼스 에너지환경연구소 규정,규정,규정,1463,header,2008-02-29,규정,1463,제정,2008-02-29,2008-02-29,제정,1,14,0,1,0,2360,0,hwp5,olefile+zlib (BodyText PARA_TEXT),,ok,,2000-09-27 04:54:31,2008-03-05 01:43:43,30718,30608bbcbc6ad99146711c5cbf95c51f,0,,"text/경북대학교 상주캠퍼스 에너지환경연구소 규정(제정, 2008.2.29, 규정 제1463호).txt"
347,경북대학교 상주캠퍼스총괄본부 규정(규정 제2853호).hwp,경북대학교 상주캠퍼스총괄본부 규정,규정,규정,2853,header,2016-12-26,규정,2129,제정,2016-12-26,2026-02-27,개정,3,7,0,3,0,2088,0,hwp5,olefile+zlib (BodyText PARA_TEXT),,ok,,2000-09-27 04:54:31,2026-03-02 01:03:05,113152,fa60f461a0f247a26f66f280ed517dff,0,,text/경북대학교 상주캠퍼스총괄본부 규정(규정 제2853호).txt
348,"경북대학교 상품권 구매사용 및 관리에 관한 지침(예규제617호,2016.11.01.).hwp",경북대학교 상품권 구매․사용 및 관리에 관한 지침,지침,예규,617,header,2016-11-01,예규,617,제정,2016-11-01,2016-11-01,제정,1,12,4,1,2,2942,0,hwp5,olefile+zlib (BodyText PARA_TEXT),,ok,,2007-06-26 06:03:49,2016-11-01 06:13:56,23552,e83284b9ce2854a7c3410c3ffe718d2c,0,,"text/경북대학교 상품권 구매사용 및 관리에 관한 지침(예규제617호,2016.11.01.).txt"
349,"경북대학교 생명공학연구소 규정 개정(규정 제1385호, 2007.8.29).hwp",경북대학교 생명공학연구소 규정,규정,규정,1385,header,1984-03-27,규정,330,제정,1984-03-27,2007-08-29,개정,9,8,0,9,0,2402,0,hwp5,olefile+zlib (BodyText PARA_TEXT),,ok,,2004-08-25 02:30:38,2007-08-29 07:56:17,54270,fe1b8a6536355348a4a72bc9383d14c7,0,,"text/경북대학교 생명공학연구소 규정 개정(규정 제1385호, 2007.8.29).txt"
350,경북대학교 생명윤리심의위원회 표준운영지침 (예규 제1140호).hwp,경북대학교 생명윤리심의위원회 표준운영 지침,지침,예규,1140,header,2013-07-29,예규,523,제정,2013-07-29,2026-07-29,개정,9,41,5,9,24,66565,0,hwp5,olefile+zlib (BodyText PARA_TEXT),머리말/꼬리말 문단 1개 본문에서 제외,ok,,2019-04-18 08:40:47,2026-07-28 22:33:20,195584,eeb118a5a98453dd180fbf2784a72766,0,,text/경북대학교 생명윤리심의위원회 표준운영지침 (예규 제1140호).txt
351,경북대학교 생물안전관리 규정(규정 제2773호).hwp,경북대학교 생물안전관리규정,규정,규정,2773,header,2015-12-30,규정,2005,제정,2015-12-30,2025-05-08,개정,4,36,4,4,0,10751,0,hwp5,olefile+zlib (BodyText PARA_TEXT),,ok,,2020-11-23 08:06:29,2025-04-29 07:58:29,79872,36be0a45479d972fce70e6a05c226768,0,,text/경북대학교 생물안전관리 규정(규정 제2773호).txt
352,경북대학교 생태환경대학 부속실험실습장 규정(규정 제2848호).hwp,경북대학교 생태환경대학 부속실험실습장 규정,규정,규정,2848,header,2013-10-31,규정,1879,제정,2013-10-31,2026-02-27,개정,4,9,3,4,0,2000,0,hwp5,olefile+zlib (BodyText PARA_TEXT),,ok,,2019-04-04 05:31:29,2026-03-02 00:53:46,112128,4f1d6c86565483bf91adeebe442a094b,0,,text/경북대학교 생태환경대학 부속실험실습장 규정(규정 제2848호).txt
353,경북대학교 생활관 규정(규정 제2852호).hwp,경북대학교 생활관 규정,규정,규정,2852,header,1984-07-13,규정,350,제정,1984-07-13,2026-02-27,개정,27,32,8,27,0,8409,0,hwp5,olefile+zlib (BodyText PARA_TEXT),,ok,,2020-02-03 00:06:15,2026-07-31 05:39:26,75264,cec429086683fa041f2bf28072e6649c,0,,text/경북대학교 생활관 규정(규정 제2852호).txt
354,"경북대학교 생활관 민간투자시설사업(1차)  법률자문위원회 운영지침(예규 제670호, 2018.1.11.).hwp",경북대학교 생활관 민간투자시설사업(1차) 법률자문위원회 운영지침,운영지침,예규,670,header,2018-01-11,예규,670,제정,2018-01-11,2018-01-11,제정,1,6,0,1,0,1029,0,hwp5,olefile+zlib (BodyText PARA_TEXT),,ok,,2009-10-12 01:40:52,2018-01-14 06:54:14,15360,93f996279d862f1a3ed85ba6df689f89,0,,"text/경북대학교 생활관 민간투자시설사업(1차)  법률자문위원회 운영지침(예규 제670호, 2018.1.11.).txt"
355,"경북대학교 생활관 분관‘기학관’운영 및 생활수칙(예규 제678호, 2018.2.5.)-전문.hwp",경북대학교 생활관 분관‘기학관’운영 및 생활수칙,수칙,예규,678,header,2018-02-05,예규,678,제정,2018-02-05,2018-02-05,제정,1,49,6,2,0,6657,0,hwp5,olefile+zlib (BodyText PARA_TEXT),,ok,,2012-01-06 06:40:13,2018-02-27 01:04:47,24576,19e888c2a42f01a4fdb1619fc8e056cf,0,,"text/경북대학교 생활관 분관‘기학관’운영 및 생활수칙(예규 제678호, 2018.2.5.)-전문.txt"
356,경북대학교 생활관 생활수칙(예규 제1119호).hwp,경북대학교 생활관 생활수칙,수칙,예규,1119,header,,,,전부개정,2025-03-06,2026-01-07,개정,2,25,9,2,0,8362,0,hwp5,olefile+zlib (BodyText PARA_TEXT),,ok,,2012-01-06 06:40:13,2026-01-07 01:02:28,75264,de4e2a12730e1de9c5479263c5c8f882,0,,text/경북대학교 생활관 생활수칙(예규 제1119호).txt
357,경북대학교 생활관 선발지침(예규 제1120호).hwp,경북대학교 생활관 선발지침,지침,예규,1120,header,,,,전부개정,2025-03-06,2026-01-07,개정,2,24,8,2,0,4568,0,hwp5,olefile+zlib (BodyText PARA_TEXT),,ok,,2012-01-06 06:40:13,2026-01-07 00:59:54,66048,283fb2d5cc7929beae48a8641e1428ef,0,,text/경북대학교 생활관 선발지침(예규 제1120호).txt
358,"경북대학교 생활관비 심의위원회 지침(2016.3.25, 예규594호).hwp",경북대학교 생활관비 심의위원회 지침,지침,예규,594,header,2014-02-27,예규,541,제정,2014-02-27,2016-03-25,개정,2,8,0,2,0,1213,0,hwp5,olefile+zlib (BodyText PARA_TEXT),,ok,,2007-10-22 01:45:42,2016-03-25 04:26:33,15872,fcc91593f6d8299e0fbbc7fc5741f388,0,,"text/경북대학교 생활관비 심의위원회 지침(2016.3.25, 예규594호).txt"
359,경북대학교 소관 회계직공무원 관직지정에 관한 지침(예규 제1129호).hwp,경북대학교 소관 회계직 공무원 관직지정에 관한 지침,지침,예규,1129,header,2019-08-26,예규,749,제정,2019-08-26,2026-03-16,개정,15,7,0,16,0,6388,0,hwp5,olefile+zlib (BodyText PARA_TEXT),,ok,,2019-04-18 08:40:47,2026-03-15 04:35:07,144896,68828a0f6ec37c28caa75c1e831b152a,0,,text/경북대학교 소관 회계직공무원 관직지정에 관한 지침(예규 제1129호).txt
360,"경북대학교 소방시설 관리 지침(개정, 2008.4.14. 예규 제387호).hwp",경북대학교 소방시설 관리 지침,지침,예규,387,header,1985-11-01,예규,79,제정,1985-11-01,2008-04-14,제정,2,4,0,2,0,1030,0,hwp5,olefile+zlib (BodyText PARA_TEXT),,ok,,2004-08-25 02:30:38,2008-04-14 04:41:30,23550,862390b616a725b31fa79e226d620681,0,,"text/경북대학교 소방시설 관리 지침(개정, 2008.4.14. 예규 제387호).txt"
361,경북대학교 소프트웨어교육원 규정(규정 제2813호).hwp,경북대학교 소프트웨어교육원 규정,규정,규정,2813,header,2020-03-27,규정,2340,제정,2020-03-27,2025-09-01,개정,3,11,5,3,0,2585,0,hwp5,olefile+zlib (BodyText PARA_TEXT),,ok,,2020-02-03 00:06:15,2025-09-01 00:51:38,62464,e7aae6b4a48906c65a1ca5501630c05c,0,,text/경북대학교 소프트웨어교육원 규정(규정 제2813호).txt
362,경북대학교 소프트웨어사업 과업심의위원회 설치 운영 지침(예규 제985호).hwp,경북대학교 소프트웨어사업 과업심의위원회 설치·운영 지침,지침,예규,985,header,2024-01-10,예규,985,제정,2024-01-10,2024-01-10,제정,1,9,0,1,0,2335,0,hwp5,olefile+zlib (BodyText PARA_TEXT),,ok,,2017-02-16 05:03:58,2024-01-10 07:02:05,72192,210a6851345d24bbda1cabe7525468f0,0,,text/경북대학교 소프트웨어사업 과업심의위원회 설치 운영 지침(예규 제985호).txt
363,"경북대학교 수리융합연구소 규정(제정 2013.8.29, 규정 제1861호).hwp",경북대학교 수리융합연구소 규정,규정,규정,1861,header,2013-08-29,규정,1861,제정,2013-08-29,2013-08-29,제정,1,10,5,1,0,1687,0,hwp5,olefile+zlib (BodyText PARA_TEXT),,ok,,2012-05-31 08:00:03,2013-08-29 10:14:38,361984,21fe675c32465b5276c66052f070af92,0,,"text/경북대학교 수리융합연구소 규정(제정 2013.8.29, 규정 제1861호).txt"
364,"경북대학교 수목진단센터 규정(2015.9.1., 규정제 1991호).hwp",경북대학교 수목진단센터 규정,규정,규정,1991,header,2014-05-02,규정,1905,제정,2014-05-02,2015-09-01,개정,2,10,4,2,0,1691,0,hwp5,olefile+zlib (BodyText PARA_TEXT),,ok,,2000-09-27 04:54:31,2015-09-01 08:04:51,23040,1c5f5328a1732697392cf90864c5ec3c,0,,"text/경북대학교 수목진단센터 규정(2015.9.1., 규정제 1991호).txt"
365,경북대학교 수업관리 지침(예규 제1137호).hwp,경북대학교 수업관리 지침,지침,예규,1137,header,1994-03-04,예규,162,제정,1994-03-04,2026-06-11,개정,61,52,5,61,21,33108,20,hwp5,olefile+zlib (BodyText PARA_TEXT),,ok,,2021-02-04 05:17:46,2026-06-12 01:00:45,144896,9ed07b8981f03eb448c9cc539b4bfd71,0,,text/경북대학교 수업관리 지침(예규 제1137호).txt
366,경북대학교 수의과대학부속동물병원 규정(규정 제2869호).hwp,경북대학교 수의과대학부속동물병원 규정,규정,규정,2869,header,1977-10-01,규정,184,제정,1977-10-01,2026-05-29,개정,17,16,3,17,0,3134,0,hwp5,olefile+zlib (BodyText PARA_TEXT),,ok,,2020-02-03 00:06:15,2026-07-29 00:49:23,58368,1aab60dc4c1c469be411b9f8d4fa5d83,0,,text/경북대학교 수의과대학부속동물병원 규정(규정 제2869호).txt
367,"경북대학교 스마트농업혁신센터 규정(규정 제2250호, 2018.9.21.)_전문.hwp",경북대학교 스마트농업혁신센터 규정,규정,규정,2250,header,2018-09-21,규정,2250,제정,2018-09-21,2018-09-21,제정,1,10,5,1,0,1697,0,hwp5,olefile+zlib (BodyText PARA_TEXT),,ok,,2018-09-05 02:43:25,2018-09-27 00:59:32,16896,77f4622e386f1af51b0f68901ab95605,0,,"text/경북대학교 스마트농업혁신센터 규정(규정 제2250호, 2018.9.21.)_전문.txt"
368,"경북대학교 스타트업지원센터 규정(규정제2155호, 2017.7.18.)-전문.hwp",경북대학교 스타트업지원센터 규정,규정,규정,2155,header,2017-07-18,규정,2155,제정,2017-07-18,2017-07-18,제정,1,10,5,1,0,1958,0,hwp5,olefile+zlib (BodyText PARA_TEXT),,ok,,2000-09-27 04:54:31,2017-07-18 09:54:31,19456,e54dadd7e509a3517edf810ea1a893a7,0,,"text/경북대학교 스타트업지원센터 규정(규정제2155호, 2017.7.18.)-전문.txt"
369,경북대학교 스포츠과학연구소 규정(제정 2010.9.20 규정 제1648호).hwp,경북대학교 스포츠과학연구소 규정,규정,규정,1648,header,2010-09-20,규정,1648,제정,2010-09-20,2010-09-20,제정,1,9,4,1,0,1565,0,hwp5,olefile+zlib (BodyText PARA_TEXT),,ok,,2009-10-12 01:40:52,2010-09-20 09:52:41,32766,a094a4f5660cfccd29bb997112e05e17,0,,text/경북대학교 스포츠과학연구소 규정(제정 2010.9.20 규정 제1648호).txt
370,"경북대학교 시간제등록생 운영 규정(규정제 1959호, 2015.2.27.).hwp",경북대학교 시간제등록생 운영 규정,규정,규정,1959,header,1998-06-29,규정,928,제정,1998-06-29,2015-02-27,개정,6,10,0,6,0,1333,0,hwp5,olefile+zlib (BodyText PARA_TEXT),,ok,,2000-09-27 04:54:31,2015-03-02 07:02:21,16896,ae8aa26d75921650ff8c7eba9d8aff9c,0,,"text/경북대학교 시간제등록생 운영 규정(규정제 1959호, 2015.2.27.).txt"
371,"경북대학교 식물의학연구소 규정 개정(규정 제1395호, 2007.10.30).hwp",경북대학교 식물의학연구소 규정,규정,규정,1395,header,2007-10-30,규정,1395,제정,2007-10-30,2007-10-30,제정,1,11,6,1,0,1748,0,hwp5,olefile+zlib (BodyText PARA_TEXT),,ok,,2004-08-25 02:30:38,2026-08-28 00:35:05,52736,02cc8481cc68005cdadb214b0faf8592,0,,"text/경북대학교 식물의학연구소 규정 개정(규정 제1395호, 2007.10.30).txt"
372,"경북대학교 식품생물산업연구소 규정(규정2151호, 170531)-전문.hwp",경북대학교 식품생물산업연구소 규정,규정,규정,2151,header,1995-09-05,규정,764,제정,1995-09-05,2017-05-31,개정,5,12,7,5,0,3044,4,hwp5,olefile+zlib (BodyText PARA_TEXT),,ok,,2000-09-27 04:54:31,2017-06-04 06:52:06,20480,98eb08b4813d4adf29429497ea7d5bb6,0,,"text/경북대학교 식품생물산업연구소 규정(규정2151호, 170531)-전문.txt"
373,경북대학교 식품영양 유전체 연구센터 규정(개정 2011.8.31. 규정 제1727호).hwp,경북대학교 식품영양 유전체 연구센터 규정,규정,규정,1727,header,2008-12-02,규정,1507,제정,2008-12-02,2011-08-31,전문개정,2,17,4,1,0,3623,0,hwp5,olefile+zlib (BodyText PARA_TEXT),,ok,,2009-10-12 01:40:52,2011-09-01 07:01:22,75774,b2c3389f13692e01480544a037f11d9a,0,,text/경북대학교 식품영양 유전체 연구센터 규정(개정 2011.8.31. 규정 제1727호).txt
374,"경북대학교 신문방송사 규정(2016.6.27, 규정 제2033호).hwp",경북대학교 신문방송사 규정,규정,규정,2033,header,2002-09-27,규정,1093,제정,2002-09-27,2016-06-27,개정,4,20,7,4,0,3704,6,hwp5,olefile+zlib (BodyText PARA_TEXT),,ok,,2000-09-27 04:54:31,2016-06-28 02:22:54,21504,5cb551ca69361c61e6d67cedcf23c113,0,,"text/경북대학교 신문방송사 규정(2016.6.27, 규정 제2033호).txt"
375,"경북대학교 신바이오소재연구소 규정(제정 2010.08.27, 규정 제1640호).hwp",경북대학교 신바이오소재연구소 규정,규정,규정,1640,header,2010-08-27,규정,1640,제정,2010-08-27,2010-08-27,제정,1,9,4,1,0,1711,0,hwp5,olefile+zlib (BodyText PARA_TEXT),,ok,,2009-10-12 01:40:52,2010-08-27 09:04:42,413694,fd762008d812f9150a5ba5c59ccac7a5,0,,"text/경북대학교 신바이오소재연구소 규정(제정 2010.08.27, 규정 제1640호).txt"
376,"경북대학교 신분증 발급지침(예규제628호, 16.12.29.)-전문.hwp",경북대학교 신분증 발급 지침,지침,예규,628,header,1995-04-08,예규,178,제정,1995-04-08,2016-12-29,개정,2,7,0,2,3,2213,0,hwp5,olefile+zlib (BodyText PARA_TEXT),,ok,,2009-10-12 01:40:52,2017-01-02 04:04:49,20480,1026955325b7084e6bda6043c46ea971,0,,"text/경북대학교 신분증 발급지침(예규제628호, 16.12.29.)-전문.txt"
377,"경북대학교 실 및 복소 다양체연구소 규정(2015.9.1., 규정제1994호).hwp",경북대학교 실 및 복소 다양체 연구소 규정,규정,규정,1994,header,2015-09-01,규정,1994,제정,2015-09-01,2015-09-01,제정,1,11,6,1,0,2349,0,hwp5,olefile+zlib (BodyText PARA_TEXT),,ok,,2000-09-27 04:54:31,2015-09-01 08:05:10,23040,27e39ab1349833530430fb2a6443760f,0,,"text/경북대학교 실 및 복소 다양체연구소 규정(2015.9.1., 규정제1994호).txt"
378,경북대학교 실기발표시행지침.hwp,경북대학교 실기발표시행지침,지침,예규,736,header,1984-11-07,예규,49,제정,1984-11-07,2019-05-17,전부개정,3,8,0,1,0,2015,0,hwp5,olefile+zlib (BodyText PARA_TEXT),,ok,,2008-01-10 11:21:08,2019-07-05 00:45:13,17920,75f0932429e60859e8aa5f2936909cd4,0,,text/경북대학교 실기발표시행지침.txt
379,경북대학교 실험동물자원관리센터 규정(개정 2011.12.16. 규정 제1754호).hwp,경북대학교 실험동물자원관리센터 규정,규정,규정,1754,header,2008-12-02,규정,1513,제정,2008-12-02,2011-12-16,개정,2,11,4,2,0,1689,0,hwp5,olefile+zlib (BodyText PARA_TEXT),,ok,,2011-09-20 03:55:42,2025-10-21 01:28:31,55296,e3ae26c197da47b0493281e5731974fa,0,,text/경북대학교 실험동물자원관리센터 규정(개정 2011.12.16. 규정 제1754호).txt
380,경북대학교 실험동물자원관리원 규정(규정 제2845호).hwp,경북대학교 실험동물자원관리원 규정,규정,규정,2845,header,2025-12-17,규정,2845,제정,2025-12-17,2025-12-17,제정,1,12,5,1,1,3256,0,hwp5,olefile+zlib (BodyText PARA_TEXT),,ok,,2025-12-08 08:26:10,2025-12-09 01:54:59,68608,f4c68f38047b9004271dbed8c671008a,0,,text/경북대학교 실험동물자원관리원 규정(규정 제2845호).txt
381,경북대학교 실험페기물 관리 지침(예규 제1068호).hwp,경북대학교 실험폐기물 관리지침,지침,예규,1068,header,2015-05-22,예규,572,제정,2015-05-22,2025-04-11,개정,3,7,0,3,0,5506,0,hwp5,olefile+zlib (BodyText PARA_TEXT),,ok,,2008-01-10 11:21:08,2025-04-11 04:45:16,67072,2e1001d7f1a3ae6c638b094ae334af68,0,,text/경북대학교 실험페기물 관리 지침(예규 제1068호).txt
382,경북대학교 안전보건관리 규정(규정 제2827호).hwp,경북대학교 안전보건관리 규정,규정,규정,2827,header,2022-02-22,규정,2499,제정,2022-02-22,2025-09-26,개정,3,48,7,3,4,16403,0,hwp5,olefile+zlib (BodyText PARA_TEXT),,ok,,2020-02-03 00:06:15,2025-09-26 01:57:50,100352,82b82d661805b41bbc2ebf99df6e0d8f,0,,text/경북대학교 안전보건관리 규정(규정 제2827호).txt
383,"경북대학교 약학대학 부속약초원 규정(규정 제2085호, 2016.12.26.)-전문.hwp",경북대학교 약학대학 부속약초원 규정,규정,규정,2085,header,2012-05-31,규정,1785,제정,2012-05-31,2016-12-26,개정,2,7,0,2,0,1126,0,hwp5,olefile+zlib (BodyText PARA_TEXT),,ok,,2000-09-27 04:54:31,2016-12-26 11:19:18,16896,2db0ae36d60ad9681e1d2d959d7da1bd,0,,"text/경북대학교 약학대학 부속약초원 규정(규정 제2085호, 2016.12.26.)-전문.txt"
384,경북대학교 어린이집 운영 지침(예규 제804호).hwp,경북대학교 어린이집 운영 지침,지침,예규,804,header,2016-10-31,예규,618,제정,2016-10-31,2020-09-17,개정,2,15,0,2,0,3916,0,hwp5,olefile+zlib (BodyText PARA_TEXT),,ok,,2019-04-04 05:39:05,2020-09-17 04:41:50,23552,969bcbb4cfacb87e598d43d0fb23da2d,0,,text/경북대학교 어린이집 운영 지침(예규 제804호).txt
385,경북대학교 언론홍보 지침(예규 제828호).hwp,경북대학교 언론홍보 지침 개정,기타,예규,828,header,2007-06-13,예규,368,제정,2007-06-13,2021-02-10,개정,5,8,0,5,0,2380,0,hwp5,olefile+zlib (BodyText PARA_TEXT),,ok,,2021-01-14 08:58:12,2021-02-09 21:15:21,81920,b9d38d46b160945f79b7dd0dd6c8ac0b,0,,text/경북대학교 언론홍보 지침(예규 제828호).txt
386,"경북대학교 여성과학기술인지원센터(wiset)대경강원권역사업단 규정(규정제2180호,2017.11.27.)-전문.hwp",경북대학교 여성과학기술인지원센터(WISET) 대경강원권역사업단 규정,규정,규정,2180,header,2017-11-27,규정,2180,제정,2017-11-27,2017-11-27,제정,1,13,6,1,0,2952,0,hwp5,olefile+zlib (BodyText PARA_TEXT),,ok,,2000-09-27 04:54:31,2017-12-04 06:52:16,20992,34f1d1ef28e795fed6bc9cb6bd8f2d3c,0,,"text/경북대학교 여성과학기술인지원센터(wiset)대경강원권역사업단 규정(규정제2180호,2017.11.27.)-전문.txt"
387,"경북대학교 여성잠재력개발위원회 규정(제정, 2009.2.27. 규정 제1524호).hwp",경북대학교 여성잠재력개발위원회 규정,규정,규정,1524,header,2009-02-27,규정,1524,미표기,2009-02-27,2009-02-27,미표기,1,5,0,1,0,836,0,hwp5,olefile+zlib (BodyText PARA_TEXT),,ok,,2007-08-08 01:32:05,2009-03-02 02:39:18,30718,a39f69d257ea4fb9548514c2264cdedf,0,,"text/경북대학교 여성잠재력개발위원회 규정(제정, 2009.2.27. 규정 제1524호).txt"
388,경북대학교 연구기획지원위원회 운영지침(제정 2012.10. 2. 예규 제501호).hwp,경북대학교 연구기획지원위원회 운영 지침,지침,예규,501,header,2012-10-02,예규,501,제정,2012-10-02,2012-10-02,제정,1,11,0,1,0,1061,0,hwp5,olefile+zlib (BodyText PARA_TEXT),,ok,,2007-11-24 01:10:21,2012-10-02 05:58:19,29694,392854bdb3a0ba6c419591fc45260fb2,0,,text/경북대학교 연구기획지원위원회 운영지침(제정 2012.10. 2. 예규 제501호).txt
389,경북대학교 연구비 관리 규정(규정 제2757호).hwp,경북대학교 연구비 관리 규정,규정,규정,2757,header,1995-04-25,규정,747,제정,1995-04-25,2025-02-28,개정,20,36,7,20,0,9534,0,hwp5,olefile+zlib (BodyText PARA_TEXT),,ok,,2020-02-03 00:06:15,2025-02-28 07:16:00,73728,1eda93b12e32577e5168a56de73de7aa,0,,text/경북대학교 연구비 관리 규정(규정 제2757호).txt
390,경북대학교 연구비 관리지침(예규 제1142호).hwp,경북대학교 연구비 관리지침,지침,예규,1142,header,2007-05-08,예규,365,제정,2007-05-08,2026-07-29,개정,20,22,3,21,54,75884,0,hwp5,olefile+zlib (BodyText PARA_TEXT),,ok,,2007-07-26 08:47:53,2026-07-28 22:02:08,293888,69ddc8152f34568c2ff2094afe2f5589,0,,text/경북대학교 연구비 관리지침(예규 제1142호).txt
391,경북대학교 연구비 선지급금 관리 운영 지침(예규 제1136호).hwp,경북대학교 연구비 선지급금 관리 운영 지침,지침,예규,1136,header,2024-09-02,예규,1019,제정,2024-09-02,2026-06-04,개정,2,8,0,2,2,2279,0,hwp5,olefile+zlib (BodyText PARA_TEXT),,ok,,2019-04-18 08:40:47,2026-06-04 07:34:15,71680,945d77974a32620dd15d0dbfd328d026,0,,text/경북대학교 연구비 선지급금 관리 운영 지침(예규 제1136호).txt
392,경북대학교 연구시설 장비비 통합관리제 관리지침(예규 제1017호).hwp,경북대학교 연구시설·장비비 통합관리제 관리지침,지침,예규,1017,header,2021-05-21,예규,850,제정,2021-05-21,2024-07-30,개정,3,11,0,3,0,4005,0,hwp5,olefile+zlib (BodyText PARA_TEXT),,ok,,2007-07-26 08:47:53,2024-07-30 08:24:51,77312,1fe75ddc2d19ffa2c81beaa94ff39956,0,,text/경북대학교 연구시설 장비비 통합관리제 관리지침(예규 제1017호).txt
393,경북대학교 연구실적환산율 결정 지침 (개정 2014.5.1.예규 제547호).hwp,경북대학교 연구실적환산율 결정 지침,지침,예규,547,header,2002-06-19,예규,270,제정,2002-06-19,2014-05-01,개정,3,2,0,3,2,4108,0,hwp5,olefile+zlib (BodyText PARA_TEXT),,ok,,2010-12-19 23:11:00,2014-05-01 02:36:27,48640,8976d294ab6af303ee73ef50a0202fb1,0,,text/경북대학교 연구실적환산율 결정 지침 (개정 2014.5.1.예규 제547호).txt
394,경북대학교 연구심의위원회 운영 지침(예규 제1057호).hwp,경북대학교 연구심의위원회 운영 지침,지침,예규,1057,header,2007-12-03,예규,378,제정,2007-12-03,2025-02-12,개정,5,11,0,5,0,1726,0,hwp5,olefile+zlib (BodyText PARA_TEXT),,ok,,2007-07-26 08:47:53,2025-02-12 06:20:03,62976,b7bef9bc4b5edf5cb95399f17ce56410,0,,text/경북대학교 연구심의위원회 운영 지침(예규 제1057호).txt
395,경북대학교 연구장비심의위원회 지침(예규 제1058호).hwp,경북대학교 연구장비심의위원회 지침,지침,예규,1058,header,2011-08-08,예규,458,제정,2011-08-08,2025-02-12,개정,5,11,0,5,0,1858,0,hwp5,olefile+zlib (BodyText PARA_TEXT),,ok,,2007-07-26 08:47:53,2025-02-12 06:19:49,64000,33df406d3cd5f9a23da5db20e7cf8071,0,,text/경북대학교 연구장비심의위원회 지침(예규 제1058호).txt
396,경북대학교 연구진실성위원회 규정(규정 제2759호).hwp,경북대학교 연구진실성위원회 규정,규정,규정,2759,header,2006-11-16,규정,1324,제정,2006-11-16,2025-02-28,전부개정,5,34,4,1,3,11203,0,hwp5,olefile+zlib (BodyText PARA_TEXT),,ok,,2019-04-04 05:32:38,2025-02-28 07:16:53,87552,bf7e58fead2b9c3767ebc544c3c3b345,0,,text/경북대학교 연구진실성위원회 규정(규정 제2759호).txt
397,경북대학교 연구진실성위원회 운영 지침(예규 제1114호).hwp,경북대학교 연구진실성위원회 운영 지침,지침,규정,1114,header,2025-11-24,규정,1114,제정,2025-11-24,2025-11-24,제정,1,11,0,1,0,2378,0,hwp5,olefile+zlib (BodyText PARA_TEXT),,ok,,2025-10-20 05:20:42,2025-11-24 07:29:18,65536,4c4b6672f44722c6d0427db674c1e6e3,0,,text/경북대학교 연구진실성위원회 운영 지침(예규 제1114호).txt
398,"경북대학교 영농창업특성화사업단 규정(규정 제2060호, 16.11.3)-전문.hwp",경북대학교 영농창업특성화사업단 규정,규정,규정,2060,header,2016-11-03,규정,2060,제정,2016-11-03,2016-11-03,제정,1,11,5,1,0,1887,0,hwp5,olefile+zlib (BodyText PARA_TEXT),,ok,,2000-09-27 04:54:31,2016-11-03 13:54:44,19456,52264696950e0bda0d4db40e4b719508,0,,"text/경북대학교 영농창업특성화사업단 규정(규정 제2060호, 16.11.3)-전문.txt"
399,경북대학교 예술학연구소 규정(제정 2011.11.14. 규정 제1736호).hwp,경북대학교 예술학연구소 규정,규정,규정,1736,header,2011-11-14,규정,1736,제정,2011-11-14,2011-11-14,제정,1,12,5,1,0,2208,0,hwp5,olefile+zlib (BodyText PARA_TEXT),,ok,,2011-09-20 03:55:42,2011-11-14 02:46:54,415742,19998cc7ce0160bdb3b94ea93a04a90a,0,,text/경북대학교 예술학연구소 규정(제정 2011.11.14. 규정 제1736호).txt
400,경북대학교 외국인 유학생 관리 지침(예규 제1046호).hwp,경북대학교 외국인 유학생 관리 지침,지침,예규,1046,header,2012-11-06,예규,505,제정,2012-11-06,2024-12-31,개정,5,20,0,5,0,5234,0,hwp5,olefile+zlib (BodyText PARA_TEXT),,ok,,2008-01-10 11:21:08,2024-12-31 06:00:42,54272,418c03f52650812a09fd7645a88b608d,0,,text/경북대학교 외국인 유학생 관리 지침(예규 제1046호).txt
401,경북대학교 외국인 유학생 유치를 위한 업무협약 지침(예규 1092호).hwp,경북대학교 외국인 유학생 유치를 위한 업무협약 지침,지침,예규,1092,header,2025-08-25,예규,1092,제정,2025-08-25,2025-08-25,제정,1,10,0,1,1,3442,0,hwp5,olefile+zlib (BodyText PARA_TEXT),,ok,,2019-04-18 08:40:47,2025-08-25 05:30:29,71680,fd9c8b2c61e4b12ef96f1a264fffd53d,0,,text/경북대학교 외국인 유학생 유치를 위한 업무협약 지침(예규 1092호).txt
402,"경북대학교 외국학술지지원센터 규정(규정 제2127호, 16.12.26.)-전문.hwp",경북대학교 외국학술지지원센터(전기‧전자‧컴퓨터‧정보공학 분야) 규정,규정,규정,2127,header,2006-12-18,규정,1334,제정,2006-12-18,2016-12-26,개정,4,8,5,4,0,1516,0,hwp5,olefile+zlib (BodyText PARA_TEXT),,ok,,2009-10-12 01:40:52,2016-12-26 14:09:06,15872,49eb014f4105d96f63abb3ca5e1b25d8,0,,"text/경북대학교 외국학술지지원센터 규정(규정 제2127호, 16.12.26.)-전문.txt"
403,경북대학교 원격수업 운영 지침(예규 제1036호).hwp,경북대학교 원격수업 운영 지침,지침,예규,1036,header,2012-02-14,예규,474,제정,2012-02-14,2024-12-31,개정,15,15,3,3,0,6191,0,hwp5,olefile+zlib (BodyText PARA_TEXT),,ok,,2019-04-18 08:40:47,2024-12-31 06:23:44,70144,b136937761474caf84179b8c76660dc4,0,,text/경북대학교 원격수업 운영 지침(예규 제1036호).txt
404,경북대학교 위탁연구과제 수행관리 지침(제정 2010.10.05 예규 제446호).hwp,경북대학교 위탁연구과제 수행․관리 지침,지침,규정,446,header,2010-10-05,규정,446,제정,2010-10-05,2010-10-05,제정,1,17,0,1,4,9042,0,hwp5,olefile+zlib (BodyText PARA_TEXT),,ok,,2006-09-11 03:01:10,2010-10-05 07:56:27,61438,6518eab392980974242f5a22350fd54c,0,,text/경북대학교 위탁연구과제 수행관리 지침(제정 2010.10.05 예규 제446호).txt
405,경북대학교 융합기술경영사업단 규정(규정 제2408호).hwp,경북대학교 융합기술경영사업단 규정,규정,규정,2408,header,2021-02-26,규정,2408,제정,2021-02-26,2021-02-26,제정,1,12,6,1,0,2237,0,hwp5,olefile+zlib (BodyText PARA_TEXT),,ok,,2020-02-03 00:06:15,2021-02-23 12:11:14,20992,26df309aac1851f9aaa7e772ac942856,0,,text/경북대학교 융합기술경영사업단 규정(규정 제2408호).txt
406,경북대학교 융합전공 이수 규정(규정 제2881호).hwp,경북대학교 융합전공 이수 규정,규정,규정,2881,header,2016-03-29,규정,2014,제정,2016-03-29,2026-07-27,개정,9,12,0,9,3,5110,0,hwp5,olefile+zlib (BodyText PARA_TEXT),,ok,,2020-02-03 00:06:15,2026-07-27 06:53:19,78336,963d77741e606a244a873b88050ea96c,0,,text/경북대학교 융합전공 이수 규정(규정 제2881호).txt
407,경북대학교 음향공학연구소규정(2014.7.18. 규정제1916호).hwp,경북대학교 음향공학연구소 규정,규정,규정,1916,header,1995-11-21,규정,772,제정,1995-11-21,2014-07-18,개정,3,12,7,3,0,2487,0,hwp5,olefile+zlib (BodyText PARA_TEXT),,ok,,2000-09-27 04:54:31,2014-07-20 02:35:33,95744,2693f87f7ca9fa504fe5fcfc53a130dc,0,,text/경북대학교 음향공학연구소규정(2014.7.18. 규정제1916호).txt
408,경북대학교 의과대학 학사운영 정상화를 위한 특례 지침(예규 제1018호).hwp,경북대학교 의과대학 학사 운영 정상화를 위한 특례 지침,지침,예규,1018,header,2024-08-02,예규,1018,제정,2024-08-02,2024-08-02,제정,1,12,0,1,0,1572,0,hwp5,olefile+zlib (BodyText PARA_TEXT),,ok,,2017-01-09 05:08:10,2024-08-02 02:29:58,70656,8bc05ff33449058b0f0374fe3f1a8d11,0,,text/경북대학교 의과대학 학사운영 정상화를 위한 특례 지침(예규 제1018호).txt
409,경북대학교 이공계 연구생활장려금 지원사업 운영지침(예규 제1146호).hwp,경북대학교 이공계 연구생활장려금 지원사업 운영 지침,지침,예규,1146,header,2026-01-07,예규,1121,제정,2026-01-07,2026-08-21,개정,2,23,5,2,1,16050,0,hwp5,olefile+zlib (BodyText PARA_TEXT),,ok,,2017-08-09 01:39:44,2026-08-21 07:09:13,92672,1910ff01a9a1d01c54ab52daba39ac3e,0,,text/경북대학교 이공계 연구생활장려금 지원사업 운영지침(예규 제1146호).txt
410,경북대학교 이차전지 인력양성 및 연구센터 규정(규정 제2736호).hwp,경북대학교 이차전지 인력양성 및 연구센터 규정,규정,규정,2736,header,2023-10-27,규정,2636,제정,2023-10-27,2024-12-30,개정,2,9,4,2,0,1987,0,hwp5,olefile+zlib (BodyText PARA_TEXT),,ok,,2020-02-03 00:06:15,2024-12-27 08:21:41,122880,d2543b36b679d91c5a10a9948e212a8f,0,,text/경북대학교 이차전지 인력양성 및 연구센터 규정(규정 제2736호).txt
411,"경북대학교 인공지능연구원 규정(규정 제2232호, 2018.7.1.)-전문.hwp",경북대학교 인공지능연구원 규정,규정,규정,2232,header,2018-07-01,규정,2232,제정,2018-07-01,2018-07-01,제정,1,10,5,1,0,1808,0,hwp5,olefile+zlib (BodyText PARA_TEXT),,ok,,2000-09-27 04:54:31,2018-07-02 00:58:29,19968,04a419f4bf948ab8287a7850a97333e7,0,,"text/경북대학교 인공지능연구원 규정(규정 제2232호, 2018.7.1.)-전문.txt"
412,경북대학교 인문학술원 고고과학연구센터 운영 지침(예규 제833호).hwp,경북대학교 인문학술원 고고과학연구센터 운영 지침,지침,예규,833,header,2021-02-26,예규,833,제정,2021-02-26,2021-02-26,제정,1,5,0,1,0,1322,0,hwp5,olefile+zlib (BodyText PARA_TEXT),,ok,,2019-04-18 08:40:47,2021-02-25 09:59:36,16384,629c77eea2c7e6e7d7ae5a0c0add37d3,0,,text/경북대학교 인문학술원 고고과학연구센터 운영 지침(예규 제833호).txt
413,경북대학교 인문학술원 규정(규정 제2839호).hwp,경북대학교 인문학술원 규정,규정,규정,2839,header,2013-10-11,규정,1875,제정,2013-10-11,2025-12-01,개정,12,14,7,12,0,5721,0,hwp5,olefile+zlib (BodyText PARA_TEXT),,ok,,2020-02-03 00:06:15,2025-11-30 23:16:07,115200,07eaf94d41f73c69cce6f82f63cc3b8c,0,,text/경북대학교 인문학술원 규정(규정 제2839호).txt
414,경북대학교 인문학술원 동아시아기록문화연구센터 운영 지침(예규 제1010호).hwp,경북대학교 인문학술원 동아시아기록문화연구센터 운영 지침,지침,예규,1010,header,2024-06-27,예규,1010,제정,2024-06-27,2024-06-27,제정,1,11,0,1,0,2346,0,hwp5,olefile+zlib (BodyText PARA_TEXT),,ok,,2019-04-18 08:40:47,2024-06-27 07:57:33,74752,ccc069dde5a45de8877552a9e14534d4,0,,text/경북대학교 인문학술원 동아시아기록문화연구센터 운영 지침(예규 제1010호).txt
415,경북대학교 인문한국3.0(HK3.0)지원사업 연구인력 임용 규정(규정 제2870호).hwp,경북대학교 인문한국3.0(HK3.0)지원사업 연구인력 임용 규정,규정,규정,2870,header,2025-05-22,규정,2777,제정,2025-05-22,2026-06-29,개정,2,16,0,2,0,5384,2,hwp5,olefile+zlib (BodyText PARA_TEXT),,ok,,2025-05-20 08:52:39,2026-06-25 08:22:36,152064,d829ee1970b195ff3ddcb717a5ef0955,0,,text/경북대학교 인문한국3.0(HK3.0)지원사업 연구인력 임용 규정(규정 제2870호).txt
416,경북대학교 인문한국플러스(HK+)지원사업 연구인력 임용규정(규정 제2858호).hwp,경북대학교 인문한국플러스(HK+)지원사업 연구인력 임용 규정,규정,규정,2858,header,2019-07-02,규정,2309,제정,2019-07-02,2026-04-27,개정,4,16,0,4,0,4107,0,hwp5,olefile+zlib (BodyText PARA_TEXT),,ok,,2020-02-03 00:06:15,2026-04-27 02:39:43,69632,0bf7c5d8dc6f9bf25f31e3e871a1403e,0,,text/경북대학교 인문한국플러스(HK+)지원사업 연구인력 임용규정(규정 제2858호).txt
417,"경북대학교 입학전형 선행학습영향평가위원회 운영 규정 (2015.1.23., 규정제1945호).hwp",경북대학교 입학전형 선행학습영향평가위원회 운영 규정,규정,규정,1945,header,2015-01-23,규정,1945,제정,2015-01-23,2015-01-23,제정,1,8,0,1,0,1315,0,hwp5,olefile+zlib (BodyText PARA_TEXT),,ok,,2000-09-27 04:54:31,2015-01-26 00:21:29,27136,1b267826095b4d72f4a39c443253af92,0,,"text/경북대학교 입학전형 선행학습영향평가위원회 운영 규정 (2015.1.23., 규정제1945호).txt"
418,경북대학교 자연사박물관 규정(규정 제2545호).hwp,경북대학교 자연사박물관 규정,규정,규정,2545,header,2004-02-25,규정,1172,제정,2004-02-25,2022-11-01,개정,5,19,6,5,0,3442,0,hwp5,olefile+zlib (BodyText PARA_TEXT),,ok,,2013-02-28 08:46:11,2022-11-03 07:42:29,57856,1e360a147d8c95d1eeaa10a11663e302,0,,text/경북대학교 자연사박물관 규정(규정 제2545호).txt
419,경북대학교 자원봉사센터 규정(규정 제2729호).hwp,경북대학교 자원봉사센터 규정,규정,규정,2729,header,2012-11-01,규정,1801,제정,2012-11-01,2024-12-30,개정,5,21,5,5,5,6996,1,hwp5,olefile+zlib (BodyText PARA_TEXT),,ok,,2018-09-05 02:43:25,2024-12-27 07:51:23,75776,2a7ef01e15b8010f38c0a539b71cce7b,0,,text/경북대학교 자원봉사센터 규정(규정 제2729호).txt
420,경북대학교 자율군집 소프트웨어 연구센터 규정(제정 2012. 2. 29. 규정 제1776호).hwp,경북대학교 자율군집 소프트웨어 연구센터 규정,규정,규정,1776,header,2012-02-29,규정,1776,제정,2012-02-29,2012-02-29,제정,1,15,6,1,0,2642,0,hwp5,olefile+zlib (BodyText PARA_TEXT),,ok,,2011-09-20 03:55:42,2012-02-29 05:56:45,1378302,1cff144b27c5805cde01b397c4df4f5f,0,,text/경북대학교 자율군집 소프트웨어 연구센터 규정(제정 2012. 2. 29. 규정 제1776호).txt
421,경북대학교 자율전공학부 규정(규정 제2890호).hwp,경북대학교 자율전공학부 규정,규정,규정,2890,header,2000-03-10,규정,995,제정,2000-03-10,2026-08-31,개정,4,8,0,4,0,1341,0,hwp5,olefile+zlib (BodyText PARA_TEXT),,ok,,2000-09-27 04:54:31,2026-08-19 04:27:15,52224,9a78870cb9cca1876fadffb0ede5e7f5,0,,text/경북대학교 자율전공학부 규정(규정 제2890호).txt
422,경북대학교 자체평가에 관한 규정(규정 제2730호).hwp,경북대학교 자체평가에 관한 규정,규정,규정,2730,header,2009-11-23,규정,1564,제정,2009-11-23,2024-12-30,개정,6,12,3,6,0,2435,0,hwp5,olefile+zlib (BodyText PARA_TEXT),,ok,,2020-12-29 08:46:52,2024-12-27 07:57:46,67072,eff8048702cf102d9aae89b5b42f476c,0,,text/경북대학교 자체평가에 관한 규정(규정 제2730호).txt
423,경북대학교 자퇴자 등록금 반환 지침(개정 2011.3.3. 예규 제452호).hwp,경북대학교 자퇴자 등록금 반환 지침,지침,예규,452,header,2003-06-20,예규,289,제정,2003-06-20,2011-03-03,개정,2,3,0,2,0,684,0,hwp5,olefile+zlib (BodyText PARA_TEXT),,ok,,2010-12-23 04:39:12,2011-03-02 11:03:20,55294,39ff7655a02b5d8850f8a70dfff3d07a,0,,text/경북대학교 자퇴자 등록금 반환 지침(개정 2011.3.3. 예규 제452호).txt
424,경북대학교 장학금 규정(규정 제2816호).hwp,경북대학교 장학금 규정,규정,규정,2816,header,1976-11-12,규정,157,제정,1976-11-12,2025-09-26,개정,20,18,4,20,0,4929,0,hwp5,olefile+zlib (BodyText PARA_TEXT),,ok,,2020-02-03 00:06:15,2025-09-26 01:51:59,59392,1b0d1d44ce17c6139868377c947c2b20,0,,text/경북대학교 장학금 규정(규정 제2816호).txt
425,경북대학교 장학생 선발지침(예규 제1037호).hwp,경북대학교 장학생 선발 지침,지침,예규,1037,header,1985-11-01,예규,76,제정,1985-11-01,2024-12-31,개정,25,3,0,24,4,9574,0,hwp5,olefile+zlib (BodyText PARA_TEXT),,ok,,2011-10-12 01:46:49,2025-01-02 01:23:36,67584,d34331a69fa68f5e8b53df2827c7905c,0,,text/경북대학교 장학생 선발지침(예규 제1037호).txt
426,"경북대학교 재난위험시설 심의위원회 규정(제정 2014.4.9, 예규1902호).hwp",경북대학교 재난위험시설 심의위원회 운영규정,규정,규정,1902,header,2014-04-09,규정,1902,제정,2014-04-09,2014-04-09,제정,1,8,0,1,2,1927,0,hwp5,olefile+zlib (BodyText PARA_TEXT),,ok,,2000-09-27 04:54:31,2014-04-09 12:00:20,36864,e78ced2c7151b956a7e2be5732c232cb,0,,"text/경북대학교 재난위험시설 심의위원회 규정(제정 2014.4.9, 예규1902호).txt"
427,경북대학교 재정·회계 규정(규정 제2833호).hwp,경북대학교 재정·회계 규정,규정,규정,2833,header,2015-07-31,규정,1990,제정,2015-07-31,2025-10-27,개정,7,19,0,7,0,5247,0,hwp5,olefile+zlib (BodyText PARA_TEXT),,ok,,2020-02-03 00:06:15,2025-10-27 00:31:33,72192,2aec4154c703e8f5ef15221558478645,0,,text/경북대학교 재정·회계 규정(규정 제2833호).txt
428,경북대학교 전공자율선택 모집단위 학생 학과 선택 지침(예규 제1132호).hwp,경북대학교 전공자율선택 모집단위 학생 학과 선택 지침,지침,예규,1132,header,2024-11-01,예규,1030,제정,2024-11-01,2026-04-20,개정,3,7,0,3,2,3279,0,hwp5,olefile+zlib (BodyText PARA_TEXT),,ok,,2004-12-15 01:28:06,2026-04-20 00:27:05,72704,6ba11ec65bdd20bc2ccf9f2661c3b4af,0,,text/경북대학교 전공자율선택 모집단위 학생 학과 선택 지침(예규 제1132호).txt
429,경북대학교 전과 규정(규정 제2795호).hwp,경북대학교 전과 규정,규정,규정,2795,header,1996-09-24,규정,828,제정,1996-09-24,2025-06-30,개정,8,9,0,8,0,2528,0,hwp5,olefile+zlib (BodyText PARA_TEXT),,ok,,2020-03-17 01:05:15,2025-06-30 06:24:15,67584,a25ea8fc0808428bee7525fc4f881459,0,,text/경북대학교 전과 규정(규정 제2795호).txt
430,"경북대학교 전기안전관리 규정(규정 제2071호, 2016.11.28.)-전문.hwp",경북대학교 전기안전관리 규정,규정,규정,2071,header,1976-07-26,규정,154,제정,1976-07-26,2016-11-28,개정,4,23,10,4,19,9960,0,hwp5,olefile+zlib (BodyText PARA_TEXT),,ok,,2000-09-27 04:54:31,2016-11-29 04:41:43,60928,833b964fe76aea7edd707184b18d66f4,0,,"text/경북대학교 전기안전관리 규정(규정 제2071호, 2016.11.28.)-전문.txt"
431,경북대학교 전임교원 공개채용 심사 규정(규정 제2766호).hwp,경북대학교 전임교원 공개채용 심사 규정,규정,규정,2766,header,1991-12-07,,,제정,1991-12-07,2025-03-04,개정,22,26,0,14,9,19542,5,hwp5,olefile+zlib (BodyText PARA_TEXT),,ok,,2019-01-22 11:55:57,2025-03-04 08:50:43,104448,b785c2e6d8df4360edba5d7b9c9532d0,0,,text/경북대학교 전임교원 공개채용 심사 규정(규정 제2766호).txt
432,경북대학교 전임교원 연구년 운영 규정(규정 제2753호).hwp,경북대학교 전임교원 연구년 운영 규정,규정,규정,2753,header,1994-06-14,규정,690,제정,1994-06-14,2025-02-28,개정,16,13,0,16,0,5106,0,hwp5,olefile+zlib (BodyText PARA_TEXT),,ok,,2020-02-03 00:06:15,2025-02-28 04:58:17,148992,e53401ae6244d660aedcfdac3a03b8ea,0,,text/경북대학교 전임교원 연구년 운영 규정(규정 제2753호).txt
433,"경북대학교 전임연구원 규정(개정 2014.4.9,예규제1901호).hwp",경북대학교 전임연구원(Research Fellow) 규정,규정,규정,1901,header,2012-07-17,규정,1793,제정,2012-07-17,2014-04-09,개정,2,13,0,2,0,4342,0,hwp5,olefile+zlib (BodyText PARA_TEXT),,ok,,2000-09-27 04:54:31,2014-04-09 11:46:20,54272,dff8840df281eddc85ae5ae9bb85b9ea,0,,"text/경북대학교 전임연구원 규정(개정 2014.4.9,예규제1901호).txt"
434,경북대학교 전자기술연구소 규정 (규정 제2716호).hwp,경북대학교 전자기술연구소 규정,규정,규정,2716,header,1978-12-01,규정,202,제정,1978-12-01,2024-11-29,전부개정,8,12,6,1,0,2037,0,hwp5,olefile+zlib (BodyText PARA_TEXT),,ok,,2004-08-10 03:19:33,2024-12-03 01:19:46,56320,161452b33ef9ccb27b73cb11f49dab5f,0,,text/경북대학교 전자기술연구소 규정 (규정 제2716호).txt
435,경북대학교 정보화본부 운영 규정(규정 제2863호).hwp,경북대학교 정보화본부 운영 규정,규정,규정,2863,header,2021-04-23,규정,2432,제정,2021-04-23,2026-04-27,개정,6,8,0,6,0,2424,0,hwp5,olefile+zlib (BodyText PARA_TEXT),,ok,,2020-02-03 00:06:15,2026-04-27 02:45:42,63488,a568fec76572f0775e1f7ceca8d1e7af,0,,text/경북대학교 정보화본부 운영 규정(규정 제2863호).txt
436,경북대학교 정보화위원회 규정(규정 제2862호).hwp,경북대학교 정보화위원회 규정,규정,규정,2862,header,2003-08-13,규정,1153,제정,2003-08-13,2026-04-27,개정,10,9,0,11,0,1692,0,hwp5,olefile+zlib (BodyText PARA_TEXT),,ok,,2020-02-03 00:06:15,2026-04-27 01:45:31,56832,58ee82979d4dd23685f39de4cdec8b70,0,,text/경북대학교 정보화위원회 규정(규정 제2862호).txt
437,경북대학교 조교 인사 규정(규정 2837호).hwp,경북대학교 조교 인사 규정,규정,규정,2837,header,2025-09-01,규정,2805,제정,2025-09-01,2025-12-01,개정,2,31,8,2,7,13989,14,hwp5,olefile+zlib (BodyText PARA_TEXT),,ok,,2025-08-20 23:15:41,2025-12-01 12:07:29,94720,f512cc52d593d8d8a3a27966ce610b31,0,,text/경북대학교 조교 인사 규정(규정 2837호).txt
438,경북대학교 조류생태환경연구소 규정(개정 2010.9.20 규정 제1649호).hwp,경북대학교 조류생태환경연구소 규정,규정,규정,1649,header,2004-06-15,규정,1190,제정,2004-06-15,2010-09-20,개정,3,9,5,3,0,1553,0,hwp5,olefile+zlib (BodyText PARA_TEXT),,ok,,2009-10-12 01:40:52,2010-09-20 09:53:46,33790,830d2df9c57ff3c71f8acc0b1c88065e,0,,text/경북대학교 조류생태환경연구소 규정(개정 2010.9.20 규정 제1649호).txt
439,"경북대학교 지능형 건설자동화 연구센터 규정(규정 제2234호, 2018.7.1.)-전문.hwp",경북대학교 지능형 건설자동화 연구센터 규정,규정,규정,2234,header,2018-07-01,규정,2234,제정,2018-07-01,2018-07-01,제정,1,14,7,1,0,3455,0,hwp5,olefile+zlib (BodyText PARA_TEXT),,ok,,2000-09-27 04:54:31,2018-07-02 01:01:50,22016,349b233e2a6b31e8ee8189115b8355d7,0,,"text/경북대학교 지능형 건설자동화 연구센터 규정(규정 제2234호, 2018.7.1.)-전문.txt"
440,경북대학교 지산학연협력기술연구소 규정 제정(규정 제2808호).hwp,경북대학교 지산학연협력기술연구소 규정,규정,규정,2808,header,2025-09-01,규정,2808,제정,2025-09-01,2025-09-01,제정,1,10,5,1,0,2194,0,hwp5,olefile+zlib (BodyText PARA_TEXT),,ok,,2025-08-20 23:16:58,2025-09-01 00:50:17,69120,2d56c67016cecd93d3f15a58c5568e66,0,,text/경북대학교 지산학연협력기술연구소 규정 제정(규정 제2808호).txt
441,경북대학교 지역사회돌봄지원센터 운영 지침(예규 제1128호).hwp,경북대학교 지역사회돌봄지원센터 운영 지침,지침,예규,1128,header,2026-02-23,예규,1128,제정,2026-02-23,2026-02-23,제정,1,17,7,1,0,2797,0,hwp5,olefile+zlib (BodyText PARA_TEXT),,ok,,2025-10-01 04:27:14,2026-02-22 23:35:19,59904,e4f721dfeaabdf5b2dd710320486614e,0,,text/경북대학교 지역사회돌봄지원센터 운영 지침(예규 제1128호).txt
442,경북대학교 지역전략산업혁신연구소 규정(규정 제2810호).hwp,경북대학교 지역전략산업혁신연구소 규정,규정,규정,2810,header,2025-09-01,규정,2810,제정,2025-09-01,2025-09-01,제정,1,10,5,1,0,2140,0,hwp5,olefile+zlib (BodyText PARA_TEXT),,ok,,2025-08-20 23:17:50,2025-09-01 00:50:47,68608,8f99b692e2e4c4f1bd8c34a3b6687feb,0,,text/경북대학교 지역전략산업혁신연구소 규정(규정 제2810호).txt
443,"경북대학교 지역협력실 운영 규정(규정 제2157호, 2017.7.18.)-전문.hwp",경북대학교 지역협력실 운영 규정,규정,규정,2157,header,2017-07-18,규정,2157,제정,2017-07-18,2017-07-18,제정,1,7,0,1,0,1051,0,hwp5,olefile+zlib (BodyText PARA_TEXT),,ok,,2000-09-27 04:54:31,2017-07-18 09:56:45,17920,fa70877ea7c48542dd2468af43059cf3,0,,"text/경북대학교 지역협력실 운영 규정(규정 제2157호, 2017.7.18.)-전문.txt"
444,경북대학교 직장예비군부대 운영 규정(규정 제2770호).hwp,경북대학교 직장예비군부대 운영 규정,규정,규정,2770,header,2025-03-31,규정,2770,제정,2025-03-31,2025-03-31,제정,1,14,4,1,0,2565,0,hwp5,olefile+zlib (BodyText PARA_TEXT),,ok,,2020-02-03 00:06:15,2025-03-31 05:51:36,62976,5e084fdfb63c100710284747c133db86,0,,text/경북대학교 직장예비군부대 운영 규정(규정 제2770호).txt
445,경북대학교 차량관리 규정(규정 제2789호).hwp,경북대학교 차량관리 규정,규정,규정,2789,header,1983-11-29,규정,315,제정,1983-11-29,2025-05-22,개정,6,12,0,6,0,2843,0,hwp5,olefile+zlib (BodyText PARA_TEXT),,ok,,2020-02-03 00:06:15,2025-05-22 08:24:54,126464,dc1d8bcc9b83927fad93fd9e705236d2,0,,text/경북대학교 차량관리 규정(규정 제2789호).txt
446,"경북대학교 차세대에너지기술연구소 규정 제정(규정 제1393호, 2007.10.30).hwp",경북대학교 차세대에너지기술연구소 규정,규정,규정,1393,header,2007-10-30,규정,1393,제정,2007-10-30,2007-10-30,제정,1,12,7,1,0,1891,0,hwp5,olefile+zlib (BodyText PARA_TEXT),,ok,,2004-08-25 02:30:38,2026-08-25 06:43:16,55808,dadda3a6ac2ec2f3d363d1dc13165e02,0,,"text/경북대학교 차세대에너지기술연구소 규정 제정(규정 제1393호, 2007.10.30).txt"
447,경북대학교 첨단기술융합연구원 규정(규정 제2784호).hwp,경북대학교 첨단기술융합연구원 규정,규정,규정,2784,header,2025-05-22,규정,2784,제정,2025-05-22,2025-05-22,제정,1,10,5,1,0,1585,0,hwp5,olefile+zlib (BodyText PARA_TEXT),,ok,,2025-05-20 09:02:43,2025-05-22 08:23:32,63488,b88285e611399b452fdb2b52660c6d51,0,,text/경북대학교 첨단기술융합연구원 규정(규정 제2784호).txt
448,"경북대학교 첨단소재연구소 규정(규정 제2208호, 2018. 2. 7.)-전문.hwp",경북대학교 첨단소재연구소 규정,규정,규정,2208,header,2018-02-07,규정,2208,제정,2018-02-07,2018-02-07,제정,1,10,5,1,0,1647,0,hwp5,olefile+zlib (BodyText PARA_TEXT),,ok,,2000-09-27 04:54:31,2018-02-07 05:41:05,19456,a80ea7d350a9fc5d8212e5beb68125a0,0,,"text/경북대학교 첨단소재연구소 규정(규정 제2208호, 2018. 2. 7.)-전문.txt"
449,"경북대학교 첨단정보통신융합산업기술원 규정(규정제2176호, 2017.11.27.)-전문.hwp",경북대학교 첨단정보통신융합산업기술원 규정,규정,규정,2176,header,2015-07-01,규정,1984,제정,2015-07-01,2017-11-27,개정,3,11,6,3,0,3240,0,hwp5,olefile+zlib (BodyText PARA_TEXT),,ok,,2000-09-27 04:54:31,2017-12-04 06:39:32,20992,0ee71f06bef88eeddabc050c64713bce,0,,"text/경북대학교 첨단정보통신융합산업기술원 규정(규정제2176호, 2017.11.27.)-전문.txt"
450,경북대학교 첨단치과의료기기개발연구소 규정(규정 제2756호).hwp,경북대학교 첨단치과의료기기개발연구소 규정,규정,규정,2756,header,2014-11-24,규정,1939,제정,2014-11-24,2025-02-28,개정,3,9,4,3,0,1850,0,hwp5,olefile+zlib (BodyText PARA_TEXT),,ok,,2020-02-03 00:06:15,2025-02-28 07:15:41,59904,450d1807332554d1363b52958997bdd9,0,,text/경북대학교 첨단치과의료기기개발연구소 규정(규정 제2756호).txt
451,"경북대학교 청렴행동수칙(예규제615호,2016.11.01.).hwp",경북대학교 청렴행동수칙,수칙,예규,615,header,2016-11-01,예규,615,제정,2016-11-01,2016-11-01,제정,1,5,0,1,2,3901,0,hwp5,olefile+zlib (BodyText PARA_TEXT),,ok,,2014-09-11 04:56:26,2016-11-01 06:14:27,20480,eefc75f3cbf111a44ecf8e31925544ec,0,,"text/경북대학교 청렴행동수칙(예규제615호,2016.11.01.).txt"
452,경북대학교 청정나노소재연구소 규정(제정 2011.2.28. 규정 제1695호).hwp,경북대학교 청정나노소재연구소 규정,규정,규정,1695,header,2011-02-28,규정,1695,제정,2011-02-28,2011-02-28,제정,1,9,4,1,0,1702,0,hwp5,olefile+zlib (BodyText PARA_TEXT),,ok,,2009-10-12 01:40:52,2011-02-27 07:22:12,903166,57f7e87bea8a4df9a89bca101863369c,0,,text/경북대학교 청정나노소재연구소 규정(제정 2011.2.28. 규정 제1695호).txt
453,"경북대학교 초연결융합기술연구소 규정(규정 제2235호, 2018.7.1.)-전문.hwp",경북대학교 초연결융합기술연구소 규정,규정,규정,2235,header,2018-07-01,규정,2235,제정,2018-07-01,2018-07-01,제정,1,10,5,1,0,1575,0,hwp5,olefile+zlib (BodyText PARA_TEXT),,ok,,2000-09-27 04:54:31,2018-07-02 01:02:56,19456,dcd60394b738a9e6efff7b4bbf72dab2,0,,"text/경북대학교 초연결융합기술연구소 규정(규정 제2235호, 2018.7.1.)-전문.txt"
454,경북대학교 총장임용후보자 선정규정 시행세칙(예규 제1006호).hwp,경북대학교 총장임용후보자 선정규정 시행세칙,시행세칙,예규,1006,header,2020-06-05,예규,791,제정,2020-06-05,2024-05-17,개정,3,16,8,3,1,17542,15,hwp5,olefile+zlib (BodyText PARA_TEXT),,ok,,2015-05-21 06:02:21,2024-05-17 04:22:55,237056,b9b6df304102eca6df18fa38915a35ad,0,,text/경북대학교 총장임용후보자 선정규정 시행세칙(예규 제1006호).txt
455,경북대학교 출판부 규정(규정 제2830호).hwp,경북대학교 출판부 규정,규정,규정,2830,header,1973-09-19,규정,113,제정,1973-09-19,2025-10-27,개정,14,17,5,14,0,4027,0,hwp5,olefile+zlib (BodyText PARA_TEXT),,ok,,2007-08-08 01:32:05,2025-10-27 00:31:03,59904,1c4796587c529b68c0f5b29d51348077,0,,text/경북대학교 출판부 규정(규정 제2830호).txt
456,경북대학교 취업·창업 진흥위원회 규정(규정 제2728호).hwp,경북대학교 취업‧창업 진흥위원회 규정,규정,규정,2728,header,2016-12-26,규정,2134,제정,2016-12-26,2024-12-30,개정,5,8,0,5,0,1605,0,hwp5,olefile+zlib (BodyText PARA_TEXT),,ok,,2000-09-27 04:54:31,2024-12-27 07:43:01,61952,8af06aa01bd6600a1530fe7e9d052f1d,0,,text/경북대학교 취업·창업 진흥위원회 규정(규정 제2728호).txt
457,"경북대학교 친환경농업연구센터 규정(2016.04.29, 예규 제2024호).hwp",경북대학교 친환경농업연구센터 규정,규정,규정,2024,header,2016-04-29,규정,2024,제정,2016-04-29,2016-04-29,제정,1,9,6,1,0,1873,0,hwp5,olefile+zlib (BodyText PARA_TEXT),,ok,,2000-09-27 04:54:31,2016-04-29 09:13:25,18432,4b5b4d7a40d24990556edac461f215ad,0,,"text/경북대학교 친환경농업연구센터 규정(2016.04.29, 예규 제2024호).txt"
458,"경북대학교 친환경농업연구센터사업추진단 규정(제정 2012.4.26, 규정 제1783호).hwp",경북대학교 친환경농업연구센터사업추진단 규정 제정안,기타,규정,1783,header,2012-04-26,규정,1783,제정,2012-04-26,2012-04-26,제정,1,6,0,1,0,966,0,hwp5,olefile+zlib (BodyText PARA_TEXT),,ok,,2012-04-27 08:28:43,2012-04-27 08:33:47,52222,e4c091db9f5406ffb7407a7342dc297f,0,,"text/경북대학교 친환경농업연구센터사업추진단 규정(제정 2012.4.26, 규정 제1783호).txt"
459,경북대학교 캠퍼스 조성에 관한 규정(규정 제2732호).hwp,경북대학교 캠퍼스 조성에 관한 규정,규정,규정,2732,header,1997-06-12,규정,874,제정,1997-06-12,2024-12-30,개정,8,16,5,8,0,1991,0,hwp5,olefile+zlib (BodyText PARA_TEXT),,ok,,2016-11-08 00:01:00,2024-12-27 08:05:11,55808,fa77b93f0c5e5544f1140f8c9a778b83,0,,text/경북대학교 캠퍼스 조성에 관한 규정(규정 제2732호).txt
460,"경북대학교 코어 기술혁신형 겸 산학협력중개센터 규정(2014.11.24, 규정 제1937호).hwp",경북대학교 코어(Core) 기술혁신형 겸 산학협력중개센터 규정,규정,규정,1937,header,2014-11-24,규정,1937,제정,2014-11-24,2014-11-24,제정,1,9,4,1,0,2239,0,hwp5,olefile+zlib (BodyText PARA_TEXT),,ok,,2000-09-27 04:54:31,2014-11-24 06:38:11,17408,c3f281b42fa4b5fadf86588c73d92e1f,0,,"text/경북대학교 코어 기술혁신형 겸 산학협력중개센터 규정(2014.11.24, 규정 제1937호).txt"
461,경북대학교 타 대학 수학 및 이수학점 인정에 관한 규정(규정 제2725호).hwp,경북대학교 타 대학 수학 및 이수학점 인정에 관한 규정,규정,규정,2725,header,2003-02-06,규정,1116,제정,2003-02-06,2024-12-30,개정,11,24,3,2,2,8060,0,hwp5,olefile+zlib (BodyText PARA_TEXT),,ok,,2020-02-03 00:06:15,2024-12-27 06:30:25,85504,630b37dfaa19951b04ad55d1678add3c,0,,text/경북대학교 타 대학 수학 및 이수학점 인정에 관한 규정(규정 제2725호).txt
462,경북대학교 편입생의 이수과목 및 성적인정에 관한 규정(규정 제2715호).hwp,경북대학교 편입생의 이수과목 및 성적인정에 관한 규정,규정,규정,2715,header,1998-07-31,규정,936,제정,1998-07-31,2024-11-29,개정,10,4,0,10,0,4108,0,hwp5,olefile+zlib (BodyText PARA_TEXT),,ok,,2004-12-15 01:28:06,2024-12-03 01:19:50,73728,1fc5f4416f05925f9f1ee88ed3867b9d,0,,text/경북대학교 편입생의 이수과목 및 성적인정에 관한 규정(규정 제2715호).txt
463,경북대학교 표창 규정(규정 제2742호).hwp,경북대학교 표창 규정,규정,규정,2742,header,1972-04-18,규정,85,제정,1972-04-18,2024-12-30,개정,14,14,0,14,5,4547,0,hwp5,olefile+zlib (BodyText PARA_TEXT),,ok,,2009-10-12 01:40:52,2024-12-27 09:16:33,72192,5b43a54e958658ff44e8cf8ee9fee52b,0,,text/경북대학교 표창 규정(규정 제2742호).txt
464,경북대학교 학·석사 및 학·석박사통합연계과정 운영 규정(규정 제2806호).hwp,경북대학교 학․석사 및 학․석박사통합연계과정 운영 규정,규정,규정,2806,header,2014-05-02,규정,1903,제정,2014-05-02,2025-09-01,개정,9,14,0,2,0,3847,0,hwp5,olefile+zlib (BodyText PARA_TEXT),,ok,,2020-02-03 00:06:15,2025-09-01 00:49:43,75264,9ffc74291883d0a1ac052d62cd08c3df,0,,text/경북대학교 학·석사 및 학·석박사통합연계과정 운영 규정(규정 제2806호).txt
465,경북대학교 학·석사통합학위과정 운영 지침(예규 제1124호).hwp,경북대학교 학․석사통합학위과정 운영 지침,지침,예규,1124,header,2026-01-26,예규,1124,제정,2026-01-26,2026-01-26,제정,1,8,0,1,1,1483,0,hwp5,olefile+zlib (BodyText PARA_TEXT),,ok,,2004-12-15 01:28:06,2026-01-26 08:01:15,56320,1cbdc0311522d33976746e96a36b09fb,0,,text/경북대학교 학·석사통합학위과정 운영 지침(예규 제1124호).txt
466,경북대학교 학생부종합전형 공정성 감시단 운영 지침(예규 제727호).hwp,경북대학교 학생부종합전형 공정성 감시단 운영 지침,지침,예규,727,header,2009-09-14,예규,414,제정,2009-09-14,2019-03-29,개정,2,5,0,2,0,819,0,hwp5,olefile+zlib (BodyText PARA_TEXT),,ok,,2007-07-26 08:47:53,2019-04-12 00:17:30,15360,12042413b12b4ea358ea0d7715832a6f,0,,text/경북대학교 학생부종합전형 공정성 감시단 운영 지침(예규 제727호).txt
467,경북대학교 학생상담센터 운영 규정(규정 제2406호).hwp,경북대학교 학생상담센터 운영 규정,규정,규정,2406,header,2016-07-11,규정,2047,제정,2016-07-11,2021-02-26,개정,3,12,4,3,0,2427,0,hwp5,olefile+zlib (BodyText PARA_TEXT),,ok,,2000-09-27 04:54:31,2021-02-23 12:06:24,20480,a94b025f641110a5f1ab4fcaae7cdbb6,0,,text/경북대학교 학생상담센터 운영 규정(규정 제2406호).txt
468,경북대학교 학생상담지도교수제 운영규정(규정 제2726호).hwp,경북대학교 학생상담지도교수제 운영규정,규정,규정,2726,header,2012-07-17,규정,1790,제정,2012-07-17,2024-12-30,개정,4,9,0,4,7,4939,0,hwp5,olefile+zlib (BodyText PARA_TEXT),,ok,,2000-09-27 04:54:31,2024-12-27 07:37:07,164352,6cd128a1be5e5b4643b67d99af61bf2c,0,,text/경북대학교 학생상담지도교수제 운영규정(규정 제2726호).txt
469,경북대학교 학생연구자 지원규정(규정 제2883호).hwp,경북대학교 학생연구자 지원규정,규정,규정,2883,header,2021-10-06,규정,2454,제정,2021-10-06,2026-07-27,개정,7,31,6,7,0,13185,0,hwp5,olefile+zlib (BodyText PARA_TEXT),,ok,,2020-02-03 00:06:15,2026-07-27 06:39:29,93696,f43c10850e6dab141e7f256bc156b0b8,0,,text/경북대학교 학생연구자 지원규정(규정 제2883호).txt
470,"경북대학교 학생정신건강 관리지침(2014.6.12., 예규제549호.hwp",경북대학교 학생 정신건강 관리 지침,지침,예규,549,header,2014-06-12,예규,549,제정,2014-06-12,2014-06-12,제정,1,15,4,1,0,2366,0,hwp5,olefile+zlib (BodyText PARA_TEXT),,ok,,2014-02-25 01:57:24,2014-06-12 01:10:57,31232,706764b108f3f60833fd18efafdb67ba,0,,"text/경북대학교 학생정신건강 관리지침(2014.6.12., 예규제549호.txt"
471,경북대학교 학생정원 조정위원회 지침(예규 제1034호).hwp,경북대학교 학생정원 조정위원회 지침,지침,예규,1034,header,2021-08-04,예규,861,제정,2021-08-04,2024-12-31,개정,2,6,0,2,0,725,0,hwp5,olefile+zlib (BodyText PARA_TEXT),,ok,,2007-04-30 00:49:16,2024-12-31 01:14:53,72704,8932989b857bff2855f541df023c863b,0,,text/경북대학교 학생정원 조정위원회 지침(예규 제1034호).txt
472,경북대학교 학술상 규정(규정 제2861호).hwp,경북대학교 학술상 규정,규정,규정,2861,header,2006-05-03,규정,1301,제정,2006-05-03,2026-04-27,개정,4,11,0,4,0,1667,0,hwp5,olefile+zlib (BodyText PARA_TEXT),,ok,,2000-09-27 04:54:31,2026-04-27 02:44:04,61952,2e65774922ad556994ac15b5c5661a81,0,,text/경북대학교 학술상 규정(규정 제2861호).txt
473,"경북대학교 학술연구위원회 규정(규정 제2117호, 16.12.26.)-전문.hwp",경북대학교 학술연구위원회 규정,규정,규정,2117,header,1994-02-03,규정,666,제정,1994-02-03,2016-12-26,개정,11,6,0,9,0,1613,0,hwp5,olefile+zlib (BodyText PARA_TEXT),,ok,,2009-10-12 01:40:52,2016-12-26 13:29:09,15872,8a26513c58444251de312e5d957f625c,0,,"text/경북대학교 학술연구위원회 규정(규정 제2117호, 16.12.26.)-전문.txt"
474,경북대학교 학업성적처리 규정(규정 제2871호).hwp,경북대학교 학업성적처리 규정,규정,규정,2871,header,1975-06-10,규정,135,제정,1975-06-10,2026-06-29,개정,34,19,0,35,10,16580,4,hwp5,olefile+zlib (BodyText PARA_TEXT),,ok,,2020-02-03 00:06:15,2026-06-23 02:15:39,127488,6d861d13a8c1ada21874ecff5d996a19,0,,text/경북대학교 학업성적처리 규정(규정 제2871호).txt
475,경북대학교 학위검증위원회 규정(규정 제2723호).hwp,경북대학교 학위검증위원회 규정,규정,규정,2723,header,2011-08-31,규정,1717,제정,2011-08-31,2024-12-30,개정,3,25,4,3,0,6161,0,hwp5,olefile+zlib (BodyText PARA_TEXT),,ok,,2016-11-29 10:37:38,2024-12-27 06:29:41,134656,febb79c72b993ad1dcb00f0ffdbdaeb8,0,,text/경북대학교 학위검증위원회 규정(규정 제2723호).txt
476,경북대학교 학위수여 규정(규정 제2865호).hwp,경북대학교 학위수여 규정,규정,규정,2865,header,1953-10-01,규정,4,제정,1953-10-01,2026-05-29,개정,65,43,10,65,16,33925,0,hwp5,olefile+zlib (BodyText PARA_TEXT),,ok,,2020-02-03 00:06:15,2026-06-01 00:23:14,140800,e51f17c03b2b9804b04f2675f5c3c4f0,0,,text/경북대학교 학위수여 규정(규정 제2865호).txt
477,경북대학교 학칙(규정 제2889호).hwp,경북대학교 학칙,학칙,규정,2889,header,,,,개정,1997-08-28,2026-08-31,개정,102,141,5,102,2,196290,16,hwp5,olefile+zlib (BodyText PARA_TEXT),,ok,,2019-04-18 08:40:47,2026-08-28 04:36:00,455680,e8105c312024faacb54c7c8806844652,0,,text/경북대학교 학칙(규정 제2889호).txt
478,경북대학교 한국어 어학연수과정 운영지침(예규 제803호).hwp,경북대학교 한국어 어학연수과정 운영지침,운영지침,예규,803,header,2013-03-01,,,제정,2013-03-01,2020-08-27,개정,7,52,10,7,13,17531,0,hwp5,olefile+zlib (BodyText PARA_TEXT),,ok,,2008-01-10 11:21:08,2020-08-27 05:52:51,71168,36b924d8813817fbb8bc6f9d1e462d24,0,,text/경북대학교 한국어 어학연수과정 운영지침(예규 제803호).txt
479,"경북대학교 한방바이오융합진흥원 규정(규정제2187호, 2017.12.22.)-전문.hwp",경북대학교 한방바이오융합진흥원 규정,규정,규정,2187,header,2017-12-22,규정,2187,제정,2017-12-22,2017-12-22,제정,1,12,6,1,0,2224,0,hwp5,olefile+zlib (BodyText PARA_TEXT),,ok,,2000-09-27 04:54:31,2017-12-22 08:10:46,22016,ecde7bc1b6d70bfeb70120a3d30c988d,0,,"text/경북대학교 한방바이오융합진흥원 규정(규정제2187호, 2017.12.22.)-전문.txt"
480,경북대학교 항공드론 혁신융합대학사업단 규정(규정 제2779호).hwp,경북대학교 항공드론 혁신융합대학사업단 규정,규정,규정,2779,header,2025-05-22,규정,2779,제정,2025-05-22,2025-05-22,제정,1,10,5,1,0,1885,0,hwp5,olefile+zlib (BodyText PARA_TEXT),,ok,,2025-05-20 08:58:17,2025-05-22 08:22:12,66048,3a2702e4b127662f8b27968389a1878b,0,,text/경북대학교 항공드론 혁신융합대학사업단 규정(규정 제2779호).txt
481,경북대학교 해외 어학연수 학점인정 지침(예규 제1047호).hwp,경북대학교 해외 어학연수 학점인정 지침,지침,예규,1047,header,2015-09-09,예규,580,제정,2015-09-09,2024-12-31,개정,5,5,0,5,0,1820,0,hwp5,olefile+zlib (BodyText PARA_TEXT),,ok,,2019-04-18 08:40:47,2024-12-31 07:12:40,57344,f943247f65a3d4a2d43bc23967f8883d,0,,text/경북대학교 해외 어학연수 학점인정 지침(예규 제1047호).txt
482,경북대학교 해외대학 파견 교환학생 선발 및 운영에 관한 지침(예규 제1048호).hwp,경북대학교 해외대학 파견 교환학생 선발 및 운영에 관한 지침,지침,예규,1048,header,2018-03-09,예규,681,제정,2018-03-09,2024-12-31,개정,4,11,0,4,0,2364,0,hwp5,olefile+zlib (BodyText PARA_TEXT),,ok,,2019-04-18 08:40:47,2024-12-31 06:01:11,65536,804e78ec5d9583271ec270ac05094a11,0,,text/경북대학교 해외대학 파견 교환학생 선발 및 운영에 관한 지침(예규 제1048호).txt
483,경북대학교 해외인턴십 운영 지침(예규 제1049호).hwp,경북대학교 해외인턴십 운영 지침,지침,예규,1049,header,2001-09-12,예규,254,제정,2001-09-12,2024-12-31,개정,10,12,0,10,0,3674,0,hwp5,olefile+zlib (BodyText PARA_TEXT),,ok,,2019-04-18 08:40:47,2024-12-31 06:01:28,62464,9036f600942e44a7eb5fc8abc33f5b77,0,,text/경북대학교 해외인턴십 운영 지침(예규 제1049호).txt
484,경북대학교 행정정보공개 운영 지침(예규 제874호).hwp,경북대학교 행정정보공개 운영 지침,지침,예규,874,header,2004-05-12,예규,304,제정,2004-05-12,2021-10-29,개정,8,11,0,2,3,5231,0,hwp5,olefile+zlib (BodyText PARA_TEXT),,ok,,2019-07-05 02:08:50,2021-10-29 01:15:49,27136,0639edb981266d2e08f27a8bca5c5464,0,,text/경북대학교 행정정보공개 운영 지침(예규 제874호).txt
485,경북대학교 행정조직 팀제 운영지침(예규 제1147호).hwp,경북대학교 행정조직 팀제 운영지침,운영지침,예규,1147,header,2001-08-30,예규,252,제정,2001-08-30,2026-09-01,개정,54,5,0,54,0,6209,0,hwp5,olefile+zlib (BodyText PARA_TEXT),,ok,,2019-04-18 08:40:47,2026-09-01 01:49:06,135680,f74be1c403f83a8eafe490e994d8ac3a,0,,text/경북대학교 행정조직 팀제 운영지침(예규 제1147호).txt
486,경북대학교 홍보위원회 규정(규정 제2737호).hwp,경북대학교 홍보위원회 규정,규정,규정,2737,header,1984-03-20,규정,329,제정,1984-03-20,2024-12-30,개정,12,7,0,12,0,1883,0,hwp5,olefile+zlib (BodyText PARA_TEXT),,ok,,2009-10-12 01:40:52,2024-12-27 08:26:14,51712,ea829888fd3d4ca295ceb0f5d5659b81,0,,text/경북대학교 홍보위원회 규정(규정 제2737호).txt
487,경북대학교 화학관 사고수습 및 위원회 설치에 관한 규정(규정 제2369호).hwp,경북대학교 화학관 사고수습 및 위원회 설치에 관한 규정,규정,규정,2369,header,2020-08-11,규정,2369,제정,2020-08-11,2020-08-11,제정,1,8,0,1,0,1449,0,hwp5,olefile+zlib (BodyText PARA_TEXT),,ok,,2020-08-10 06:50:37,2020-08-11 06:53:20,19456,ba079258eeab93db084d3fc044214a50,0,,text/경북대학교 화학관 사고수습 및 위원회 설치에 관한 규정(규정 제2369호).txt
488,경북대학교 휴·복학 및 등록업무 처리지침(예규 제1054호).hwp,경북대학교 휴·복학 및 등록업무 처리지침,지침,예규,1054,header,1988-01-06,예규,97,제정,1988-01-06,2025-01-20,개정,13,8,0,13,0,3151,0,hwp5,olefile+zlib (BodyText PARA_TEXT),,ok,,2008-01-10 11:21:08,2025-01-20 05:08:17,63488,30709b4cf693968ad38719bf743c4e9c,0,,text/경북대학교 휴·복학 및 등록업무 처리지침(예규 제1054호).txt
489,경북대학교·경북대학교병원 인재원 운영 규정(규정 제2798호).hwp,경북대학교·경북대학교병원 인재원 운영 규정,규정,규정,2798,header,2020-10-16,규정,2375,제정,2020-10-16,2025-06-30,개정,4,14,0,4,0,2638,0,hwp5,olefile+zlib (BodyText PARA_TEXT),,ok,,2020-08-26 04:11:29,2025-06-30 07:00:11,64000,7b11d1a056a87fc35331d9a0cf4d3026,0,,text/경북대학교·경북대학교병원 인재원 운영 규정(규정 제2798호).txt
490,경북대학교국토위성정보연구서규정(제정2014.5.2.제1906호).hwp,경북대학교 국토위성정보연구소 규정,규정,규정,1906,header,2014-05-02,규정,1906,제정,2014-05-02,2014-05-02,제정,1,10,4,1,0,1689,0,hwp5,olefile+zlib (BodyText PARA_TEXT),,ok,,2000-09-27 04:54:31,2014-05-02 02:49:30,113664,b6cbe4f553786ad3b670ead3ffa0ec43,0,,text/경북대학교국토위성정보연구서규정(제정2014.5.2.제1906호).txt
491,"경북대학교동해안지오투어리즘사업단 규정(2015.4.23., 규정제1968호).hwp",경북대학교 동해안지오투어리즘사업단 규정,규정,규정,1968,header,2015-04-23,규정,1968,제정,2015-04-23,2015-04-23,제정,1,9,5,1,0,1442,0,hwp5,olefile+zlib (BodyText PARA_TEXT),,ok,,2000-09-27 04:54:31,2015-04-23 00:47:36,17408,2a5f8caa1ba06113a9bec5c0f7a299c1,0,,"text/경북대학교동해안지오투어리즘사업단 규정(2015.4.23., 규정제1968호).txt"
492,"경북대학교부설평생교육원명예학생과정운영지침(개정, 2008. 2.21. 예규 제383호).hwp",경북대학교 부설 평생교육원 명예학생과정 운영 지침,지침,예규,383,header,2004-05-11,예규,303,제정,2004-05-11,2008-02-21,개정,2,19,0,2,0,1807,0,hwp5,olefile+zlib (BodyText PARA_TEXT),,ok,,2007-01-22 10:33:21,2008-02-21 23:48:25,26622,6e6748f284b21382641bb5c0d15d0807,0,,"text/경북대학교부설평생교육원명예학생과정운영지침(개정, 2008. 2.21. 예규 제383호).txt"
493,경북대학교수의과대학부속동물병원규정 시행세칙(예규 제1094호).hwp,경북대학교 수의과대학부속동물병원규정 시행세칙,시행세칙,예규,1094,header,2001-11-10,예규,257,제정,2001-11-10,2025-09-12,개정,7,18,0,7,4,6397,0,hwp5,olefile+zlib (BodyText PARA_TEXT),,ok,,2019-05-01 00:12:03,2025-09-12 06:24:28,123392,301fcccaf630d7895b4564b835d48204,0,,text/경북대학교수의과대학부속동물병원규정 시행세칙(예규 제1094호).txt
494,"경북대학교얼굴 얼굴 신경-뼈 네트워크연구센터규정(규정제2163호, 2017.10.16.)-전문.hwp",경북대학교 얼굴 신경-뼈 네트워크 연구센터 규정,규정,규정,2163,header,2008-12-02,규정,1508,제정,2008-12-02,2017-10-16,개정,2,15,6,2,0,2114,0,hwp5,olefile+zlib (BodyText PARA_TEXT),,ok,,2000-09-27 04:54:31,2017-10-17 02:14:13,19968,26eb984ff11d11bfc503da9d60bb5576,0,,"text/경북대학교얼굴 얼굴 신경-뼈 네트워크연구센터규정(규정제2163호, 2017.10.16.)-전문.txt"
495,"경북대학교에너지절약추진위원회운영지침 개정(개정, 2010.3.15 예규 제429호).hwp",경북대학교 에너지절약추진위원회 운영 지침,지침,예규,429,header,2001-05-14,예규,245,제정,2001-05-14,2010-03-15,개정,5,6,0,3,0,999,0,hwp5,olefile+zlib (BodyText PARA_TEXT),,ok,,2004-08-25 02:30:38,2012-02-03 06:37:30,52222,6237b46977ceccfeb933f2a5d761c6fc,0,,"text/경북대학교에너지절약추진위원회운영지침 개정(개정, 2010.3.15 예규 제429호).txt"
496,경북대학교와 국내·외 대학간 공동학위 및 복수학위과정 운영에 관한 규정(규정 제2844호).hwp,경북대학교와 국내․외 대학간 공동학위 및 복수학위 등의 과정 운영에 관한 규정,규정,규정,2844,header,2020-07-14,규정,2362,제정,2020-07-14,2025-12-17,개정,3,16,4,3,0,3050,0,hwp5,olefile+zlib (BodyText PARA_TEXT),,ok,,2020-02-03 00:06:15,2025-12-17 00:42:30,74240,86078f37e8f7c0894b2d7318b8ed8608,0,,text/경북대학교와 국내·외 대학간 공동학위 및 복수학위과정 운영에 관한 규정(규정 제2844호).txt
497,"경조직-바이오치아재생연구소 규정 제정(규정 제1369호, 2007.7.24.).hwp",경북대학교 경조직-바이오치아재생연구소 규정,규정,규정,1369,header,2007-07-24,규정,1369,제정,2007-07-24,2007-07-24,제정,1,10,6,1,0,1739,0,hwp5,olefile+zlib (BodyText PARA_TEXT),,ok,,2007-01-25 06:28:36,2007-07-24 07:14:46,27646,e06374be98b24c5352c4f1d300ce963b,0,,"text/경조직-바이오치아재생연구소 규정 제정(규정 제1369호, 2007.7.24.).txt"
498,공과대학국책지원사업비관리지침.hwp,경북대학교공과대학국책지원사업비관리지침,지침,예규,232,header,1994-12-24,,,제정,1994-12-24,2000-04-22,개정,5,9,0,5,0,2592,0,hwp3,LibreOffice hwpfilter (txt),"HWP 3.0: LibreOffice 변환 — 표·그리기개체 안의 텍스트가 누락될 수 있음; 본문이 비어 있는 조문(표 누락 의심): 제2조; 원본 바이너리 스캔으로 8개 조각 복구(문서 끝 표식 아래, 위치 불확실)",ok,,,,16740,ab7a1fe084699b8c95d46d495978dc10,0,,text/공과대학국책지원사업비관리지침.txt
499,공학설계연구소규정(제정1995.06.28).hwp,경북대학교공학설계연구소규정,규정,규정,758,header,1995-06-28,규정,758,제정,1995-06-28,1995-06-28,제정,1,12,7,1,0,2079,0,hwp3,LibreOffice hwpfilter (txt),"HWP 3.0: LibreOffice 변환 — 표·그리기개체 안의 텍스트가 누락될 수 있음; 본문이 비어 있는 조문(표 누락 의심): 제5조, 제6조, 제9조; 원본 바이너리 스캔으로 23개 조각 복구(문서 끝 표식 아래, 위치 불확실)",ok,,,,60280,b1be98ab0fc496b46a6ae840708c5b03,0,,text/공학설계연구소규정(제정1995.06.28).txt
500,교기관리지침.hwp,경북대학교교기관리지침,지침,예규,29,header,1983-12-01,예규,29,제정,1983-12-01,1983-12-01,제정,1,6,0,1,0,571,0,hwp3,LibreOffice hwpfilter (txt),"HWP 3.0: LibreOffice 변환 — 표·그리기개체 안의 텍스트가 누락될 수 있음; 본문이 비어 있는 조문(표 누락 의심): 제6조; 원본 바이너리 스캔으로 3개 조각 복구(문서 끝 표식 아래, 위치 불확실)",ok,,,,11668,026456fceac9e95b01430115288615c5,0,,text/교기관리지침.txt
501,교육대학원학생교육실습규정(개정1993.06.23).hwp,경북대학교교육대학원학생교육실습규정,규정,규정,645,header,1970-01-01,규정,52,제정,1970-01-01,1993-06-23,개정,6,6,0,6,0,950,0,hwp3,LibreOffice hwpfilter (txt),"HWP 3.0: LibreOffice 변환 — 표·그리기개체 안의 텍스트가 누락될 수 있음; 원본 바이너리 스캔으로 2개 조각 복구(문서 끝 표식 아래, 위치 불확실)",ok,,,,51154,7006fba582d58f531ab2bffa7ee0b4db,0,,text/교육대학원학생교육실습규정(개정1993.06.23).txt
502,"교육행정서비스헌장운영지침(제정 2006.11.01, 예규제343호).hwp",경북대학교 교육행정서비스헌장 운영지침,운영지침,예규,343,header,2006-11-01,예규,343,제정,2006-11-01,2006-11-01,제정,1,14,0,1,1,3895,0,hwp5,olefile+zlib (BodyText PARA_TEXT),,ok,,2006-07-07 10:26:09,2006-11-01 07:05:31,35838,cc50414603f76cdcf2233f72a314602b,0,,"text/교육행정서비스헌장운영지침(제정 2006.11.01, 예규제343호).txt"
503,규정류관리지침.hwp,경북대학교규정류관리지침,지침,예규,274,header,1985-09-20,예규,1,제정,1985-09-20,2002-09-27,개정,3,15,0,3,5,6395,25,hwp5,olefile+zlib (BodyText PARA_TEXT),,ok,,2006-03-21 07:12:03,2025-09-08 00:40:11,59392,5d41409f0d0415ae081eea033ccf68e0,0,,text/규정류관리지침.txt
504,"농업생명과학대학 부속농업교육센터 규정(규정 제2113호, 16.12.26.)-전문.hwp",경북대학교 농업생명과학대학 부속 농업교육센터 규정,규정,규정,2113,header,2007-02-23,규정,1343,제정,2007-02-23,2016-12-26,개정,3,19,8,3,0,3364,0,hwp5,olefile+zlib (BodyText PARA_TEXT),,ok,,2008-11-18 08:42:47,2016-12-26 13:13:34,19456,ea45760961398f2b7efb4c5a8dcc6f74,0,,"text/농업생명과학대학 부속농업교육센터 규정(규정 제2113호, 16.12.26.)-전문.txt"
505,"디스플레이 나노소재연구소 규정(규정 제2114호, 16.12.26.)-전문.hwp",경북대학교 디스플레이 나노소재연구소 규정,규정,규정,2114,header,2012-02-29,규정,1771,제정,2012-02-29,2016-12-26,개정,2,10,5,2,0,2427,0,hwp5,olefile+zlib (BodyText PARA_TEXT),,ok,,2011-09-20 03:55:42,2016-12-26 13:17:10,18432,2ab1b3a63f7cdb90aa30a91224b619c0,0,,"text/디스플레이 나노소재연구소 규정(규정 제2114호, 16.12.26.)-전문.txt"
506,디지털기술연구소규정(개정2003.06.13).hwp,경북대학교디지털기술연구소규정,규정,규정,1142,header,2000-12-23,규정,1012,제정,2000-12-23,2003-06-13,개정,2,10,3,2,0,1223,0,hwp3,LibreOffice hwpfilter (txt),"HWP 3.0: LibreOffice 변환 — 표·그리기개체 안의 텍스트가 누락될 수 있음; 본문이 비어 있는 조문(표 누락 의심): 제5조, 제6조; 원본 바이너리 스캔으로 6개 조각 복구(문서 끝 표식 아래, 위치 불확실)",ok,,,,53878,8f15e07c9f22df58a1a7c3e1d192cf71,0,,text/디지털기술연구소규정(개정2003.06.13).txt
507,디지털아트컨텐츠연구소규정(제정2005.08.22).hwp,경북대학교디지털아트컨텐츠연구소규정,규정,규정,1268,header,2005-08-22,규정,1268,제정,2005-08-22,2005-08-22,제정,1,10,0,1,0,1917,0,hwp5,olefile+zlib (BodyText PARA_TEXT),,ok,,2004-10-06 04:41:33,2005-08-23 11:26:32,26622,2484bfc4c164649657bee495c7e3c208,0,,text/디지털아트컨텐츠연구소규정(제정2005.08.22).txt
508,명예교수에관한세칙.hwp,경북대학교명예교수에관한세칙,세칙,예규,237,header,1983-06-22,규정,310,제정,1983-06-22,2000-08-23,개정,7,6,0,7,0,1219,0,hwp3,LibreOffice hwpfilter (txt),"HWP 3.0: LibreOffice 변환 — 표·그리기개체 안의 텍스트가 누락될 수 있음; 원본 바이너리 스캔으로 1개 조각 복구(문서 끝 표식 아래, 위치 불확실)",ok,,,,12686,53ab1f4d8f6e09e6385313c021882631,0,,text/명예교수에관한세칙.txt
509,모바일디스플레이산학연센터규정(제정2005.08.22).hwp,경북대학교모바일디스플레이산학연센터규정,규정,규정,1267,header,2005-08-22,규정,1267,제정,2005-08-22,2005-08-22,제정,1,18,6,1,0,3077,0,hwp5,olefile+zlib (BodyText PARA_TEXT),,ok,,2004-10-06 04:41:33,2005-08-23 11:23:13,28670,ae94758bd0d2a68aeb5ba096eafe20b3,0,,text/모바일디스플레이산학연센터규정(제정2005.08.22).txt
510,문화산업연구소규정(제정2004.09.24).hwp,경북대학교문화산업연구소규정,규정,규정,1207,header,2004-09-24,규정,1207,제정,2004-09-24,2004-09-24,제정,1,9,5,1,0,1487,0,hwp5,olefile+zlib (BodyText PARA_TEXT),,ok,,2004-10-06 04:41:33,2005-03-03 15:48:46,25598,87de20f6f2bf75e19aec417dc4a7ab25,0,,text/문화산업연구소규정(제정2004.09.24).txt
511,물산업융복합연구소 규정(개정 2013.2.28. 규정 제1838호).hwp,경북대학교 물산업융복합연구소 규정,규정,규정,1838,header,2012-02-29,규정,1775,제정,2012-02-29,2013-02-28,개정,2,12,6,2,0,2265,0,hwp5,olefile+zlib (BodyText PARA_TEXT),,ok,,2013-02-28 08:58:11,2013-03-04 01:51:56,16896,accdf2dc94324f9a88ac5c7678852b3d,0,,text/물산업융복합연구소 규정(개정 2013.2.28. 규정 제1838호).txt
512,발효생물공학연구소규정(제정2002.09.27).hwp,경북대학교발효생물공학연구소규정,규정,규정,1089,header,2002-09-27,규정,1089,제정,2002-09-27,2002-09-27,제정,1,12,7,1,0,2248,0,hwp5,olefile+zlib (BodyText PARA_TEXT),,ok,,2006-01-25 01:42:49,2006-01-25 01:42:56,26622,eb727b7acc3d4d30672dae1fc51b62ac,0,,text/발효생물공학연구소규정(제정2002.09.27).txt
513,방재연구소규정(제정1998.06.29).hwp,경북대학교방재연구소규정,규정,규정,931,header,1998-06-29,규정,931,제정,1998-06-29,1998-06-29,제정,1,11,6,1,0,2356,0,hwp5,olefile+zlib (BodyText PARA_TEXT),,ok,,2006-01-25 01:40:12,2006-01-25 01:40:20,26622,590deffd9f7d45fb7d2093a26656eb93,0,,text/방재연구소규정(제정1998.06.29).txt
514,법학전문대학원법조실무전임교원특별채용지침(개정2006.03.22).hwp,경북대학교 법학전문대학원 법조실무 전임교원 특별채용지침,지침,예규,330,header,2005-07-20,예규,323,제정,2005-07-20,2006-03-22,개정,2,9,0,2,0,1165,0,hwp5,olefile+zlib (BodyText PARA_TEXT),,ok,,2006-03-17 05:44:23,2006-03-29 02:16:42,39934,ebcd6fb80f17814faada758c6122a2f5,0,,text/법학전문대학원법조실무전임교원특별채용지침(개정2006.03.22).txt
515,부속시설 평가 규정(개정 2013.2.28. 규정 제1833호).hwp,경북대학교 부속시설 평가 규정,규정,규정,1833,header,2002-12-24,규정,1103,제정,2002-12-24,2013-02-28,개정,5,14,4,5,0,1751,0,hwp5,olefile+zlib (BodyText PARA_TEXT),,ok,,2013-02-28 08:53:23,2013-03-04 01:49:12,30208,26d7fbb64a435bcae96f9784237656c0,0,,text/부속시설 평가 규정(개정 2013.2.28. 규정 제1833호).txt
516,"사범대학 부설학교 교원인사관리원칙(예규 제620호, 2016.11.17.)-전문.hwp",경북대학교사범대학부설학교교원인사관리원칙,기타,예규,620,header,1984-10-31,예규,48,제정,1984-10-31,2016-11-17,개정,4,4,0,4,0,1177,0,hwp5,olefile+zlib (BodyText PARA_TEXT),,ok,,2015-04-30 01:57:05,2016-11-19 00:33:42,15360,eca7a44d62194d341f4baab76ac77236,0,,"text/사범대학 부설학교 교원인사관리원칙(예규 제620호, 2016.11.17.)-전문.txt"
517,사범대학부속중등교육연구소규정(제정1995.09.05).hwp,경북대학교사범대학부속중등교육연구소규정,규정,규정,762,header,1995-09-05,규정,762,제정,1995-09-05,1995-09-05,제정,1,12,7,1,0,2024,0,hwp5,olefile+zlib (BodyText PARA_TEXT),,ok,,2004-10-06 04:41:33,2005-03-03 15:50:13,26622,9f8fb488ec7eb84af2bb3897b5eaf650,0,,text/사범대학부속중등교육연구소규정(제정1995.09.05).txt
518,사범대학우당교육관시설관리지침(20050216-예규제317호).hwp,경북대학교사범대학우당교육관시설관리지침,지침,예규,317,header,2005-02-16,예규,317,제정,2005-02-16,2005-02-16,제정,1,8,0,1,0,911,0,hwp5,olefile+zlib (BodyText PARA_TEXT),,ok,,2004-10-06 04:41:33,2005-03-03 16:11:35,22526,22d42681b6a2dc576293b85bb6204071,0,,text/사범대학우당교육관시설관리지침(20050216-예규제317호).txt
519,산학연협력사업단TI사업본부운영세칙.hwp,경북대학교산학연협력사업단TI사업본부운영세칙,세칙,예규,197,header,1996-05-07,,,제정,1996-05-07,1997-02-03,개정,2,10,0,2,0,2063,0,hwp5,olefile+zlib (BodyText PARA_TEXT),,ok,,2006-05-09 07:30:20,2006-05-09 07:30:43,32766,d1a85b9fd36e5eb0334bd0610701bf23,0,,text/산학연협력사업단TI사업본부운영세칙.txt
520,"산학협력선도대학(LINC)육성사업 산학협력중점교수 운영지침(예규 제622호, 2016.11.16.)-전문.hwp",산학협력선도대학(LINC)육성사업 산학협력중점교수 운영지침,운영지침,예규,622,header,2012-05-31,예규,492,제정,2012-05-31,2016-11-16,개정,2,9,0,2,0,2464,0,hwp5,olefile+zlib (BodyText PARA_TEXT),,ok,,2004-08-25 02:30:38,2016-11-19 00:40:25,17408,855c5f1dd3a652b4730c103fb32fd5af,0,,"text/산학협력선도대학(LINC)육성사업 산학협력중점교수 운영지침(예규 제622호, 2016.11.16.)-전문.txt"
521,"상주대학교 산업대학원 학생의 수료 및 학위수여에 관한 업무처리지침(개정, 2010.2.3 예규 제423호).hwp",상주대학교 산업대학원 학생의 경북대학교 수료 및 학위수여에 관한 업무처리 지침 개정(안),기타,예규,423,header,2009-08-14,예규,412,제정,2009-08-14,2010-02-03,개정,2,8,0,2,0,6117,77,hwp5,olefile+zlib (BodyText PARA_TEXT),,ok,,2009-07-28 11:49:43,2010-02-02 11:13:59,143358,a023788dcc2c5e24c0caebd0b7cc2147,0,,"text/상주대학교 산업대학원 학생의 수료 및 학위수여에 관한 업무처리지침(개정, 2010.2.3 예규 제423호).txt"
522,"상주대학교 학생의 경북대학교 졸업에 관한 업무처리 지침(개정, 2010.2.3. 예규 제424호).hwp",상주대학교 학생의 경북대학교 졸업에 관한 업무처리 지침 개정(안),기타,예규,424,header,2008-08-13,예규,395,제정,2008-08-13,2010-02-03,개정,3,0,0,0,0,14545,0,hwp5,olefile+zlib (BodyText PARA_TEXT),,ok,,2006-11-02 02:12:36,2010-02-02 11:17:51,255998,805fed9a1e5caafa590cc32c02ca6874,0,,"text/상주대학교 학생의 경북대학교 졸업에 관한 업무처리 지침(개정, 2010.2.3. 예규 제424호).txt"
523,"상주대학교 학생의 경북대학교 졸업에 관한 특례규정(개정 2010.08.27, 규정 제1634호).hwp",상주대학교 학생의 경북대학교 졸업에 관한 특례 규정,규정,규정,1634,header,2008-08-07,규정,1486,제정,2008-08-07,2010-08-27,개정,3,10,0,3,0,2268,0,hwp5,olefile+zlib (BodyText PARA_TEXT),,ok,,2009-10-12 01:40:52,2010-08-27 09:16:28,413694,b1edc2791873daa7a449e3ce9c799bec,0,,"text/상주대학교 학생의 경북대학교 졸업에 관한 특례규정(개정 2010.08.27, 규정 제1634호).txt"
524,"세포.기질연구소규정(개정2006.10.04, 규정 제1320호).hwp",경북대학교 세포‧기질연구소 규정,규정,규정,1320,header,2004-01-19,규정,1169,제정,2004-01-19,2006-10-04,개정,2,10,6,2,0,1515,0,hwp5,olefile+zlib (BodyText PARA_TEXT),,ok,,2006-10-09 02:44:34,2006-10-09 04:52:03,48126,1eaafa7c8bbc0d319f183c07693a70a9,0,,"text/세포.기질연구소규정(개정2006.10.04, 규정 제1320호).txt"
525,소프트웨어기술연구소규정(제정1997.12.24).hwp,경북대학교소프트웨어기술연구소규정,규정,규정,905,header,1997-12-24,규정,905,제정,1997-12-24,1997-12-24,제정,1,10,5,1,0,1457,0,hwp3,LibreOffice hwpfilter (txt),"HWP 3.0: LibreOffice 변환 — 표·그리기개체 안의 텍스트가 누락될 수 있음; 원본 바이너리 스캔으로 7개 조각 복구(문서 끝 표식 아래, 위치 불확실)",ok,,,,57304,ef4f70c2b657a4eb61327dc0c060d010,0,,text/소프트웨어기술연구소규정(제정1997.12.24).txt
526,수험부정행위에관한처벌규정(개정1984.07.13).hwp,경북대학교수험부정행위에관한처벌규정,규정,규정,351,header,1974-10-01,규정,128,제정,1974-10-01,1984-07-13,개정,2,6,0,2,0,784,0,hwp3,LibreOffice hwpfilter (txt),"HWP 3.0: LibreOffice 변환 — 표·그리기개체 안의 텍스트가 누락될 수 있음; 본문이 비어 있는 조문(표 누락 의심): 제2조, 제6조; 원본 바이너리 스캔으로 4개 조각 복구(문서 끝 표식 아래, 위치 불확실)",ok,,,,51542,534ff20367920b73015a308f032d291b,0,,text/수험부정행위에관한처벌규정(개정1984.07.13).txt
527,시설물관리지침.hwp,경북대학교시설물관리지침,지침,예규,286,header,2003-05-13,예규,286,제정,2003-05-13,2003-05-13,제정,1,7,0,1,0,2388,0,hwp5,olefile+zlib (BodyText PARA_TEXT),,ok,,2012-02-03 06:36:40,2012-02-03 06:36:58,32766,245b369eb1d9c4843480b24c0ffb4d84,0,,text/시설물관리지침.txt
528,신문사사칙세부시행지침.hwp,경북대학교신문사사칙세부시행지침,지침,예규,207,header,1984-06-19,예규,34,제정,1984-06-19,1998-01-31,개정,3,3,0,3,0,636,0,hwp3,LibreOffice hwpfilter (txt),HWP 3.0: LibreOffice 변환 — 표·그리기개체 안의 텍스트가 누락될 수 있음,ok,,,,11304,ab2ca0f11d4b44c0ef17f5e4f735979a,0,,text/신문사사칙세부시행지침.txt
529,"실험동물자원관리센터 세칙(예규 제653호, 2017. 9. 11.) - 전문.hwp",경북대학교 실험동물자원관리센터 운영 세칙,세칙,예규,653,header,2011-04-11,예규,453,제정,2011-04-11,2017-09-11,개정,3,8,0,2,1,7349,0,hwp5,olefile+zlib (BodyText PARA_TEXT),머리말/꼬리말 문단 6개 본문에서 제외,ok,,2004-12-23 11:36:39,2017-09-13 09:31:41,37888,a992655d4d14ce0d3ea713dc2f01f114,0,,"text/실험동물자원관리센터 세칙(예규 제653호, 2017. 9. 11.) - 전문.txt"
530,심혈관연구소규정(제정1996.02.05).hwp,경북대학교심혈관연구소규정,규정,규정,785,header,1996-02-05,규정,785,제정,1996-02-05,1996-02-05,제정,1,10,5,1,0,1203,0,hwp3,LibreOffice hwpfilter (txt),"HWP 3.0: LibreOffice 변환 — 표·그리기개체 안의 텍스트가 누락될 수 있음; 본문이 비어 있는 조문(표 누락 의심): 제4조, 제5조, 제6조; 원본 바이너리 스캔으로 6개 조각 복구(문서 끝 표식 아래, 위치 불확실)",ok,,,,57346,5d2c2e5e9728f4f712923987a1f190ae,0,,text/심혈관연구소규정(제정1996.02.05).txt
531,약학연구소 규정(개정 2013.2.28. 규정 제1839호).hwp,경북대학교 약학연구소 규정,규정,규정,1839,header,2010-08-27,규정,1641,제정,2010-08-27,2013-02-28,개정,2,10,5,2,0,2550,0,hwp5,olefile+zlib (BodyText PARA_TEXT),,ok,,2013-02-28 08:59:06,2013-03-04 01:43:27,32256,80c187b5e75cde3bc591921bc3598016,0,,text/약학연구소 규정(개정 2013.2.28. 규정 제1839호).txt
532,에너지환경경제연구소규정(제정1998.02.20).hwp,경북대학교에너지환경경제연구소규정,규정,규정,908,header,1998-02-20,규정,908,제정,1998-02-20,1998-02-20,제정,1,11,6,1,0,1640,0,hwp3,LibreOffice hwpfilter (txt),"HWP 3.0: LibreOffice 변환 — 표·그리기개체 안의 텍스트가 누락될 수 있음; 본문이 비어 있는 조문(표 누락 의심): 제4조, 제5조, 제6조; 원본 바이너리 스캔으로 10개 조각 복구(문서 끝 표식 아래, 위치 불확실)",ok,,,,16402,c2fabfca2190f3ba07dc1d06c6ba0dab,0,,text/에너지환경경제연구소규정(제정1998.02.20).txt
533,연구소설립에관한지침.hwp,경북대학교연구소설립에관한지침,지침,예규,284,header,1995-05-18,예규,204,제정,1995-05-18,2003-04-29,개정,3,4,0,3,0,780,0,hwp3,LibreOffice hwpfilter (txt),"HWP 3.0: LibreOffice 변환 — 표·그리기개체 안의 텍스트가 누락될 수 있음; 본문이 비어 있는 조문(표 누락 의심): 제2조; 원본 바이너리 스캔으로 1개 조각 복구(문서 끝 표식 아래, 위치 불확실)",ok,,,,13126,a924d5e2c22e6e15c1d178f24f3c30ad,0,,text/연구소설립에관한지침.txt
534,예산집행심의위원회규정(개정1996.11.02).hwp,경북대학교예산집행심의위원회운영규정,규정,규정,843,header,1982-04-13,규정,289,제정,1982-04-13,1996-11-02,개정,2,11,0,2,0,1474,0,hwp5,olefile+zlib (BodyText PARA_TEXT),,ok,,2012-02-03 06:28:10,2012-02-03 06:29:38,56318,acc0d776851ee30c984c0bc7bf1a5272,0,,text/예산집행심의위원회규정(개정1996.11.02).txt
535,"울릉도.독도연구소규정(개정2006.10.04, 규정 제1319호).hwp",경북대학교 울릉도ㆍ독도연구소 규정,규정,규정,1319,header,2004-06-15,규정,1189,제정,2004-06-15,2006-10-04,개정,2,10,6,2,0,1963,0,hwp5,olefile+zlib (BodyText PARA_TEXT),,ok,,2004-06-15 07:53:30,2006-10-09 04:43:47,50174,6a486a25d95f4858a54f92577549ba1d,0,,"text/울릉도.독도연구소규정(개정2006.10.04, 규정 제1319호).txt"
536,이동네트워크정보보호기술연구소규정(제정2000.12.23).hwp,경북대학교이동네트워크정보보호기술연구소규정,규정,규정,1010,header,2000-12-23,규정,1010,제정,2000-12-23,2000-12-23,제정,1,13,7,1,0,1616,0,hwp3,LibreOffice hwpfilter (txt),"HWP 3.0: LibreOffice 변환 — 표·그리기개체 안의 텍스트가 누락될 수 있음; 본문이 비어 있는 조문(표 누락 의심): 제5조, 제6조; 원본 바이너리 스캔으로 8개 조각 복구(문서 끝 표식 아래, 위치 불확실)",ok,,,,59602,8f3b5839bba9ac1d542471f4550310f6,0,,text/이동네트워크정보보호기술연구소규정(제정2000.12.23).txt
537,자동차부품소재연구소규정(제정2004.08.11).hwp,경북대학교자동차부품소재연구소규정,규정,규정,1194,header,2004-08-11,규정,1194,제정,2004-08-11,2004-08-11,제정,1,10,6,1,0,1430,0,hwp5,olefile+zlib (BodyText PARA_TEXT),,ok,,2004-08-10 03:19:33,2004-08-12 00:46:29,25598,dd2490a57e2c0e2c444e219441c2c54f,0,,text/자동차부품소재연구소규정(제정2004.08.11).txt
538,재입학생의교과과정이수지침.hwp,경북대학교재입학생의교과과정이수지침,지침,예규,191,header,1996-09-24,예규,191,제정,1996-09-24,1996-09-24,제정,1,3,0,1,1,1221,0,hwp5,olefile+zlib (BodyText PARA_TEXT),,ok,,2006-05-09 06:18:50,2006-05-09 06:25:53,32766,18d4c6ded7436f851e7caca4ec621aed,0,,text/재입학생의교과과정이수지침.txt
539,전기안전관리지침.hwp,경북대학교전기안전관리지침,지침,예규,80,header,1985-11-01,예규,80,제정,1985-11-01,1985-11-01,제정,1,7,0,1,0,2037,0,hwp3,LibreOffice hwpfilter (txt),"HWP 3.0: LibreOffice 변환 — 표·그리기개체 안의 텍스트가 누락될 수 있음; 원본 바이너리 스캔으로 6개 조각 복구(문서 끝 표식 아래, 위치 불확실)",ok,,,,15734,7137e463187b2799939798f19eb9d8f8,0,,text/전기안전관리지침.txt
540,"정책연구과제수행지침(제정2007.01.10,예규제348호).hwp",경북대학교 정책연구과제 수행지침,지침,예규,348,header,2007-01-10,예규,348,제정,2007-01-10,2007-01-10,제정,1,4,0,1,0,772,0,hwp5,olefile+zlib (BodyText PARA_TEXT),,ok,,2004-10-06 04:41:33,2007-01-17 04:43:08,41982,a15b022e2910aa47bf99a9658160702a,0,,"text/정책연구과제수행지침(제정2007.01.10,예규제348호).txt"
541,제연구소규정개정에따른규정(제정2001.11.20).hwp,경북대학교제연구소규정개정에따른규정,규정,규정,1044,header,2001-11-20,규정,1044,제정,2001-11-20,2001-11-20,제정,1,47,0,1,0,6012,0,hwp3,LibreOffice hwpfilter (txt),HWP 3.0: LibreOffice 변환 — 표·그리기개체 안의 텍스트가 누락될 수 있음,ok,,,,18232,d82f06fc0aceb898421aae7357d9f54d,0,,text/제연구소규정개정에따른규정(제정2001.11.20).txt
542,지방대학혁신역량강화(NURI)사업단운영규정(개정2006.01.17).hwp,경북대학교지방대학혁신역량강화(NURI)사업단운영규정,규정,규정,1291,header,2004-09-24,규정,1211,제정,2004-09-24,2006-01-17,개정,2,8,0,2,0,4501,0,hwp5,olefile+zlib (BodyText PARA_TEXT),,ok,,2004-10-06 04:41:33,2006-01-17 11:30:01,30718,b2a76823bfd75885625fbd1fb1c085d2,0,,text/지방대학혁신역량강화(NURI)사업단운영규정(개정2006.01.17).txt
543,"첨단디스플레이제조공정및장비연구소규정(개정2006.08.07,규정제1308호).hwp",경북대학교첨단디스플레이제조공정및장비연구소규정,규정,규정,1308,header,1998-04-15,규정,922,제정,1998-04-15,2006-08-07,개정,3,14,8,3,0,2970,0,hwp5,olefile+zlib (BodyText PARA_TEXT),,ok,,2004-10-05 10:25:24,2006-08-07 06:39:25,27646,19d5b6439f34bb987f09e203eafe4d68,0,,"text/첨단디스플레이제조공정및장비연구소규정(개정2006.08.07,규정제1308호).txt"
544,퇴계연구소규정(개정1996.05.07).hwp,경북대학교퇴계연구소규정,규정,규정,806,header,1973-07-16,규정,112,제정,1973-07-16,1996-05-07,개정,6,9,5,6,0,1962,0,hwp3,LibreOffice hwpfilter (txt),"HWP 3.0: LibreOffice 변환 — 표·그리기개체 안의 텍스트가 누락될 수 있음; 본문이 비어 있는 조문(표 누락 의심): 제3조, 제4조, 제5조; 원본 바이너리 스캔으로 12개 조각 복구(문서 끝 표식 아래, 위치 불확실)",ok,,,,15922,b53c8e9944534e5f8d30cb1f0567e2c0,0,,text/퇴계연구소규정(개정1996.05.07).txt
545,평화문제연구소규정(개정1994.07.05).hwp,경북대학교평화문제연구소규정,규정,규정,700,header,1974-11-01,규정,129,제정,1974-11-01,1994-07-05,개정,4,12,3,4,0,2023,0,hwp5,olefile+zlib (BodyText PARA_TEXT),,ok,,2004-10-06 04:41:33,2005-03-03 15:51:16,27646,720133c7e06f78ab7b926cf23e10aed1,0,,text/평화문제연구소규정(개정1994.07.05).txt
546,"폐지된 법과대학 학생의 졸업증서 표기방법에 관한 지침(제정 2012.3.26, 예규 제485호).hwp",폐지된 법과대학 학생의 졸업증서 표기방법에 관한 지침,지침,예규,485,header,2012-03-26,예규,485,제정,2012-03-26,2012-03-26,제정,1,0,0,0,0,492,0,hwp5,olefile+zlib (BodyText PARA_TEXT),,ok,,2008-01-10 11:21:08,2012-03-25 06:37:05,21504,c3c89e70bc4e7f11b9692cf22aa4b35d,0,,"text/폐지된 법과대학 학생의 졸업증서 표기방법에 관한 지침(제정 2012.3.26, 예규 제485호).txt"
547,"학생생활관 민간투자시설사업 관리운영을 위한 업무분장 지침(제정, 2009.12.31. 예규 제422호).hwp",학생생활관 민간투자시설사업 관리․운영을 위한 업무분장 지침,지침,예규,422,header,2009-12-31,예규,422,제정,2009-12-31,2009-12-31,제정,1,25,0,1,0,3188,2,hwp5,olefile+zlib (BodyText PARA_TEXT),,ok,,2006-11-02 02:12:36,2012-02-03 06:41:18,239614,fe085d107e6f562372aed90fdb8fd5e8,0,,"text/학생생활관 민간투자시설사업 관리운영을 위한 업무분장 지침(제정, 2009.12.31. 예규 제422호).txt"
